week_end,item_id,item_short,is_food,item_category,n_quoting,mean_price,sd_price,sd_rel_price,min_price,max_price,cv,max_min_ratio
2025-05-15,1,Wheat flour 20kg,1,storable_staple,17,1509.5223529411765,105.02316003681112,0.06862130440291511,1393.3,1716.51,0.06957376936630477,1.2319744491495013
2025-05-15,2,Rice basmati broken,1,storable_staple,17,202.43176470588236,36.808889251662784,0.18182318469100564,140.0,271.7,0.1818335640414104,1.9407142857142856
2025-05-15,3,Rice IRRI-6/9,1,storable_staple,14,153.7507142857143,16.716763794414337,0.11526214297582064,116.57,174.55,0.10872641387115539,1.49738354636699
2025-05-15,4,Bread plain,1,prepared_food,17,108.99529411764706,6.079504623782126,0.056034010064576256,100.0,120.0,0.055777679880564805,1.2
2025-05-15,5,Beef with bone,1,perishable,17,1113.0982352941176,137.88863505721272,0.12086558599857293,900.0,1378.95,0.12387822627423173,1.5321666666666667
2025-05-15,6,Mutton,1,perishable,17,2039.0735294117646,227.02706479462924,0.11450624330872021,1600.0,2387.23,0.11133834141828244,1.49201875
2025-05-15,7,Chicken broiler (live),1,perishable,17,504.02941176470586,35.06760960462451,0.06768276575772585,466.66,586.59,0.06957453034704052,1.256996528521836
2025-05-15,8,Milk fresh,1,perishable,17,200.1794117647059,24.491862033793037,0.12483363201810722,160.0,243.29,0.12234955542072012,1.5205625
2025-05-15,9,Curd (dahi) loose,1,perishable,17,235.1305882352941,43.3990200739873,0.17652993161140784,170.0,335.48,0.18457411432390114,1.9734117647058824
2025-05-15,10,Powdered milk NIDO 390g,1,branded_packaged,17,1054.054705882353,32.1575267467912,0.03023815440690765,1016.4,1100.0,0.030508403944624507,1.0822510822510822
2025-05-15,11,Eggs (farm),1,perishable,17,288.8141176470588,11.722930552353116,0.04149107741232458,259.49,302.42,0.04058988060507124,1.165439901344946
2025-05-15,12,Mustard oil (avg quality),1,storable_staple,17,534.3100000000001,74.28660436108247,0.14454080835617683,380.0,643.22,0.1390327793997538,1.6926842105263158
2025-05-15,13,Cooking oil 5L tin (brand),1,branded_packaged,17,2900.769411764706,34.11130539692599,0.011789839943317457,2832.18,2945.0,0.011759399164435518,1.0398350387334139
2025-05-15,14,Vegetable ghee 2.5kg tin (brand),1,branded_packaged,17,1472.1176470588234,21.9550049901531,0.014898559216671353,1425.0,1525.0,0.014913892944641682,1.0701754385964912
2025-05-15,15,Vegetable ghee 1kg pouch (brand),1,branded_packaged,17,568.1564705882353,8.854050585167554,0.015673028641304133,550.0,579.0,0.015583824251795636,1.0527272727272727
2025-05-15,16,Bananas,1,perishable,17,182.72176470588235,55.59389458781582,0.2943294150911422,106.27,294.35,0.3042543655229162,2.7698315611179076
2025-05-15,17,Pulse masoor,1,storable_staple,17,295.7711764705882,26.46573772879591,0.08625688884229618,263.29,348.79,0.08948044919254561,1.3247369820350183
2025-05-15,18,Pulse moong,1,storable_staple,17,399.8794117647059,17.738830101851494,0.04366975785241419,371.66,439.95,0.04436044862517015,1.1837432061561641
2025-05-15,19,Pulse mash,1,storable_staple,17,457.89,30.484888879574406,0.06715678699807837,410.04,503.75,0.06657688283119179,1.2285386791532533
2025-05-15,20,Pulse gram,1,storable_staple,17,315.8141176470588,29.387494801961136,0.09109279289604386,274.72,373.21,0.09305313841227142,1.358510483401281
2025-05-15,21,Potatoes,1,perishable,17,63.262352941176474,11.279416834111908,0.16878385346014865,48.27,92.83,0.17829587913999817,1.9231406670810025
2025-05-15,22,Onions,1,perishable,17,47.36058823529412,10.804743443615534,0.2251949621643194,28.23,71.21,0.22813786412314047,2.522493800921006
2025-05-15,23,Tomatoes,1,perishable,17,48.72117647058823,16.258772971211933,0.4424551316571811,13.1,72.62,0.3337105987378394,5.54351145038168
2025-05-15,24,Sugar refined,1,storable_staple,17,175.23058823529414,3.6976791210640445,0.021145122802817988,170.0,181.1,0.021101790265629406,1.0652941176470587
2025-05-15,25,Gur,1,storable_staple,17,219.3229411764706,21.80450405441096,0.09866777172898811,183.27,260.2,0.09941734292568473,1.4197631909204997
2025-05-15,26,Salt powdered 800g (brand),1,branded_packaged,17,72.70764705882353,4.067953308194064,0.054578427688005915,70.0,80.0,0.05594945611295769,1.1428571428571428
2025-05-15,27,Chilli powder 200g (brand),1,branded_packaged,17,320.0,0.0,0.0,320.0,320.0,0.0,1.0
2025-05-15,28,Garlic,1,perishable,17,385.3094117647059,117.7806943258629,0.3017135818092554,229.58,582.85,0.30567821789359034,2.538766443069954
2025-05-15,29,Tea Lipton 190g,1,branded_packaged,17,447.0676470588235,0.11393690204256549,0.0002547447522355387,447.0,447.5,0.00025485382982225527,1.0011185682326622
2025-05-15,30,Cooked beef (hotel plate),1,prepared_food,17,312.0464705882353,58.23697943974006,0.1925293425033106,200.0,450.0,0.18662918804996634,2.25
2025-05-15,31,Cooked daal (hotel plate),1,prepared_food,17,167.20176470588234,32.215065814633626,0.18647851445069127,120.0,241.4,0.1926718050572122,2.0116666666666667
2025-05-15,32,Tea prepared (cup),1,prepared_food,17,61.87705882352942,9.705551739021512,0.16066463089959998,47.37,76.52,0.15685218275647697,1.6153683766096685
2025-05-15,33,Cigarettes Capstan 20s,0,other_nonfood,17,240.16117647058823,9.203039499502964,0.03880694083139975,220.0,250.0,0.038320263228016085,1.1363636363636365
2025-05-15,34,Long cloth 57in (brand),0,other_nonfood,17,665.7623529411765,112.91367662563138,0.18915687482103374,400.0,800.0,0.16960057312764257,2.0
2025-05-15,35,Shirting,0,other_nonfood,17,525.7623529411766,164.01578923724884,0.35913391151840035,229.58,866.35,0.31195803259728505,3.773630107152191
2025-05-15,36,Lawn printed (brand),0,other_nonfood,17,665.2829411764706,105.20538815601998,0.17719422647473754,400.0,818.89,0.15813630809468415,2.047225
2025-05-15,37,Georgette,0,other_nonfood,17,307.5352941176471,59.39212954146865,0.2011954647089055,206.46,400.0,0.19312297052561483,1.9374212922600018
2025-05-15,38,Gents sandal Bata,0,other_nonfood,17,2499.0,0.0,0.0,2499.0,2499.0,0.0,1.0
2025-05-15,39,Gents sponge chappal Bata,0,other_nonfood,17,599.0,0.0,0.0,599.0,599.0,0.0,1.0
2025-05-15,40,Ladies sandal Bata,0,other_nonfood,17,1399.0,0.0,0.0,1399.0,1399.0,0.0,1.0
2025-05-15,41,Electricity Q1,0,administered_utility,17,4.85,0.0,0.0,4.85,4.85,0.0,1.0
2025-05-15,42,Gas Q1,0,administered_utility,16,1976.5,0.0,0.0,1976.5,1976.5,0.0,1.0
2025-05-15,43,Firewood,0,other_nonfood,17,1359.0764705882352,346.01024574680537,0.2605633492435308,849.02,2089.01,0.25459218317350846,2.46049563025606
2025-05-15,44,Energy saver bulb (brand),0,other_nonfood,17,397.7158823529412,117.23842064671162,0.2915250482623835,250.0,580.0,0.29477932828106634,2.32
2025-05-15,45,Washing soap Sufi (brand),0,other_nonfood,17,132.11764705882354,5.7105423663297525,0.04332478355248645,120.0,140.0,0.043223161276761256,1.1666666666666667
2025-05-15,46,Match box,0,other_nonfood,17,6.285294117647059,0.7513830385284429,0.1251194530999014,5.0,7.0,0.11954620173124501,1.4
2025-05-15,47,Petrol super,0,administered_utility,17,253.79470588235296,0.38547239925608007,0.0015168121148417288,253.55,254.8,0.001518835461582743,1.004929994084007
2025-05-15,48,Hi-speed diesel,0,administered_utility,17,257.7964705882353,0.43497041819631566,0.00168494979234812,257.3,258.89,0.0016872628907750678,1.006179556937427
2025-05-15,49,LPG 11.67kg cylinder,0,administered_utility,17,3240.6970588235295,235.45985368435691,0.07208999498361458,2884.95,3734.0,0.07265716276788795,1.2943031941628105
2025-05-15,50,Telephone call charges,0,administered_utility,17,1.79,0.0,0.0,1.79,1.79,0.0,1.0
2025-05-15,51,Toilet soap Lifebuoy (brand),0,other_nonfood,17,111.72176470588235,7.393679086975341,0.06811896446151676,99.74,119.6,0.06617939759938335,1.1991177060356928
2025-07-17,1,Wheat flour 20kg,1,storable_staple,17,1503.6658823529413,93.13379978952484,0.061392276656111085,1380.0,1674.92,0.0619378286642966,1.2137101449275363
2025-07-17,2,Rice basmati broken,1,storable_staple,17,210.0458823529412,39.42797849541989,0.18727197113456504,140.0,279.32,0.187711266004105,1.995142857142857
2025-07-17,3,Rice IRRI-6/9,1,storable_staple,14,155.36999999999998,19.24219761957477,0.1297241699927043,116.57,178.64,0.12384757430375731,1.5324697606588316
2025-07-17,4,Bread plain,1,prepared_food,17,108.99529411764706,6.079504623782126,0.056034010064576256,100.0,120.0,0.055777679880564805,1.2
2025-07-17,5,Beef with bone,1,perishable,17,1114.7664705882353,137.8100265737755,0.12065262939178151,900.0,1378.95,0.12362232827208777,1.5321666666666667
2025-07-17,6,Mutton,1,perishable,17,2058.4170588235297,228.2899100312119,0.11464927025904,1600.0,2387.23,0.11090556651414898,1.49201875
2025-07-17,7,Chicken broiler (live),1,perishable,17,460.36764705882354,19.620563042829527,0.0434198837610128,411.0,492.45,0.042619335151330706,1.1981751824817517
2025-07-17,8,Milk fresh,1,perishable,17,202.30588235294115,22.0859621872196,0.10912475336880907,170.0,243.29,0.10917113200242302,1.4311176470588234
2025-07-17,9,Curd (dahi) loose,1,perishable,17,238.9664705882353,40.280038781817304,0.15861892019526136,180.0,335.48,0.16855937438697877,1.863777777777778
2025-07-17,10,Powdered milk NIDO 390g,1,branded_packaged,17,1080.8517647058823,35.78737892667153,0.03343783013512714,1016.4,1128.64,0.03311034879645117,1.1104289649744197
2025-07-17,11,Eggs (farm),1,perishable,17,274.0335294117647,11.654836410894227,0.0421172006776609,260.0,300.0,0.0425306948237768,1.1538461538461537
2025-07-17,12,Mustard oil (avg quality),1,storable_staple,17,532.2705882352941,74.16805810712826,0.1422592789106585,400.0,643.22,0.13934276991149797,1.60805
2025-07-17,13,Cooking oil 5L tin (brand),1,branded_packaged,17,2873.1029411764707,36.947075622555346,0.012667765139913224,2817.75,3000.0,0.012859642128738469,1.0646792653713069
2025-07-17,14,Vegetable ghee 2.5kg tin (brand),1,branded_packaged,17,1461.7617647058823,13.849446846035988,0.009499044009151001,1425.0,1485.0,0.0094744897427404,1.0421052631578946
2025-07-17,15,Vegetable ghee 1kg pouch (brand),1,branded_packaged,17,568.515294117647,7.438681097519138,0.01314481490764269,550.0,580.0,0.013084399266802833,1.0545454545454545
2025-07-17,16,Bananas,1,perishable,17,178.29647058823528,50.886272822488245,0.2565938514489303,111.22,293.84,0.2854025806265507,2.641970868548822
2025-07-17,17,Pulse masoor,1,storable_staple,17,297.55470588235295,27.029242524913418,0.08778667276775087,266.62,353.83,0.09083789296748755,1.3270947415797765
2025-07-17,18,Pulse moong,1,storable_staple,17,400.23117647058825,25.027936861223925,0.062058187971892914,360.0,449.95,0.0625337013521313,1.249861111111111
2025-07-17,19,Pulse mash,1,storable_staple,17,457.3305882352941,36.85362100095936,0.07970333493672235,408.34,530.0,0.08058420308855084,1.2979379928490964
2025-07-17,20,Pulse gram,1,storable_staple,17,315.19117647058823,30.21154619560891,0.09519613657904821,274.72,364.63,0.09585149728462679,1.3272786837507278
2025-07-17,21,Potatoes,1,perishable,17,87.2435294117647,16.524991657023797,0.20218188043526278,60.0,109.46,0.18941223227032147,1.8243333333333331
2025-07-17,22,Onions,1,perishable,17,58.760588235294115,11.426158294998055,0.18936744517388915,40.0,80.0,0.1944527554633127,2.0
2025-07-17,23,Tomatoes,1,perishable,17,83.43176470588234,20.653317903939232,0.27419554520693284,39.47,122.07,0.24754741766217336,3.092728654674436
2025-07-17,24,Sugar refined,1,storable_staple,17,188.10117647058823,4.84645989660616,0.02584317667136251,180.0,196.23,0.02576517588854081,1.0901666666666665
2025-07-17,25,Gur,1,storable_staple,17,240.52294117647057,20.931148369328035,0.08781888031359827,200.0,274.63,0.08702350082261362,1.3731499999999999
2025-07-17,26,Salt powdered 800g (brand),1,branded_packaged,17,72.70764705882353,4.067953308194064,0.054578427688005915,70.0,80.0,0.05594945611295769,1.1428571428571428
2025-07-17,27,Chilli powder 200g (brand),1,branded_packaged,17,320.0,0.0,0.0,320.0,320.0,0.0,1.0
2025-07-17,28,Garlic,1,perishable,17,378.44529411764705,75.6421906178727,0.1854369103778908,273.17,582.85,0.19987615592957503,2.1336530365706334
2025-07-17,29,Tea Lipton 190g,1,branded_packaged,17,447.0676470588235,0.11393690204256549,0.0002547447522355387,447.0,447.5,0.00025485382982225527,1.0011185682326622
2025-07-17,30,Cooked beef (hotel plate),1,prepared_food,17,313.0064705882353,58.9351899272812,0.194587048467893,200.0,450.0,0.18828744919082305,2.25
2025-07-17,31,Cooked daal (hotel plate),1,prepared_food,17,169.96117647058824,32.15220169023283,0.18723602779901657,120.0,241.4,0.1891738004990614,2.0116666666666667
2025-07-17,32,Tea prepared (cup),1,prepared_food,17,62.181176470588234,10.204942970414471,0.16662151627100988,47.37,80.0,0.16411627359996028,1.6888325944690734
2025-07-17,33,Cigarettes Capstan 20s,0,other_nonfood,17,241.32529411764705,8.388093583800089,0.035409739485946494,220.0,250.0,0.03475845171750152,1.1363636363636365
2025-07-17,34,Long cloth 57in (brand),0,other_nonfood,17,666.9276470588236,111.32960211290461,0.18629029909897687,400.0,800.0,0.16692905535386396,2.0
2025-07-17,35,Shirting,0,other_nonfood,17,527.2047058823529,163.28841401480565,0.3576769848190821,229.58,866.35,0.3097248795257224,3.773630107152191
2025-07-17,36,Lawn printed (brand),0,other_nonfood,17,665.6358823529412,105.39175317943662,0.17745746379142532,400.0,818.89,0.15833243966189098,2.047225
2025-07-17,37,Georgette,0,other_nonfood,17,307.5352941176471,59.39212954146865,0.2011954647089055,206.46,400.0,0.19312297052561483,1.9374212922600018
2025-07-17,38,Gents sandal Bata,0,other_nonfood,17,2499.0,0.0,0.0,2499.0,2499.0,0.0,1.0
2025-07-17,39,Gents sponge chappal Bata,0,other_nonfood,17,599.0,0.0,0.0,599.0,599.0,0.0,1.0
2025-07-17,40,Ladies sandal Bata,0,other_nonfood,17,1399.0,0.0,0.0,1399.0,1399.0,0.0,1.0
2025-07-17,41,Electricity Q1,0,administered_utility,17,4.66,0.0,0.0,4.66,4.66,0.0,1.0
2025-07-17,42,Gas Q1,0,administered_utility,16,1976.5,0.0,0.0,1976.5,1976.5,0.0,1.0
2025-07-17,43,Firewood,0,other_nonfood,17,1364.1364705882352,339.7359036248078,0.25395161866523797,849.02,2089.01,0.249048325405675,2.46049563025606
2025-07-17,44,Energy saver bulb (brand),0,other_nonfood,17,400.49529411764706,117.06926524058562,0.2920774951459824,250.0,580.0,0.2923112130406108,2.32
2025-07-17,45,Washing soap Sufi (brand),0,other_nonfood,17,132.11764705882354,5.7105423663297525,0.04332478355248645,120.0,140.0,0.043223161276761256,1.1666666666666667
2025-07-17,46,Match box,0,other_nonfood,17,6.285294117647059,0.7513830385284429,0.1251194530999014,5.0,7.0,0.11954620173124501,1.4
2025-07-17,47,Petrol super,0,administered_utility,17,273.3417647058824,0.39696088116648215,0.0014505176031359044,273.06,274.3,0.001452251109864659,1.004541126492346
2025-07-17,48,Hi-speed diesel,0,administered_utility,17,285.5070588235294,0.3858880133193169,0.0013503241040283213,285.01,286.4,0.0013515883456942214,1.004877021858882
2025-07-17,49,LPG 11.67kg cylinder,0,administered_utility,17,3133.5794117647056,224.04464026368134,0.07135563256056571,2750.0,3520.0,0.07149799345200204,1.28
2025-07-17,50,Telephone call charges,0,administered_utility,17,1.79,0.0,0.0,1.79,1.79,0.0,1.0
2025-07-17,51,Toilet soap Lifebuoy (brand),0,other_nonfood,17,110.86411764705883,7.858944791464959,0.07250617366172758,99.74,119.6,0.07088808316216687,1.1991177060356928
2025-07-24,1,Wheat flour 20kg,1,storable_staple,17,1486.244705882353,100.40144590079663,0.06675666878943072,1354.25,1669.91,0.0675537786633799,1.2330884253276722
2025-07-24,2,Rice basmati broken,1,storable_staple,17,210.9629411764706,39.39214162823371,0.18731468692867043,140.0,279.32,0.18672540972626167,1.995142857142857
2025-07-24,3,Rice IRRI-6/9,1,storable_staple,14,155.61285714285714,19.549752085215975,0.13134794093285065,116.57,180.0,0.12563069944322616,1.5441365703011067
2025-07-24,4,Bread plain,1,prepared_food,17,108.99529411764706,6.079504623782126,0.056034010064576256,100.0,120.0,0.055777679880564805,1.2
2025-07-24,5,Beef with bone,1,perishable,17,1119.629411764706,136.20857799119102,0.11917109015501708,900.0,1378.95,0.12165505528879025,1.5321666666666667
2025-07-24,6,Mutton,1,perishable,17,2058.4170588235297,228.2899100312119,0.11464927025904,1600.0,2387.23,0.11090556651414898,1.49201875
2025-07-24,7,Chicken broiler (live),1,perishable,17,424.03470588235297,24.335978539409265,0.0564855127927628,397.0,472.45,0.057391478107363225,1.1900503778337532
2025-07-24,8,Milk fresh,1,perishable,17,202.67823529411766,22.591066053667685,0.11125308206071874,170.0,243.29,0.1114627134032647,1.4311176470588234
2025-07-24,9,Curd (dahi) loose,1,perishable,17,239.38941176470587,40.40128764510301,0.1592505177137501,180.0,335.48,0.16876806433198951,1.863777777777778
2025-07-24,10,Powdered milk NIDO 390g,1,branded_packaged,17,1084.0017647058824,35.38881218607342,0.032992835670403176,1016.4,1137.98,0.03264645255967394,1.1196182605273515
2025-07-24,11,Eggs (farm),1,perishable,17,284.85411764705884,11.419420442180666,0.040169442830395245,270.0,300.0,0.0400886620018237,1.1111111111111112
2025-07-24,12,Mustard oil (avg quality),1,storable_staple,17,531.4811764705883,74.26727853522983,0.14230745741004258,400.0,643.22,0.13973642308165496,1.60805
2025-07-24,13,Cooking oil 5L tin (brand),1,branded_packaged,17,2873.1029411764707,36.947075622555346,0.012667765139913224,2817.75,3000.0,0.012859642128738469,1.0646792653713069
2025-07-24,14,Vegetable ghee 2.5kg tin (brand),1,branded_packaged,17,1461.7617647058823,13.849446846035988,0.009499044009151001,1425.0,1485.0,0.0094744897427404,1.0421052631578946
2025-07-24,15,Vegetable ghee 1kg pouch (brand),1,branded_packaged,17,568.515294117647,7.438681097519138,0.01314481490764269,550.0,580.0,0.013084399266802833,1.0545454545454545
2025-07-24,16,Bananas,1,perishable,17,172.61588235294116,45.24134268824582,0.24478904183257066,111.22,279.15,0.2620925842486647,2.509890307498651
2025-07-24,17,Pulse masoor,1,storable_staple,17,297.63,27.304113701052437,0.0888163643962804,266.62,353.83,0.09173844606072115,1.3270947415797765
2025-07-24,18,Pulse moong,1,storable_staple,17,398.59941176470585,26.559615601178287,0.06636725105257996,350.0,449.95,0.06663235021745714,1.2855714285714286
2025-07-24,19,Pulse mash,1,storable_staple,17,457.3305882352941,36.85362100095936,0.07970333493672235,408.34,530.0,0.08058420308855084,1.2979379928490964
2025-07-24,20,Pulse gram,1,storable_staple,17,314.2435294117647,30.679391482959787,0.0968844094520159,274.72,364.63,0.09762934988793187,1.3272786837507278
2025-07-24,21,Potatoes,1,perishable,17,85.09235294117647,13.09978173931333,0.16149662267912257,60.0,104.83,0.15394781418688802,1.7471666666666665
2025-07-24,22,Onions,1,perishable,17,56.68,9.217109091249815,0.15998861327219985,40.0,76.52,0.1626166035859177,1.9129999999999998
2025-07-24,23,Tomatoes,1,perishable,17,101.95647058823529,22.125073147104086,0.25050642845521315,52.28,132.06,0.21700509069658877,2.5260137719969395
2025-07-24,24,Sugar refined,1,storable_staple,17,180.08882352941177,4.151391155915298,0.02303393357961987,173.0,188.88,0.023051908911145173,1.0917919075144509
2025-07-24,25,Gur,1,storable_staple,17,240.11823529411765,21.413712381116373,0.09006348155271714,200.0,274.63,0.08917986738860961,1.3731499999999999
2025-07-24,26,Salt powdered 800g (brand),1,branded_packaged,17,72.70764705882353,4.067953308194064,0.054578427688005915,70.0,80.0,0.05594945611295769,1.1428571428571428
2025-07-24,27,Chilli powder 200g (brand),1,branded_packaged,17,320.0,0.0,0.0,320.0,320.0,0.0,1.0
2025-07-24,28,Garlic,1,perishable,17,382.5623529411764,69.40368744971441,0.16860068489529598,293.18,582.85,0.1814179751774636,1.9880278327307457
2025-07-24,29,Tea Lipton 190g,1,branded_packaged,17,447.0676470588235,0.11393690204256549,0.0002547447522355387,447.0,447.5,0.00025485382982225527,1.0011185682326622
2025-07-24,30,Cooked beef (hotel plate),1,prepared_food,17,313.0064705882353,58.9351899272812,0.194587048467893,200.0,450.0,0.18828744919082305,2.25
2025-07-24,31,Cooked daal (hotel plate),1,prepared_food,17,169.96117647058824,32.15220169023283,0.18723602779901657,120.0,241.4,0.1891738004990614,2.0116666666666667
2025-07-24,32,Tea prepared (cup),1,prepared_food,17,62.181176470588234,10.204942970414471,0.16662151627100988,47.37,80.0,0.16411627359996028,1.6888325944690734
2025-07-24,33,Cigarettes Capstan 20s,0,other_nonfood,17,242.50176470588235,6.36995215375881,0.026443745070734135,230.0,250.0,0.026267652779700758,1.0869565217391304
2025-07-24,34,Long cloth 57in (brand),0,other_nonfood,17,666.9276470588236,111.32960211290461,0.18629029909897687,400.0,800.0,0.16692905535386396,2.0
2025-07-24,35,Shirting,0,other_nonfood,17,527.2047058823529,163.28841401480565,0.3576769848190821,229.58,866.35,0.3097248795257224,3.773630107152191
2025-07-24,36,Lawn printed (brand),0,other_nonfood,17,665.6358823529412,105.39175317943662,0.17745746379142532,400.0,818.89,0.15833243966189098,2.047225
2025-07-24,37,Georgette,0,other_nonfood,17,307.5352941176471,59.39212954146865,0.2011954647089055,206.46,400.0,0.19312297052561483,1.9374212922600018
2025-07-24,38,Gents sandal Bata,0,other_nonfood,17,2499.0,0.0,0.0,2499.0,2499.0,0.0,1.0
2025-07-24,39,Gents sponge chappal Bata,0,other_nonfood,17,599.0,0.0,0.0,599.0,599.0,0.0,1.0
2025-07-24,40,Ladies sandal Bata,0,other_nonfood,17,1399.0,0.0,0.0,1399.0,1399.0,0.0,1.0
2025-07-24,41,Electricity Q1,0,administered_utility,17,5.66,0.0,0.0,5.66,5.66,0.0,1.0
2025-07-24,42,Gas Q1,0,administered_utility,17,2566.5,0.0,0.0,2566.5,2566.5,0.0,1.0
2025-07-24,43,Firewood,0,other_nonfood,17,1364.1364705882352,339.7359036248078,0.25395161866523797,849.02,2089.01,0.249048325405675,2.46049563025606
2025-07-24,44,Energy saver bulb (brand),0,other_nonfood,17,401.4747058823529,117.27672771684325,0.2928874972445251,250.0,580.0,0.2921148605342268,2.32
2025-07-24,45,Washing soap Sufi (brand),0,other_nonfood,17,132.11764705882354,5.7105423663297525,0.04332478355248645,120.0,140.0,0.043223161276761256,1.1666666666666667
2025-07-24,46,Match box,0,other_nonfood,17,6.285294117647059,0.7513830385284429,0.1251194530999014,5.0,7.0,0.11954620173124501,1.4
2025-07-24,47,Petrol super,0,administered_utility,17,273.3417647058824,0.39696088116648215,0.0014505176031359044,273.06,274.3,0.001452251109864659,1.004541126492346
2025-07-24,48,Hi-speed diesel,0,administered_utility,17,285.5070588235294,0.3858880133193169,0.0013503241040283213,285.01,286.4,0.0013515883456942214,1.004877021858882
2025-07-24,49,LPG 11.67kg cylinder,0,administered_utility,17,3066.1758823529412,188.18842296548218,0.0614369402807312,2750.0,3384.0,0.061375612550010984,1.2305454545454546
2025-07-24,50,Telephone call charges,0,administered_utility,17,1.79,0.0,0.0,1.79,1.79,0.0,1.0
2025-07-24,51,Toilet soap Lifebuoy (brand),0,other_nonfood,17,110.7464705882353,7.743664298296118,0.07154605871304134,99.74,119.6,0.06992244770569452,1.1991177060356928
2025-07-31,1,Wheat flour 20kg,1,storable_staple,17,1477.429411764706,98.2966600698231,0.06549612165124769,1354.25,1669.91,0.06653222095559429,1.2330884253276722
2025-07-31,2,Rice basmati broken,1,storable_staple,17,210.9629411764706,39.39214162823371,0.18731468692867043,140.0,279.32,0.18672540972626167,1.995142857142857
2025-07-31,3,Rice IRRI-6/9,1,storable_staple,14,155.43714285714285,19.648378844291233,0.13194314765075593,116.57,180.0,0.1264072311361861,1.5441365703011067
2025-07-31,4,Bread plain,1,prepared_food,17,108.99529411764706,6.079504623782126,0.056034010064576256,100.0,120.0,0.055777679880564805,1.2
2025-07-31,5,Beef with bone,1,perishable,17,1120.770588235294,135.94941271804885,0.11893728722457102,900.0,1378.95,0.12129994679116944,1.5321666666666667
2025-07-31,6,Mutton,1,perishable,17,2061.1076470588237,227.561288434825,0.11436676920743176,1600.0,2387.23,0.11040727967777533,1.49201875
2025-07-31,7,Chicken broiler (live),1,perishable,17,403.7852941176471,21.648856816714094,0.05251233364636322,375.0,453.31,0.05361477283124252,1.2088266666666667
2025-07-31,8,Milk fresh,1,perishable,17,202.67823529411766,22.591066053667685,0.11125308206071874,170.0,243.29,0.1114627134032647,1.4311176470588234
2025-07-31,9,Curd (dahi) loose,1,perishable,17,239.38941176470587,40.40128764510301,0.1592505177137501,180.0,335.48,0.16876806433198951,1.863777777777778
2025-07-31,10,Powdered milk NIDO 390g,1,branded_packaged,17,1089.3035294117647,35.32820260450158,0.03286149451725103,1016.4,1140.65,0.03243191787286247,1.122245179063361
2025-07-31,11,Eggs (farm),1,perishable,17,289.89235294117645,9.362277053027595,0.032510303261099834,273.85,301.33,0.032295702035739254,1.1003469052400947
2025-07-31,12,Mustard oil (avg quality),1,storable_staple,17,531.4811764705883,74.26727853522983,0.14230745741004258,400.0,643.22,0.13973642308165496,1.60805
2025-07-31,13,Cooking oil 5L tin (brand),1,branded_packaged,17,2873.1029411764707,36.947075622555346,0.012667765139913224,2817.75,3000.0,0.012859642128738469,1.0646792653713069
2025-07-31,14,Vegetable ghee 2.5kg tin (brand),1,branded_packaged,17,1461.7617647058823,13.849446846035988,0.009499044009151001,1425.0,1485.0,0.0094744897427404,1.0421052631578946
2025-07-31,15,Vegetable ghee 1kg pouch (brand),1,branded_packaged,17,568.515294117647,7.438681097519138,0.01314481490764269,550.0,580.0,0.013084399266802833,1.0545454545454545
2025-07-31,16,Bananas,1,perishable,17,167.33470588235295,42.46352053787566,0.24268351289058865,106.27,263.63,0.2537639774962777,2.4807565634704054
2025-07-31,17,Pulse masoor,1,storable_staple,17,296.80411764705883,25.58662518260846,0.08404330544121431,266.62,347.14,0.08620710987923186,1.3020028504988372
2025-07-31,18,Pulse moong,1,storable_staple,17,392.6870588235294,29.84990824205032,0.07608474387780421,340.0,449.95,0.07601449442077143,1.3233823529411763
2025-07-31,19,Pulse mash,1,storable_staple,17,454.3841176470588,34.327998605151656,0.0756041898010611,403.31,509.96,0.07554841217363104,1.264436785599167
2025-07-31,20,Pulse gram,1,storable_staple,17,312.37117647058824,29.93670800254114,0.09471758024417248,274.72,364.63,0.09583697299087988,1.3272786837507278
2025-07-31,21,Potatoes,1,perishable,17,84.65764705882353,13.989001273059031,0.1762904655900814,60.0,100.0,0.16524202785058403,1.6666666666666667
2025-07-31,22,Onions,1,perishable,17,56.69764705882353,9.082727102453703,0.1614143659774491,40.0,75.39,0.16019583833929507,1.88475
2025-07-31,23,Tomatoes,1,perishable,17,84.7664705882353,21.035723763747846,0.2649879927503425,44.81,122.82,0.24816090156604192,2.7409060477571967
2025-07-31,24,Sugar refined,1,storable_staple,17,179.3729411764706,4.240911996118709,0.023728171650793644,173.0,185.0,0.02364298632950673,1.069364161849711
2025-07-31,25,Gur,1,storable_staple,17,240.22529411764705,21.53072575345728,0.09050442292572139,200.0,274.63,0.08962722194821375,1.3731499999999999
2025-07-31,26,Salt powdered 800g (brand),1,branded_packaged,17,72.70764705882353,4.067953308194064,0.054578427688005915,70.0,80.0,0.05594945611295769,1.1428571428571428
2025-07-31,27,Chilli powder 200g (brand),1,branded_packaged,17,320.0,0.0,0.0,320.0,320.0,0.0,1.0
2025-07-31,28,Garlic,1,perishable,17,383.4729411764706,69.04557668351264,0.1689515965388928,280.0,582.85,0.18005332128959398,2.081607142857143
2025-07-31,29,Tea Lipton 190g,1,branded_packaged,17,447.0676470588235,0.11393690204256549,0.0002547447522355387,447.0,447.5,0.00025485382982225527,1.0011185682326622
2025-07-31,30,Cooked beef (hotel plate),1,prepared_food,17,315.9476470588235,56.803388931626685,0.1873285809811874,200.0,450.0,0.1797873459746037,2.25
2025-07-31,31,Cooked daal (hotel plate),1,prepared_food,17,169.96117647058824,32.15220169023283,0.18723602779901657,120.0,241.4,0.1891738004990614,2.0116666666666667
2025-07-31,32,Tea prepared (cup),1,prepared_food,17,62.181176470588234,10.204942970414471,0.16662151627100988,47.37,80.0,0.16411627359996028,1.6888325944690734
2025-07-31,33,Cigarettes Capstan 20s,0,other_nonfood,17,242.80529411764704,6.355581324362729,0.026398479738679897,230.0,250.0,0.026175629108330906,1.0869565217391304
2025-07-31,34,Long cloth 57in (brand),0,other_nonfood,17,666.9276470588236,111.32960211290461,0.18629029909897687,400.0,800.0,0.16692905535386396,2.0
2025-07-31,35,Shirting,0,other_nonfood,17,527.2047058823529,163.28841401480565,0.3576769848190821,229.58,866.35,0.3097248795257224,3.773630107152191
2025-07-31,36,Lawn printed (brand),0,other_nonfood,17,665.6358823529412,105.39175317943662,0.17745746379142532,400.0,818.89,0.15833243966189098,2.047225
2025-07-31,37,Georgette,0,other_nonfood,17,307.5352941176471,59.39212954146865,0.2011954647089055,206.46,400.0,0.19312297052561483,1.9374212922600018
2025-07-31,38,Gents sandal Bata,0,other_nonfood,17,2499.0,0.0,0.0,2499.0,2499.0,0.0,1.0
2025-07-31,39,Gents sponge chappal Bata,0,other_nonfood,17,599.0,0.0,0.0,599.0,599.0,0.0,1.0
2025-07-31,40,Ladies sandal Bata,0,other_nonfood,17,1399.0,0.0,0.0,1399.0,1399.0,0.0,1.0
2025-07-31,41,Electricity Q1,0,administered_utility,17,5.66,0.0,0.0,5.66,5.66,0.0,1.0
2025-07-31,42,Gas Q1,0,administered_utility,17,2566.5,0.0,0.0,2566.5,2566.5,0.0,1.0
2025-07-31,43,Firewood,0,other_nonfood,17,1375.9135294117646,328.3317574104958,0.24318919198483144,849.02,2089.01,0.23862819166467922,2.46049563025606
2025-07-31,44,Energy saver bulb (brand),0,other_nonfood,17,402.6511764705882,117.9456379482913,0.2947968155954902,250.0,575.0,0.29292262096968363,2.3
2025-07-31,45,Washing soap Sufi (brand),0,other_nonfood,17,132.11764705882354,5.7105423663297525,0.04332478355248645,120.0,140.0,0.043223161276761256,1.1666666666666667
2025-07-31,46,Match box,0,other_nonfood,17,6.285294117647059,0.7513830385284429,0.1251194530999014,5.0,7.0,0.11954620173124501,1.4
2025-07-31,47,Petrol super,0,administered_utility,17,273.3417647058824,0.39696088116648215,0.0014505176031359044,273.06,274.3,0.001452251109864659,1.004541126492346
2025-07-31,48,Hi-speed diesel,0,administered_utility,17,285.5070588235294,0.3858880133193169,0.0013503241040283213,285.01,286.4,0.0013515883456942214,1.004877021858882
2025-07-31,49,LPG 11.67kg cylinder,0,administered_utility,17,3024.230588235294,195.2330568983708,0.06471474599375356,2743.14,3339.74,0.06455627347261693,1.2174879882178817
2025-07-31,50,Telephone call charges,0,administered_utility,17,1.79,0.0,0.0,1.79,1.79,0.0,1.0
2025-07-31,51,Toilet soap Lifebuoy (brand),0,other_nonfood,17,110.7464705882353,7.743664298296118,0.07154605871304134,99.74,119.6,0.06992244770569452,1.1991177060356928
2025-10-16,1,Wheat flour 20kg,1,storable_staple,17,2197.4635294117647,284.7881995435637,0.12704792654557498,1810.0,2832.74,0.12959860117441774,1.5650497237569059
2025-10-16,2,Rice basmati broken,1,storable_staple,17,221.1129411764706,44.3153477596512,0.20394441550080158,146.59,299.93,0.2004195119646256,2.04604679718944
2025-10-16,3,Rice IRRI-6/9,1,storable_staple,14,160.4828571428571,19.4767563357618,0.12963645558339784,116.57,186.61,0.12136346948524329,1.6008406965771642
2025-10-16,4,Bread plain,1,prepared_food,17,110.38647058823528,8.06468299220161,0.07190782054205061,100.0,130.0,0.07305861804645036,1.3
2025-10-16,5,Beef with bone,1,perishable,17,1143.6523529411766,136.72386557992587,0.11739122631696382,932.17,1403.8,0.11955019829960357,1.5059484857912184
2025-10-16,6,Mutton,1,perishable,17,2101.9635294117647,236.03650678817618,0.11569550555734062,1700.0,2449.49,0.1122933407194896,1.440876470588235
2025-10-16,7,Chicken broiler (live),1,perishable,17,328.3564705882353,18.5566696032641,0.05478216963424628,303.3,383.3,0.056513792982427584,1.2637652489284537
2025-10-16,8,Milk fresh,1,perishable,17,203.88529411764708,22.725265157321893,0.11079701680197195,170.0,243.29,0.11146103133955718,1.4311176470588234
2025-10-16,9,Curd (dahi) loose,1,perishable,17,240.64470588235295,39.94747224757268,0.1571470977750931,180.0,335.48,0.166001874427698,1.863777777777778
2025-10-16,10,Powdered milk NIDO 390g,1,branded_packaged,17,1106.3394117647058,29.72011513070488,0.02676226805411274,1050.0,1170.0,0.02686346957783847,1.1142857142857143
2025-10-16,11,Eggs (farm),1,perishable,17,328.6652941176471,9.956438945254913,0.02999986976197248,317.75,346.63,0.03029355129200519,1.090889063729347
2025-10-16,12,Mustard oil (avg quality),1,storable_staple,17,543.2941176470588,66.30279651519454,0.12141024689510102,440.0,652.26,0.1220384951015924,1.4824090909090908
2025-10-16,13,Cooking oil 5L tin (brand),1,branded_packaged,17,2885.5882352941176,32.92426693096102,0.011356259021597225,2850.0,2945.0,0.011409897825427322,1.0333333333333334
2025-10-16,14,Vegetable ghee 2.5kg tin (brand),1,branded_packaged,17,1479.1176470588234,26.939474644425584,0.018467322676780255,1400.0,1500.0,0.018213206162467088,1.0714285714285714
2025-10-16,15,Vegetable ghee 1kg pouch (brand),1,branded_packaged,17,578.665294117647,6.95328889595334,0.012094058640222336,560.0,585.0,0.01201608074069098,1.0446428571428572
2025-10-16,16,Bananas,1,perishable,17,126.22941176470589,35.530019256712386,0.25784403675956274,83.85,211.6,0.2814717961527147,2.5235539654144308
2025-10-16,17,Pulse masoor,1,storable_staple,17,296.03294117647056,25.612202112642013,0.08654021143549077,256.62,339.94,0.08651808143666728,1.3246824097887928
2025-10-16,18,Pulse moong,1,storable_staple,17,386.1735294117647,38.53161266109564,0.09754085718907089,320.0,489.96,0.099777974735318,1.5311249999999998
2025-10-16,19,Pulse mash,1,storable_staple,17,449.88588235294117,40.04077625665234,0.08998620763522494,390.0,503.75,0.0890020732529674,1.2916666666666667
2025-10-16,20,Pulse gram,1,storable_staple,17,299.0170588235294,30.726405534309162,0.10238189625563601,250.0,359.63,0.10275803546192638,1.43852
2025-10-16,21,Potatoes,1,perishable,17,85.31294117647059,18.149242671770725,0.21428869752885535,60.0,120.25,0.21273727551168178,2.004166666666667
2025-10-16,22,Onions,1,perishable,17,105.03764705882354,19.596980165771644,0.18900425263028023,72.34,142.07,0.18657101253226738,1.9639203760022117
2025-10-16,23,Tomatoes,1,perishable,17,333.39176470588234,53.135986891570745,0.18680779589462063,184.75,400.0,0.1593800222943336,2.165087956698241
2025-10-16,24,Sugar refined,1,storable_staple,17,185.0805882352941,3.8662845061315636,0.021011649587993907,177.0,191.09,0.020889735347157705,1.0796045197740114
2025-10-16,25,Gur,1,storable_staple,17,250.52882352941174,18.049984723799945,0.07282378623751587,220.0,274.63,0.07204753716364656,1.2483181818181819
2025-10-16,26,Salt powdered 800g (brand),1,branded_packaged,17,72.77588235294118,4.0999314915366725,0.05503651128409291,70.0,80.0,0.05633640375053422,1.1428571428571428
2025-10-16,27,Chilli powder 200g (brand),1,branded_packaged,17,322.3529411764706,6.642111641550714,0.020133775316577552,320.0,340.0,0.020605090858825205,1.0625
2025-10-16,28,Garlic,1,perishable,17,415.1329411764706,39.496936078116526,0.09496542831233735,340.69,493.24,0.09514286186536715,1.4477677654172416
2025-10-16,29,Tea Lipton 190g,1,branded_packaged,17,447.0641176470588,0.11511183820144688,0.0002573733636263489,447.0,447.5,0.00025748395735110993,1.0011185682326622
2025-10-16,30,Cooked beef (hotel plate),1,prepared_food,17,319.92823529411766,54.599320993407765,0.17827362964546795,200.0,450.0,0.17066115137731844,2.25
2025-10-16,31,Cooked daal (hotel plate),1,prepared_food,17,170.2941176470588,32.3366705650921,0.18835224041545684,120.0,241.4,0.18988718466548038,2.0116666666666667
2025-10-16,32,Tea prepared (cup),1,prepared_food,17,62.481764705882355,10.021717813886822,0.16292723996494313,49.32,80.0,0.16039428241282253,1.6220600162206003
2025-10-16,33,Cigarettes Capstan 20s,0,other_nonfood,17,243.29588235294116,6.8352597416114405,0.028301750739671953,230.0,253.29,0.028094432488979647,1.1012608695652173
2025-10-16,34,Long cloth 57in (brand),0,other_nonfood,17,669.9617647058824,108.23311001233024,0.1812595618390961,400.0,800.0,0.16155117458060506,2.0
2025-10-16,35,Shirting,0,other_nonfood,17,530.7129411764706,163.08738657406593,0.35821830992912473,229.58,866.35,0.3072986805494851,3.773630107152191
2025-10-16,36,Lawn printed (brand),0,other_nonfood,17,670.5094117647059,98.97387000305865,0.16628957717964096,400.0,818.89,0.14760996380732447,2.047225
2025-10-16,37,Georgette,0,other_nonfood,17,310.4835294117647,61.89835649485945,0.20816444481441282,206.46,400.0,0.19936115971153354,1.9374212922600018
2025-10-16,38,Gents sandal Bata,0,other_nonfood,17,2499.0,0.0,0.0,2499.0,2499.0,0.0,1.0
2025-10-16,39,Gents sponge chappal Bata,0,other_nonfood,17,599.0,0.0,0.0,599.0,599.0,0.0,1.0
2025-10-16,40,Ladies sandal Bata,0,other_nonfood,17,1399.0,0.0,0.0,1399.0,1399.0,0.0,1.0
2025-10-16,41,Electricity Q1,0,administered_utility,17,4.83,0.0,0.0,4.83,4.83,0.0,1.0
2025-10-16,42,Gas Q1,0,administered_utility,17,2566.5,0.0,0.0,2566.5,2566.5,0.0,1.0
2025-10-16,43,Firewood,0,other_nonfood,17,1406.5188235294117,330.0482983193966,0.24238567452931184,849.02,2139.27,0.2346561544702249,2.5196932934442065
2025-10-16,44,Energy saver bulb (brand),0,other_nonfood,17,403.6705882352941,118.29568121187837,0.2958860312139779,250.0,575.0,0.2930500379753341,2.3
2025-10-16,45,Washing soap Sufi (brand),0,other_nonfood,17,133.34470588235294,5.404903002884348,0.04008003936545331,125.0,143.26,0.04053331526827149,1.14608
2025-10-16,46,Match box,0,other_nonfood,17,6.285294117647059,0.7513830385284429,0.1251194530999014,5.0,7.0,0.11954620173124501,1.4
2025-10-16,47,Petrol super,0,administered_utility,17,264.74117647058824,0.6869487094476283,0.002592243448728636,264.07,266.21,0.002594793596544834,1.0081039118415571
2025-10-16,48,Hi-speed diesel,0,administered_utility,17,277.0382352941176,0.772772891072445,0.0027859773714582394,275.88,278.86,0.0027894087985798448,1.0108017978831376
2025-10-16,49,LPG 11.67kg cylinder,0,administered_utility,17,3054.751764705882,163.03266985620144,0.052957753193120335,2800.0,3339.64,0.05337018599673305,1.1927285714285714
2025-10-16,50,Telephone call charges,0,administered_utility,17,1.79,0.0,0.0,1.79,1.79,0.0,1.0
2025-10-16,51,Toilet soap Lifebuoy (brand),0,other_nonfood,17,115.45,2.103624847733074,0.018438085431711566,110.0,118.6,0.018221090062651137,1.0781818181818181
2025-10-23,1,Wheat flour 20kg,1,storable_staple,17,2195.991176470588,270.12505716987727,0.12254922648209057,1810.0,2693.47,0.12300826162882134,1.4881049723756905
2025-10-23,2,Rice basmati broken,1,storable_staple,17,221.1129411764706,44.3153477596512,0.20394441550080158,146.59,299.93,0.2004195119646256,2.04604679718944
2025-10-23,3,Rice IRRI-6/9,1,storable_staple,14,158.65928571428572,20.122834126849618,0.13335604902441467,116.57,186.61,0.12683048481062054,1.6008406965771642
2025-10-23,4,Bread plain,1,prepared_food,17,110.38647058823528,8.06468299220161,0.07190782054205061,100.0,130.0,0.07305861804645036,1.3
2025-10-23,5,Beef with bone,1,perishable,17,1148.8270588235296,135.3519521361211,0.11636071004445685,932.17,1403.8,0.11781751752498755,1.5059484857912184
2025-10-23,6,Mutton,1,perishable,17,2108.314117647059,244.025704871916,0.11889016669797813,1700.0,2462.15,0.11574447224413405,1.4483235294117647
2025-10-23,7,Chicken broiler (live),1,perishable,17,320.27941176470586,21.54896907934,0.06439137482639935,293.0,383.3,0.06728178049474816,1.3081911262798636
2025-10-23,8,Milk fresh,1,perishable,17,204.08529411764704,22.48380364775027,0.10940163962870927,170.0,243.29,0.11016866131858209,1.4311176470588234
2025-10-23,9,Curd (dahi) loose,1,perishable,17,241.3364705882353,39.69403701142914,0.1561752980244509,180.0,335.48,0.1644759157813098,1.863777777777778
2025-10-23,10,Powdered milk NIDO 390g,1,branded_packaged,17,1112.7611764705882,28.23053331110507,0.025205054567418672,1065.34,1170.0,0.025369804328225717,1.0982409371656
2025-10-23,11,Eggs (farm),1,perishable,17,336.4035294117647,6.88085290968393,0.020307999487835786,327.0,353.3,0.02045416384814925,1.080428134556575
2025-10-23,12,Mustard oil (avg quality),1,storable_staple,17,543.4288235294117,66.20821039364687,0.12121368577135848,440.0,652.26,0.12183418973554595,1.4824090909090908
2025-10-23,13,Cooking oil 5L tin (brand),1,branded_packaged,17,2896.176470588235,39.072425209662974,0.013453105618624386,2850.0,2965.0,0.013491037444181387,1.0403508771929824
2025-10-23,14,Vegetable ghee 2.5kg tin (brand),1,branded_packaged,17,1483.8235294117646,26.66513475992019,0.018297151485822137,1400.0,1500.0,0.017970556627101814,1.0714285714285714
2025-10-23,15,Vegetable ghee 1kg pouch (brand),1,branded_packaged,17,580.7158823529412,7.081386745214138,0.012324557907570312,560.0,585.0,0.012194236390645657,1.0446428571428572
2025-10-23,16,Bananas,1,perishable,17,127.03294117647059,34.92764552698655,0.2506568173961489,86.18,211.6,0.27494951469686946,2.45532606173126
2025-10-23,17,Pulse masoor,1,storable_staple,17,296.425294117647,27.01650146615191,0.09068331944227076,256.62,349.94,0.09114101260005647,1.3636505338632998
2025-10-23,18,Pulse moong,1,storable_staple,17,383.90000000000003,41.10280845027502,0.10286131415013756,320.0,499.96,0.10706644555945563,1.5623749999999998
2025-10-23,19,Pulse mash,1,storable_staple,17,450.12470588235294,41.31154440916713,0.09266588369253842,390.0,509.96,0.09177799811762509,1.3075897435897434
2025-10-23,20,Pulse gram,1,storable_staple,17,299.8129411764706,31.591438864965067,0.10527386861054593,250.0,359.63,0.10537049782107395,1.43852
2025-10-23,21,Potatoes,1,perishable,17,85.31294117647059,18.149242671770725,0.21428869752885535,60.0,120.25,0.21273727551168178,2.004166666666667
2025-10-23,22,Onions,1,perishable,17,110.81823529411766,19.687386582306363,0.18323011364266825,72.34,147.15,0.17765475627774582,2.0341443184959913
2025-10-23,23,Tomatoes,1,perishable,17,332.7435294117647,47.135860014056234,0.14740821632414047,234.8,400.0,0.14165823178405484,1.7035775127768313
2025-10-23,24,Sugar refined,1,storable_staple,17,188.9329411764706,7.06029989156435,0.03705937890438985,177.0,205.5,0.03736934304627037,1.1610169491525424
2025-10-23,25,Gur,1,storable_staple,17,250.52941176470588,20.22285046382811,0.0843162307482055,200.0,274.63,0.08072046440128619,1.3731499999999999
2025-10-23,26,Salt powdered 800g (brand),1,branded_packaged,17,72.77588235294118,4.0999314915366725,0.05503651128409291,70.0,80.0,0.05633640375053422,1.1428571428571428
2025-10-23,27,Chilli powder 200g (brand),1,branded_packaged,17,322.3529411764706,6.642111641550714,0.020133775316577552,320.0,340.0,0.020605090858825205,1.0625
2025-10-23,28,Garlic,1,perishable,17,419.4270588235294,44.23318886377991,0.10637100377489037,340.69,493.24,0.10546098048097242,1.4477677654172416
2025-10-23,29,Tea Lipton 190g,1,branded_packaged,17,447.0641176470588,0.11511183820144688,0.0002573733636263489,447.0,447.5,0.00025748395735110993,1.0011185682326622
2025-10-23,30,Cooked beef (hotel plate),1,prepared_food,17,319.92823529411766,54.599320993407765,0.17827362964546795,200.0,450.0,0.17066115137731844,2.25
2025-10-23,31,Cooked daal (hotel plate),1,prepared_food,17,170.2941176470588,32.3366705650921,0.18835224041545684,120.0,241.4,0.18988718466548038,2.0116666666666667
2025-10-23,32,Tea prepared (cup),1,prepared_food,17,62.481764705882355,10.021717813886822,0.16292723996494313,49.32,80.0,0.16039428241282253,1.6220600162206003
2025-10-23,33,Cigarettes Capstan 20s,0,other_nonfood,17,243.29588235294116,6.8352597416114405,0.028301750739671953,230.0,253.29,0.028094432488979647,1.1012608695652173
2025-10-23,34,Long cloth 57in (brand),0,other_nonfood,17,669.9617647058824,108.23311001233024,0.1812595618390961,400.0,800.0,0.16155117458060506,2.0
2025-10-23,35,Shirting,0,other_nonfood,17,530.7129411764706,163.08738657406593,0.35821830992912473,229.58,866.35,0.3072986805494851,3.773630107152191
2025-10-23,36,Lawn printed (brand),0,other_nonfood,17,670.5094117647059,98.97387000305865,0.16628957717964096,400.0,818.89,0.14760996380732447,2.047225
2025-10-23,37,Georgette,0,other_nonfood,17,310.4835294117647,61.89835649485945,0.20816444481441282,206.46,400.0,0.19936115971153354,1.9374212922600018
2025-10-23,38,Gents sandal Bata,0,other_nonfood,17,2499.0,0.0,0.0,2499.0,2499.0,0.0,1.0
2025-10-23,39,Gents sponge chappal Bata,0,other_nonfood,17,599.0,0.0,0.0,599.0,599.0,0.0,1.0
2025-10-23,40,Ladies sandal Bata,0,other_nonfood,17,1399.0,0.0,0.0,1399.0,1399.0,0.0,1.0
2025-10-23,41,Electricity Q1,0,administered_utility,17,4.83,0.0,0.0,4.83,4.83,0.0,1.0
2025-10-23,42,Gas Q1,0,administered_utility,17,2566.5,0.0,0.0,2566.5,2566.5,0.0,1.0
2025-10-23,43,Firewood,0,other_nonfood,17,1418.0864705882354,315.28453476465455,0.22463839939710922,900.0,2139.27,0.2223309659204855,2.3769666666666667
2025-10-23,44,Energy saver bulb (brand),0,other_nonfood,17,413.5135294117647,119.8851387235495,0.2930673484088027,260.4,575.0,0.2899182981850429,2.208141321044547
2025-10-23,45,Washing soap Sufi (brand),0,other_nonfood,17,133.34470588235294,5.404903002884348,0.04008003936545331,125.0,143.26,0.04053331526827149,1.14608
2025-10-23,46,Match box,0,other_nonfood,17,6.285294117647059,0.7513830385284429,0.1251194530999014,5.0,7.0,0.11954620173124501,1.4
2025-10-23,47,Petrol super,0,administered_utility,17,264.74117647058824,0.6869487094476283,0.002592243448728636,264.07,266.21,0.002594793596544834,1.0081039118415571
2025-10-23,48,Hi-speed diesel,0,administered_utility,17,277.0382352941176,0.772772891072445,0.0027859773714582394,275.88,278.86,0.0027894087985798448,1.0108017978831376
2025-10-23,49,LPG 11.67kg cylinder,0,administered_utility,17,3050.525882352941,154.0920150047864,0.049972142281897246,2831.26,3319.76,0.050513262613569976,1.1725380219407613
2025-10-23,50,Telephone call charges,0,administered_utility,17,1.79,0.0,0.0,1.79,1.79,0.0,1.0
2025-10-23,51,Toilet soap Lifebuoy (brand),0,other_nonfood,17,115.45,2.103624847733074,0.018438085431711566,110.0,118.6,0.018221090062651137,1.0781818181818181
2025-10-30,1,Wheat flour 20kg,1,storable_staple,17,2204.1823529411763,272.19986670022035,0.12358700092238543,1810.0,2710.52,0.12349244441459542,1.4975248618784531
2025-10-30,2,Rice basmati broken,1,storable_staple,17,221.1129411764706,44.3153477596512,0.20394441550080158,146.59,299.93,0.2004195119646256,2.04604679718944
2025-10-30,3,Rice IRRI-6/9,1,storable_staple,14,158.50285714285715,20.33375005277658,0.13492025182907078,116.57,186.61,0.12828633135899853,1.6008406965771642
2025-10-30,4,Bread plain,1,prepared_food,17,110.38647058823528,8.06468299220161,0.07190782054205061,100.0,130.0,0.07305861804645036,1.3
2025-10-30,5,Beef with bone,1,perishable,17,1148.8270588235296,135.3519521361211,0.11636071004445685,932.17,1403.8,0.11781751752498755,1.5059484857912184
2025-10-30,6,Mutton,1,perishable,17,2108.314117647059,244.025704871916,0.11889016669797813,1700.0,2462.15,0.11574447224413405,1.4483235294117647
2025-10-30,7,Chicken broiler (live),1,perishable,17,327.8405882352941,19.38270474888251,0.05733357997490572,298.0,383.3,0.05912234617811072,1.286241610738255
2025-10-30,8,Milk fresh,1,perishable,17,204.08529411764704,22.48380364775027,0.10940163962870927,170.0,243.29,0.11016866131858209,1.4311176470588234
2025-10-30,9,Curd (dahi) loose,1,perishable,17,241.3935294117647,39.68221389066777,0.15614081326532195,180.0,335.48,0.1643880595613587,1.863777777777778
2025-10-30,10,Powdered milk NIDO 390g,1,branded_packaged,17,1115.1752941176471,28.819673210683533,0.025744584362360202,1065.34,1170.0,0.025843177626604735,1.0982409371656
2025-10-30,11,Eggs (farm),1,perishable,17,347.32235294117646,7.671306545670501,0.022087833030383714,336.0,360.0,0.022086993482304713,1.0714285714285714
2025-10-30,12,Mustard oil (avg quality),1,storable_staple,17,543.8541176470588,65.83677269000428,0.12044567136678248,440.0,652.26,0.12105594230828258,1.4824090909090908
2025-10-30,13,Cooking oil 5L tin (brand),1,branded_packaged,17,2914.705294117647,35.155034866581936,0.012086060811305225,2850.0,2965.0,0.012061265657811291,1.0403508771929824
2025-10-30,14,Vegetable ghee 2.5kg tin (brand),1,branded_packaged,17,1489.7058823529412,25.52392188193837,0.01755671019227878,1400.0,1500.0,0.01713353097701687,1.0714285714285714
2025-10-30,15,Vegetable ghee 1kg pouch (brand),1,branded_packaged,17,581.9641176470587,6.396728713592093,0.011149539749324094,560.0,585.0,0.010991620479033537,1.0446428571428572
2025-10-30,16,Bananas,1,perishable,17,127.51647058823531,36.533461706560274,0.25728780620714914,86.18,218.99,0.2864999441878441,2.5410768159665813
2025-10-30,17,Pulse masoor,1,storable_staple,17,292.92764705882354,27.22293277950866,0.09370931082656198,250.0,330.0,0.09293398234288877,1.32
2025-10-30,18,Pulse moong,1,storable_staple,17,381.28470588235297,39.10165839156426,0.10006590163571541,320.0,479.96,0.1025523913975958,1.4998749999999998
2025-10-30,19,Pulse mash,1,storable_staple,17,449.6694117647059,43.0113599050571,0.09720814251877127,380.0,509.96,0.09565106894031572,1.3419999999999999
2025-10-30,20,Pulse gram,1,storable_staple,17,295.1905882352941,34.24911065826896,0.11688135180699202,240.0,359.63,0.11602372170134795,1.4984583333333332
2025-10-30,21,Potatoes,1,perishable,17,85.10588235294118,17.977767540362017,0.2139709516068893,60.0,120.25,0.21124001118755478,2.004166666666667
2025-10-30,22,Onions,1,perishable,17,178.12941176470588,35.33446873638193,0.23355861629034133,94.51,222.98,0.19836403425087273,2.3593270553380594
2025-10-30,23,Tomatoes,1,perishable,17,178.68176470588236,38.46122434272181,0.22713668388451805,115.57,240.0,0.21524985723098602,2.0766634939863287
2025-10-30,24,Sugar refined,1,storable_staple,17,188.7664705882353,5.365185156609786,0.028413014454045756,179.0,201.09,0.028422341848585508,1.1234078212290504
2025-10-30,25,Gur,1,storable_staple,17,249.35294117647058,22.556963937082116,0.09567172762384708,200.0,274.63,0.09046199267053456,1.3731499999999999
2025-10-30,26,Salt powdered 800g (brand),1,branded_packaged,17,72.77588235294118,4.0999314915366725,0.05503651128409291,70.0,80.0,0.05633640375053422,1.1428571428571428
2025-10-30,27,Chilli powder 200g (brand),1,branded_packaged,17,322.3529411764706,6.642111641550714,0.020133775316577552,320.0,340.0,0.020605090858825205,1.0625
2025-10-30,28,Garlic,1,perishable,17,426.60411764705884,44.670069685811924,0.10562764693125096,340.69,500.0,0.10471082635627227,1.4676098505973172
2025-10-30,29,Tea Lipton 190g,1,branded_packaged,17,447.0641176470588,0.11511183820144688,0.0002573733636263489,447.0,447.5,0.00025748395735110993,1.0011185682326622
2025-10-30,30,Cooked beef (hotel plate),1,prepared_food,17,320.06,54.52764711593561,0.17806657179293578,200.0,450.0,0.17036695343352998,2.25
2025-10-30,31,Cooked daal (hotel plate),1,prepared_food,17,170.2941176470588,32.3366705650921,0.18835224041545684,120.0,241.4,0.18988718466548038,2.0116666666666667
2025-10-30,32,Tea prepared (cup),1,prepared_food,17,62.481764705882355,10.021717813886822,0.16292723996494313,49.32,80.0,0.16039428241282253,1.6220600162206003
2025-10-30,33,Cigarettes Capstan 20s,0,other_nonfood,17,243.29588235294116,6.8352597416114405,0.028301750739671953,230.0,253.29,0.028094432488979647,1.1012608695652173
2025-10-30,34,Long cloth 57in (brand),0,other_nonfood,17,669.9617647058824,108.23311001233024,0.1812595618390961,400.0,800.0,0.16155117458060506,2.0
2025-10-30,35,Shirting,0,other_nonfood,17,530.7129411764706,163.08738657406593,0.35821830992912473,229.58,866.35,0.3072986805494851,3.773630107152191
2025-10-30,36,Lawn printed (brand),0,other_nonfood,17,670.5094117647059,98.97387000305865,0.16628957717964096,400.0,818.89,0.14760996380732447,2.047225
2025-10-30,37,Georgette,0,other_nonfood,17,310.4835294117647,61.89835649485945,0.20816444481441282,206.46,400.0,0.19936115971153354,1.9374212922600018
2025-10-30,38,Gents sandal Bata,0,other_nonfood,17,2499.0,0.0,0.0,2499.0,2499.0,0.0,1.0
2025-10-30,39,Gents sponge chappal Bata,0,other_nonfood,17,599.0,0.0,0.0,599.0,599.0,0.0,1.0
2025-10-30,40,Ladies sandal Bata,0,other_nonfood,17,1399.0,0.0,0.0,1399.0,1399.0,0.0,1.0
2025-10-30,41,Electricity Q1,0,administered_utility,17,4.83,0.0,0.0,4.83,4.83,0.0,1.0
2025-10-30,42,Gas Q1,0,administered_utility,17,2566.5,0.0,0.0,2566.5,2566.5,0.0,1.0
2025-10-30,43,Firewood,0,other_nonfood,17,1431.5747058823529,318.29451338574876,0.22597910081190203,900.0,2139.27,0.22233873794910866,2.3769666666666667
2025-10-30,44,Energy saver bulb (brand),0,other_nonfood,17,413.5135294117647,119.8851387235495,0.2930673484088027,260.4,575.0,0.2899182981850429,2.208141321044547
2025-10-30,45,Washing soap Sufi (brand),0,other_nonfood,17,133.34470588235294,5.404903002884348,0.04008003936545331,125.0,143.26,0.04053331526827149,1.14608
2025-10-30,46,Match box,0,other_nonfood,17,6.285294117647059,0.7513830385284429,0.1251194530999014,5.0,7.0,0.11954620173124501,1.4
2025-10-30,47,Petrol super,0,administered_utility,17,264.74117647058824,0.6869487094476283,0.002592243448728636,264.07,266.21,0.002594793596544834,1.0081039118415571
2025-10-30,48,Hi-speed diesel,0,administered_utility,17,277.0382352941176,0.772772891072445,0.0027859773714582394,275.88,278.86,0.0027894087985798448,1.0108017978831376
2025-10-30,49,LPG 11.67kg cylinder,0,administered_utility,17,3031.9329411764706,148.08301657198507,0.04864541355226239,2792.83,3300.0,0.04884112526397926,1.1815971613023348
2025-10-30,50,Telephone call charges,0,administered_utility,17,1.79,0.0,0.0,1.79,1.79,0.0,1.0
2025-10-30,51,Toilet soap Lifebuoy (brand),0,other_nonfood,17,115.45,2.103624847733074,0.018438085431711566,110.0,118.6,0.018221090062651137,1.0781818181818181
2025-11-06,1,Wheat flour 20kg,1,storable_staple,17,2210.9729411764706,265.6751156667836,0.12137375483849765,1810.0,2671.9,0.12016208372293169,1.4761878453038675
2025-11-06,2,Rice basmati broken,1,storable_staple,17,220.58352941176472,44.214427077196255,0.20328752092421212,146.59,299.93,0.2004430122008833,2.04604679718944
2025-11-06,3,Rice IRRI-6/9,1,storable_staple,14,158.50285714285715,20.33375005277658,0.13492025182907078,116.57,186.61,0.12828633135899853,1.6008406965771642
2025-11-06,4,Bread plain,1,prepared_food,17,110.97470588235294,7.611726247743558,0.06750613108291191,100.0,130.0,0.0685897402225417,1.3
2025-11-06,5,Beef with bone,1,perishable,17,1158.945882352941,130.41845896281433,0.11171999980957546,932.17,1403.8,0.11253196628822154,1.5059484857912184
2025-11-06,6,Mutton,1,perishable,17,2110.5082352941176,241.43805779731815,0.11736513339551237,1700.0,2462.15,0.1143980647693003,1.4483235294117647
2025-11-06,7,Chicken broiler (live),1,perishable,17,325.5482352941176,17.854255527497532,0.05259928222656037,300.0,383.3,0.05484365630600654,1.2776666666666667
2025-11-06,8,Milk fresh,1,perishable,17,204.08529411764704,22.48380364775027,0.10940163962870927,170.0,243.29,0.11016866131858209,1.4311176470588234
2025-11-06,9,Curd (dahi) loose,1,perishable,17,241.3935294117647,39.68221389066777,0.15614081326532195,180.0,335.48,0.1643880595613587,1.863777777777778
2025-11-06,10,Powdered milk NIDO 390g,1,branded_packaged,17,1118.54,26.470015819791293,0.02350555002194028,1080.0,1170.0,0.023664791442229417,1.0833333333333333
2025-11-06,11,Eggs (farm),1,perishable,17,355.6976470588235,9.959748697514751,0.02770012120425494,342.0,380.0,0.028000603264793755,1.1111111111111112
2025-11-06,12,Mustard oil (avg quality),1,storable_staple,17,544.3188235294118,65.50257035818828,0.11977629551300398,440.0,652.26,0.12033860951834031,1.4824090909090908
2025-11-06,13,Cooking oil 5L tin (brand),1,branded_packaged,17,2920.8770588235298,35.63120959297942,0.01225576412846296,2850.0,2965.0,0.012198804973781043,1.0403508771929824
2025-11-06,14,Vegetable ghee 2.5kg tin (brand),1,branded_packaged,17,1492.0588235294117,24.43478715948659,0.01684165533985775,1400.0,1500.0,0.016376557528534282,1.0714285714285714
2025-11-06,15,Vegetable ghee 1kg pouch (brand),1,branded_packaged,17,582.0,6.412877669190319,0.011177043192617345,560.0,585.0,0.011018690153247971,1.0446428571428572
2025-11-06,16,Bananas,1,perishable,17,130.18588235294118,36.425312465856685,0.24773992833409347,86.18,224.53,0.2797946429176217,2.605360872592249
2025-11-06,17,Pulse masoor,1,storable_staple,17,291.1117647058823,24.707993958255226,0.08559856444894885,250.0,323.2,0.0848745978480751,1.2928
2025-11-06,18,Pulse moong,1,storable_staple,17,381.71941176470585,38.53454480569808,0.0985199021121089,320.0,479.96,0.10094992190088307,1.4998749999999998
2025-11-06,19,Pulse mash,1,storable_staple,17,448.1629411764706,41.63798247464476,0.09456780438192645,380.0,503.75,0.09290813373667414,1.325657894736842
2025-11-06,20,Pulse gram,1,storable_staple,17,290.4264705882353,33.19418999259817,0.11326472093714106,240.0,359.63,0.1142946437539458,1.4984583333333332
2025-11-06,21,Potatoes,1,perishable,17,84.49823529411765,16.02839442805101,0.18917416091245634,60.0,116.65,0.18968910264528124,1.9441666666666668
2025-11-06,22,Onions,1,perishable,17,168.49588235294118,30.585936935711068,0.1980643365645726,100.0,213.39,0.18152334946467122,2.1338999999999997
2025-11-06,23,Tomatoes,1,perishable,17,112.45882352941176,33.66158045204373,0.2745960605304656,68.63,202.55,0.2993236048147,2.9513332361940847
2025-11-06,24,Sugar refined,1,storable_staple,17,187.6035294117647,7.091644679812002,0.03718596241125258,178.0,207.5,0.03780123274891481,1.1657303370786516
2025-11-06,25,Gur,1,storable_staple,17,247.94117647058823,23.2811269815147,0.09874689510689737,200.0,274.63,0.09389778379258598,1.3731499999999999
2025-11-06,26,Salt powdered 800g (brand),1,branded_packaged,17,72.77588235294118,4.0999314915366725,0.05503651128409291,70.0,80.0,0.05633640375053422,1.1428571428571428
2025-11-06,27,Chilli powder 200g (brand),1,branded_packaged,17,322.3529411764706,6.642111641550714,0.020133775316577552,320.0,340.0,0.020605090858825205,1.0625
2025-11-06,28,Garlic,1,perishable,17,413.09999999999997,45.82990385654327,0.11186045792978773,329.7,493.24,0.11094142787834246,1.4960266909311497
2025-11-06,29,Tea Lipton 190g,1,branded_packaged,17,447.0641176470588,0.11511183820144688,0.0002573733636263489,447.0,447.5,0.00025748395735110993,1.0011185682326622
2025-11-06,30,Cooked beef (hotel plate),1,prepared_food,17,320.06,54.52764711593561,0.17806657179293578,200.0,450.0,0.17036695343352998,2.25
2025-11-06,31,Cooked daal (hotel plate),1,prepared_food,17,170.5929411764706,32.20893854287692,0.18767969237582535,120.0,241.4,0.1888058106082962,2.0116666666666667
2025-11-06,32,Tea prepared (cup),1,prepared_food,17,63.07,10.159477102685944,0.165529888066688,49.32,80.0,0.16108256068948698,1.6220600162206003
2025-11-06,33,Cigarettes Capstan 20s,0,other_nonfood,17,243.29588235294116,6.8352597416114405,0.028301750739671953,230.0,253.29,0.028094432488979647,1.1012608695652173
2025-11-06,34,Long cloth 57in (brand),0,other_nonfood,17,669.9617647058824,108.23311001233024,0.1812595618390961,400.0,800.0,0.16155117458060506,2.0
2025-11-06,35,Shirting,0,other_nonfood,17,530.7129411764706,163.08738657406593,0.35821830992912473,229.58,866.35,0.3072986805494851,3.773630107152191
2025-11-06,36,Lawn printed (brand),0,other_nonfood,17,670.5094117647059,98.97387000305865,0.16628957717964096,400.0,818.89,0.14760996380732447,2.047225
2025-11-06,37,Georgette,0,other_nonfood,17,310.4835294117647,61.89835649485945,0.20816444481441282,206.46,400.0,0.19936115971153354,1.9374212922600018
2025-11-06,38,Gents sandal Bata,0,other_nonfood,17,2499.0,0.0,0.0,2499.0,2499.0,0.0,1.0
2025-11-06,39,Gents sponge chappal Bata,0,other_nonfood,17,599.0,0.0,0.0,599.0,599.0,0.0,1.0
2025-11-06,40,Ladies sandal Bata,0,other_nonfood,17,1399.0,0.0,0.0,1399.0,1399.0,0.0,1.0
2025-11-06,41,Electricity Q1,0,administered_utility,17,4.83,0.0,0.0,4.83,4.83,0.0,1.0
2025-11-06,42,Gas Q1,0,administered_utility,17,2566.5,0.0,0.0,2566.5,2566.5,0.0,1.0
2025-11-06,43,Firewood,0,other_nonfood,17,1449.224705882353,299.64765068989044,0.2055819149229945,1000.0,2139.27,0.20676410598965847,2.13927
2025-11-06,44,Energy saver bulb (brand),0,other_nonfood,17,413.5135294117647,119.8851387235495,0.2930673484088027,260.4,575.0,0.2899182981850429,2.208141321044547
2025-11-06,45,Washing soap Sufi (brand),0,other_nonfood,17,133.34470588235294,5.404903002884348,0.04008003936545331,125.0,143.26,0.04053331526827149,1.14608
2025-11-06,46,Match box,0,other_nonfood,17,6.285294117647059,0.7513830385284429,0.1251194530999014,5.0,7.0,0.11954620173124501,1.4
2025-11-06,47,Petrol super,0,administered_utility,17,267.14941176470586,0.6793422424322929,0.002539874365400418,266.6,268.67,0.002542929957976585,1.0077644411102775
2025-11-06,48,Hi-speed diesel,0,administered_utility,17,280.1270588235294,0.6737095507884124,0.0024022235827515777,279.58,281.62,0.0024050141875541797,1.0072966592746262
2025-11-06,49,LPG 11.67kg cylinder,0,administered_utility,17,3027.6423529411763,153.7104664429773,0.05059997490898654,2806.72,3300.0,0.05076903032937712,1.1757496294607228
2025-11-06,50,Telephone call charges,0,administered_utility,17,1.79,0.0,0.0,1.79,1.79,0.0,1.0
2025-11-06,51,Toilet soap Lifebuoy (brand),0,other_nonfood,17,115.67764705882352,1.9448442399449535,0.01705874511646735,110.0,118.6,0.01681261928638621,1.0781818181818181
2025-11-13,1,Wheat flour 20kg,1,storable_staple,17,2193.680588235294,242.90040653194131,0.11288476215215779,1810.0,2533.22,0.11072733552670148,1.3995690607734805
2025-11-13,2,Rice basmati broken,1,storable_staple,17,220.22705882352943,44.42107632710877,0.20481082006705487,146.59,299.93,0.2017058056553528,2.04604679718944
2025-11-13,3,Rice IRRI-6/9,1,storable_staple,14,158.40142857142857,20.421088970113097,0.13562959687501594,116.57,186.61,0.12891985352836977,1.6008406965771642
2025-11-13,4,Bread plain,1,prepared_food,17,110.97470588235294,7.611726247743558,0.06750613108291191,100.0,130.0,0.0685897402225417,1.3
2025-11-13,5,Beef with bone,1,perishable,17,1161.8888235294119,129.54853964259655,0.11106940850268521,932.17,1403.8,0.1114982234264664,1.5059484857912184
2025-11-13,6,Mutton,1,perishable,17,2112.230588235294,244.19208649315866,0.1184057978495609,1700.0,2491.43,0.1156086309199669,1.4655470588235293
2025-11-13,7,Chicken broiler (live),1,perishable,17,391.7988235294118,22.427805533074594,0.05586030242603854,360.0,453.31,0.05724316712092161,1.2591944444444445
2025-11-13,8,Milk fresh,1,perishable,17,204.08529411764704,22.48380364775027,0.10940163962870927,170.0,243.29,0.11016866131858209,1.4311176470588234
2025-11-13,9,Curd (dahi) loose,1,perishable,17,241.3935294117647,39.68221389066777,0.15614081326532195,180.0,335.48,0.1643880595613587,1.863777777777778
2025-11-13,10,Powdered milk NIDO 390g,1,branded_packaged,17,1118.7441176470588,26.588519622861526,0.02361085521201813,1080.0,1170.0,0.02376639948622252,1.0833333333333333
2025-11-13,11,Eggs (farm),1,perishable,17,355.8464705882353,9.51486202026626,0.026386283730815238,344.0,380.0,0.02673867188998005,1.1046511627906976
2025-11-13,12,Mustard oil (avg quality),1,storable_staple,17,543.9270588235295,65.84617678391677,0.12047065423351601,440.0,652.26,0.12105699783779238,1.4824090909090908
2025-11-13,13,Cooking oil 5L tin (brand),1,branded_packaged,17,2931.9,28.98859775842906,0.009966546041835372,2850.0,2965.0,0.009887307806688174,1.0403508771929824
2025-11-13,14,Vegetable ghee 2.5kg tin (brand),1,branded_packaged,17,1492.9411764705883,24.434787159486604,0.016846071633643322,1400.0,1500.0,0.016366878712028063,1.0714285714285714
2025-11-13,15,Vegetable ghee 1kg pouch (brand),1,branded_packaged,17,582.3529411764706,6.402550043445442,0.011162144447308852,560.0,585.0,0.010994277852381062,1.0446428571428572
2025-11-13,16,Bananas,1,perishable,17,133.09058823529412,36.25569515100148,0.2453023251390654,92.83,224.53,0.27241366674932826,2.4187223957772273
2025-11-13,17,Pulse masoor,1,storable_staple,17,291.96294117647057,23.27693165043073,0.07987110008344182,253.29,323.2,0.0797256376327621,1.2760077381657389
2025-11-13,18,Pulse moong,1,storable_staple,17,380.7182352941177,38.91243458640408,0.0995495774332682,320.0,479.96,0.10220796110893642,1.4998749999999998
2025-11-13,19,Pulse mash,1,storable_staple,17,445.23058823529414,41.731073175540956,0.09581905627424955,380.0,497.11,0.09372912436440023,1.3081842105263157
2025-11-13,20,Pulse gram,1,storable_staple,17,282.8794117647059,33.00269278229205,0.11411712681621573,240.0,359.63,0.1166670015905686,1.4984583333333332
2025-11-13,21,Potatoes,1,perishable,17,85.37588235294118,15.89964349396848,0.1867458305448804,60.0,116.65,0.18623108840316122,1.9441666666666668
2025-11-13,22,Onions,1,perishable,17,156.25588235294117,23.28300025201421,0.15307915101515274,106.27,199.5,0.14900559199060426,1.87729368589442
2025-11-13,23,Tomatoes,1,perishable,17,123.74588235294117,25.668439536428657,0.20117636752981208,92.83,181.74,0.20742863559062558,1.9577722718948618
2025-11-13,24,Sugar refined,1,storable_staple,17,185.77,11.52721020021756,0.05758911361106619,176.0,226.49,0.06205097809235915,1.286875
2025-11-13,25,Gur,1,storable_staple,17,243.62529411764706,24.25338355715731,0.10257023143393262,200.0,274.63,0.09955199292830945,1.3731499999999999
2025-11-13,26,Salt powdered 800g (brand),1,branded_packaged,17,71.59941176470589,5.897334642222109,0.0842186549139341,60.0,80.0,0.08236568565119319,1.3333333333333333
2025-11-13,27,Chilli powder 200g (brand),1,branded_packaged,17,322.3529411764706,6.642111641550714,0.020133775316577552,320.0,340.0,0.020605090858825205,1.0625
2025-11-13,28,Garlic,1,perishable,17,414.09352941176473,56.08191775665938,0.13294532210264465,329.7,531.33,0.1354329729235949,1.6115559599636033
2025-11-13,29,Tea Lipton 190g,1,branded_packaged,17,447.0641176470588,0.11511183820144688,0.0002573733636263489,447.0,447.5,0.00025748395735110993,1.0011185682326622
2025-11-13,30,Cooked beef (hotel plate),1,prepared_food,17,320.06,54.52764711593561,0.17806657179293578,200.0,450.0,0.17036695343352998,2.25
2025-11-13,31,Cooked daal (hotel plate),1,prepared_food,17,170.5929411764706,32.20893854287692,0.18767969237582535,120.0,241.4,0.1888058106082962,2.0116666666666667
2025-11-13,32,Tea prepared (cup),1,prepared_food,17,63.07,10.159477102685944,0.165529888066688,49.32,80.0,0.16108256068948698,1.6220600162206003
2025-11-13,33,Cigarettes Capstan 20s,0,other_nonfood,17,243.29588235294116,6.8352597416114405,0.028301750739671953,230.0,253.29,0.028094432488979647,1.1012608695652173
2025-11-13,34,Long cloth 57in (brand),0,other_nonfood,17,669.9617647058824,108.23311001233024,0.1812595618390961,400.0,800.0,0.16155117458060506,2.0
2025-11-13,35,Shirting,0,other_nonfood,17,532.6841176470589,163.262541059593,0.3590600644348454,229.58,866.35,0.306490348878331,3.773630107152191
2025-11-13,36,Lawn printed (brand),0,other_nonfood,17,670.5094117647059,98.97387000305865,0.16628957717964096,400.0,818.89,0.14760996380732447,2.047225
2025-11-13,37,Georgette,0,other_nonfood,17,310.4835294117647,61.89835649485945,0.20816444481441282,206.46,400.0,0.19936115971153354,1.9374212922600018
2025-11-13,38,Gents sandal Bata,0,other_nonfood,17,2499.0,0.0,0.0,2499.0,2499.0,0.0,1.0
2025-11-13,39,Gents sponge chappal Bata,0,other_nonfood,17,599.0,0.0,0.0,599.0,599.0,0.0,1.0
2025-11-13,40,Ladies sandal Bata,0,other_nonfood,17,1399.0,0.0,0.0,1399.0,1399.0,0.0,1.0
2025-11-13,41,Electricity Q1,0,administered_utility,17,4.83,0.0,0.0,4.83,4.83,0.0,1.0
2025-11-13,42,Gas Q1,0,administered_utility,17,2566.5,0.0,0.0,2566.5,2566.5,0.0,1.0
2025-11-13,43,Firewood,0,other_nonfood,17,1452.8835294117648,299.19087554897914,0.2052533565147486,1000.0,2139.27,0.20592901598252258,2.13927
2025-11-13,44,Energy saver bulb (brand),0,other_nonfood,17,413.5135294117647,119.8851387235495,0.2930673484088027,260.4,575.0,0.2899182981850429,2.208141321044547
2025-11-13,45,Washing soap Sufi (brand),0,other_nonfood,17,133.34470588235294,5.404903002884348,0.04008003936545331,125.0,143.26,0.04053331526827149,1.14608
2025-11-13,46,Match box,0,other_nonfood,17,6.285294117647059,0.7513830385284429,0.1251194530999014,5.0,7.0,0.11954620173124501,1.4
2025-11-13,47,Petrol super,0,administered_utility,17,267.14941176470586,0.6793422424322929,0.002539874365400418,266.6,268.67,0.002542929957976585,1.0077644411102775
2025-11-13,48,Hi-speed diesel,0,administered_utility,17,280.1270588235294,0.6737095507884124,0.0024022235827515777,279.58,281.62,0.0024050141875541797,1.0072966592746262
2025-11-13,49,LPG 11.67kg cylinder,0,administered_utility,17,3086.1423529411763,128.45248433416015,0.04203140883305389,2800.0,3300.0,0.041622345842777304,1.1785714285714286
2025-11-13,50,Telephone call charges,0,administered_utility,17,1.79,0.0,0.0,1.79,1.79,0.0,1.0
2025-11-13,51,Toilet soap Lifebuoy (brand),0,other_nonfood,17,115.67764705882352,1.9448442399449535,0.01705874511646735,110.0,118.6,0.01681261928638621,1.0781818181818181
2025-11-20,1,Wheat flour 20kg,1,storable_staple,17,2163.984705882353,251.67506019959663,0.11836995224717224,1810.0,2500.0,0.11630168157633881,1.3812154696132597
2025-11-20,2,Rice basmati broken,1,storable_staple,17,219.93823529411765,43.83929177052449,0.2029753088091383,146.59,299.93,0.19932546840661586,2.04604679718944
2025-11-20,3,Rice IRRI-6/9,1,storable_staple,14,158.01,20.090734948458973,0.1337664327142851,116.57,186.61,0.127148502933099,1.6008406965771642
2025-11-20,4,Bread plain,1,prepared_food,17,110.97470588235294,7.611726247743558,0.06750613108291191,100.0,130.0,0.0685897402225417,1.3
2025-11-20,5,Beef with bone,1,perishable,17,1163.8352941176472,128.80700753053222,0.11048452481188074,932.17,1403.8,0.1106746016223767,1.5059484857912184
2025-11-20,6,Mutton,1,perishable,17,2114.5282352941176,244.4546234026698,0.11857820887326828,1700.0,2491.43,0.11560716916540378,1.4655470588235293
2025-11-20,7,Chicken broiler (live),1,perishable,17,360.29588235294113,23.19198246669081,0.060842228459246805,328.0,436.57,0.06436926871113183,1.3310060975609757
2025-11-20,8,Milk fresh,1,perishable,17,204.08529411764704,22.48380364775027,0.10940163962870927,170.0,243.29,0.11016866131858209,1.4311176470588234
2025-11-20,9,Curd (dahi) loose,1,perishable,17,241.3935294117647,39.68221389066777,0.15614081326532195,180.0,335.48,0.1643880595613587,1.863777777777778
2025-11-20,10,Powdered milk NIDO 390g,1,branded_packaged,17,1119.8270588235296,26.942687264985707,0.02393419930620213,1080.0,1170.0,0.024059685870862255,1.0833333333333333
2025-11-20,11,Eggs (farm),1,perishable,17,354.19117647058823,11.946884992725593,0.033132075233258444,337.2,386.55,0.033730046896630284,1.14635231316726
2025-11-20,12,Mustard oil (avg quality),1,storable_staple,17,544.6947058823529,66.62561558042512,0.12186179518950986,440.0,652.26,0.12231735476939885,1.4824090909090908
2025-11-20,13,Cooking oil 5L tin (brand),1,branded_packaged,17,2932.1423529411763,29.085425802584435,0.00999953152125803,2850.0,2965.0,0.009919513550701042,1.0403508771929824
2025-11-20,14,Vegetable ghee 2.5kg tin (brand),1,branded_packaged,17,1492.9411764705883,24.434787159486604,0.016846071633643322,1400.0,1500.0,0.016366878712028063,1.0714285714285714
2025-11-20,15,Vegetable ghee 1kg pouch (brand),1,branded_packaged,17,583.5882352941177,7.450325693630881,0.01292009029659703,560.0,592.0,0.012766408304780262,1.0571428571428572
2025-11-20,16,Bananas,1,perishable,17,132.95470588235295,30.038208609545737,0.21218479748265398,100.0,203.44,0.22592813402276649,2.0343999999999998
2025-11-20,17,Pulse masoor,1,storable_staple,17,291.1629411764706,23.463824220676894,0.08032293102210407,260.0,323.2,0.0805865750835912,1.243076923076923
2025-11-20,18,Pulse moong,1,storable_staple,17,375.8194117647059,47.888473491878536,0.13318535318563465,260.0,479.96,0.12742416169247983,1.8459999999999999
2025-11-20,19,Pulse mash,1,storable_staple,17,444.5947058823529,42.232509118812594,0.09672654863087697,380.0,497.11,0.09499103016757021,1.3081842105263157
2025-11-20,20,Pulse gram,1,storable_staple,17,280.9041176470588,35.58623365481789,0.12360998610332209,240.0,359.63,0.1266846280250335,1.4984583333333332
2025-11-20,21,Potatoes,1,perishable,17,80.32235294117648,13.937487457129679,0.17194044246127874,60.0,111.87,0.1735194120537866,1.8645
2025-11-20,22,Onions,1,perishable,17,136.61117647058822,18.413554749950155,0.1349242344281804,100.0,171.49,0.13478805486983353,1.7149
2025-11-20,23,Tomatoes,1,perishable,17,193.9670588235294,35.89755854593489,0.19765266413512353,124.63,241.11,0.18507038650616633,1.9346064350477414
2025-11-20,24,Sugar refined,1,storable_staple,17,189.86058823529413,10.221604247003167,0.05283498586916027,179.0,212.5,0.05383742008813087,1.187150837988827
2025-11-20,25,Gur,1,storable_staple,17,243.22647058823532,24.859436070931018,0.10559326952281738,196.61,274.63,0.1022069514506759,1.3968262041605206
2025-11-20,26,Salt powdered 800g (brand),1,branded_packaged,17,70.42294117647059,6.107904473616427,0.08861999732661953,60.0,80.0,0.08673174354236109,1.3333333333333333
2025-11-20,27,Chilli powder 200g (brand),1,branded_packaged,17,322.3529411764706,6.642111641550714,0.020133775316577552,320.0,340.0,0.020605090858825205,1.0625
2025-11-20,28,Garlic,1,perishable,17,429.45235294117646,97.87225606175453,0.18977924399154553,329.7,765.17,0.2279001509514617,2.3208067940552017
2025-11-20,29,Tea Lipton 190g,1,branded_packaged,17,447.0641176470588,0.11511183820144688,0.0002573733636263489,447.0,447.5,0.00025748395735110993,1.0011185682326622
2025-11-20,30,Cooked beef (hotel plate),1,prepared_food,17,320.06,54.52764711593561,0.17806657179293578,200.0,450.0,0.17036695343352998,2.25
2025-11-20,31,Cooked daal (hotel plate),1,prepared_food,17,170.5929411764706,32.20893854287692,0.18767969237582535,120.0,241.4,0.1888058106082962,2.0116666666666667
2025-11-20,32,Tea prepared (cup),1,prepared_food,17,63.451764705882354,10.158842967640384,0.16595933260481202,49.32,80.0,0.16010339530712214,1.6220600162206003
2025-11-20,33,Cigarettes Capstan 20s,0,other_nonfood,17,243.29588235294116,6.8352597416114405,0.028301750739671953,230.0,253.29,0.028094432488979647,1.1012608695652173
2025-11-20,34,Long cloth 57in (brand),0,other_nonfood,17,669.9617647058824,108.23311001233024,0.1812595618390961,400.0,800.0,0.16155117458060506,2.0
2025-11-20,35,Shirting,0,other_nonfood,17,533.2717647058824,162.11732369010156,0.35332103633974005,229.85,866.35,0.3040050766226387,3.769197302588645
2025-11-20,36,Lawn printed (brand),0,other_nonfood,17,670.5094117647059,98.97387000305865,0.16628957717964096,400.0,818.89,0.14760996380732447,2.047225
2025-11-20,37,Georgette,0,other_nonfood,17,313.3464705882353,64.23901403558983,0.2146700325785536,206.46,400.0,0.20500953438216804,1.9374212922600018
2025-11-20,38,Gents sandal Bata,0,other_nonfood,17,2499.0,0.0,0.0,2499.0,2499.0,0.0,1.0
2025-11-20,39,Gents sponge chappal Bata,0,other_nonfood,17,599.0,0.0,0.0,599.0,599.0,0.0,1.0
2025-11-20,40,Ladies sandal Bata,0,other_nonfood,17,1399.0,0.0,0.0,1399.0,1399.0,0.0,1.0
2025-11-20,41,Electricity Q1,0,administered_utility,17,4.83,0.0,0.0,4.83,4.83,0.0,1.0
2025-11-20,42,Gas Q1,0,administered_utility,17,2566.5,0.0,0.0,2566.5,2566.5,0.0,1.0
2025-11-20,43,Firewood,0,other_nonfood,17,1455.824117647059,296.25168197958857,0.20225421423363807,1000.0,2139.27,0.2034941435497018,2.13927
2025-11-20,44,Energy saver bulb (brand),0,other_nonfood,17,413.5135294117647,119.8851387235495,0.2930673484088027,260.4,575.0,0.2899182981850429,2.208141321044547
2025-11-20,45,Washing soap Sufi (brand),0,other_nonfood,17,133.34470588235294,5.404903002884348,0.04008003936545331,125.0,143.26,0.04053331526827149,1.14608
2025-11-20,46,Match box,0,other_nonfood,17,6.285294117647059,0.7513830385284429,0.1251194530999014,5.0,7.0,0.11954620173124501,1.4
2025-11-20,47,Petrol super,0,administered_utility,17,267.14941176470586,0.6793422424322929,0.002539874365400418,266.6,268.67,0.002542929957976585,1.0077644411102775
2025-11-20,48,Hi-speed diesel,0,administered_utility,17,286.2,0.6783804242458632,0.0023681807587338567,285.59,287.68,0.002370301971508956,1.0073181834097833
2025-11-20,49,LPG 11.67kg cylinder,0,administered_utility,17,3248.4711764705885,201.08830152703896,0.061967802446226454,2917.5,3578.23,0.06190244290408578,1.226471293916024
2025-11-20,50,Telephone call charges,0,administered_utility,17,1.79,0.0,0.0,1.79,1.79,0.0,1.0
2025-11-20,51,Toilet soap Lifebuoy (brand),0,other_nonfood,17,115.67764705882352,1.9448442399449535,0.01705874511646735,110.0,118.6,0.01681261928638621,1.0781818181818181
2025-11-27,1,Wheat flour 20kg,1,storable_staple,17,2147.8752941176467,241.78372875148264,0.11426980500909137,1810.0,2482.89,0.11256879271047628,1.3717624309392265
2025-11-27,2,Rice basmati broken,1,storable_staple,17,219.93823529411765,43.83929177052449,0.2029753088091383,146.59,299.93,0.19932546840661586,2.04604679718944
2025-11-27,3,Rice IRRI-6/9,1,storable_staple,14,158.01,20.090734948458973,0.1337664327142851,116.57,186.61,0.127148502933099,1.6008406965771642
2025-11-27,4,Bread plain,1,prepared_food,17,110.97470588235294,7.611726247743558,0.06750613108291191,100.0,130.0,0.0685897402225417,1.3
2025-11-27,5,Beef with bone,1,perishable,17,1164.010588235294,129.03875597425113,0.11065606696488635,932.17,1403.8,0.11085702937623719,1.5059484857912184
2025-11-27,6,Mutton,1,perishable,17,2114.708235294118,244.57985537026767,0.1186345566400014,1700.0,2491.43,0.11565654840146353,1.4655470588235293
2025-11-27,7,Chicken broiler (live),1,perishable,17,359.13,29.925673969018664,0.08182281530466541,300.0,436.57,0.08332824873727805,1.4552333333333334
2025-11-27,8,Milk fresh,1,perishable,17,204.08529411764704,22.48380364775027,0.10940163962870927,170.0,243.29,0.11016866131858209,1.4311176470588234
2025-11-27,9,Curd (dahi) loose,1,perishable,17,241.3935294117647,39.68221389066777,0.15614081326532195,180.0,335.48,0.1643880595613587,1.863777777777778
2025-11-27,10,Powdered milk NIDO 390g,1,branded_packaged,17,1124.6223529411766,26.568860421885766,0.02361993243814622,1080.0,1170.0,0.023624695305407513,1.0833333333333333
2025-11-27,11,Eggs (farm),1,perishable,17,351.5505882352941,12.070315587521032,0.034020040539880614,331.1,380.0,0.034334505449447085,1.147689519782543
2025-11-27,12,Mustard oil (avg quality),1,storable_staple,17,544.6947058823529,66.62561558042512,0.12186179518950986,440.0,652.26,0.12231735476939885,1.4824090909090908
2025-11-27,13,Cooking oil 5L tin (brand),1,branded_packaged,17,2951.48,65.9862549134287,0.022031167231247595,2850.0,3109.37,0.022357005608517996,1.0910070175438595
2025-11-27,14,Vegetable ghee 2.5kg tin (brand),1,branded_packaged,17,1509.975294117647,42.97041338491618,0.028579017066979625,1400.0,1588.54,0.028457693018100607,1.1346714285714286
2025-11-27,15,Vegetable ghee 1kg pouch (brand),1,branded_packaged,17,585.8235294117648,7.931230154566576,0.013728855864828202,560.0,592.0,0.013538599520798451,1.0571428571428572
2025-11-27,16,Bananas,1,perishable,17,133.9264705882353,30.413885796864335,0.21800205246133147,92.83,203.44,0.22709390954065825,2.191532909619735
2025-11-27,17,Pulse masoor,1,storable_staple,17,290.3658823529412,22.79374422369643,0.07817153260997645,260.0,323.2,0.07850007734720885,1.243076923076923
2025-11-27,18,Pulse moong,1,storable_staple,17,381.6664705882353,37.86298125167517,0.09647236981978949,320.0,479.96,0.09920436865549039,1.4998749999999998
2025-11-27,19,Pulse mash,1,storable_staple,17,443.87529411764706,42.430624865426964,0.09710525649106873,380.0,497.11,0.09559131906580258,1.3081842105263157
2025-11-27,20,Pulse gram,1,storable_staple,17,277.1194117647059,30.76934015188421,0.10904883905419584,240.0,346.63,0.11103278531065003,1.4442916666666668
2025-11-27,21,Potatoes,1,perishable,17,77.14470588235294,16.06173173946658,0.2100130856405192,50.0,111.87,0.20820264405390318,2.2374
2025-11-27,22,Onions,1,perishable,17,123.55764705882353,21.537856070594554,0.17557825411982342,83.2,162.57,0.17431422969992927,1.953966346153846
2025-11-27,23,Tomatoes,1,perishable,17,139.9688235294118,33.187755061609884,0.22945750011344018,99.24,209.12,0.23710819470191594,2.1072148327287388
2025-11-27,24,Sugar refined,1,storable_staple,17,190.41294117647058,13.458949515427404,0.06904926066274959,179.0,214.5,0.07068295585515873,1.1983240223463687
2025-11-27,25,Gur,1,storable_staple,17,241.5864705882353,25.011047544329404,0.10606855426877375,200.0,274.63,0.10352834528949563,1.3731499999999999
2025-11-27,26,Salt powdered 800g (brand),1,branded_packaged,17,68.6970588235294,6.03684910021971,0.08877415992541815,60.0,80.0,0.08787638369973462,1.3333333333333333
2025-11-27,27,Chilli powder 200g (brand),1,branded_packaged,17,322.3529411764706,6.642111641550714,0.020133775316577552,320.0,340.0,0.020605090858825205,1.0625
2025-11-27,28,Garlic,1,perishable,17,419.7288235294118,52.93538229322059,0.1251510141914893,329.7,531.33,0.12611805367117285,1.6115559599636033
2025-11-27,29,Tea Lipton 190g,1,branded_packaged,17,447.0641176470588,0.11511183820144688,0.0002573733636263489,447.0,447.5,0.00025748395735110993,1.0011185682326622
2025-11-27,30,Cooked beef (hotel plate),1,prepared_food,17,320.06,54.52764711593561,0.17806657179293578,200.0,450.0,0.17036695343352998,2.25
2025-11-27,31,Cooked daal (hotel plate),1,prepared_food,17,170.5929411764706,32.20893854287692,0.18767969237582535,120.0,241.4,0.1888058106082962,2.0116666666666667
2025-11-27,32,Tea prepared (cup),1,prepared_food,17,63.451764705882354,10.158842967640384,0.16595933260481202,49.32,80.0,0.16010339530712214,1.6220600162206003
2025-11-27,33,Cigarettes Capstan 20s,0,other_nonfood,17,243.88411764705882,5.998606149372877,0.02470944468492588,230.0,253.29,0.024596132816052687,1.1012608695652173
2025-11-27,34,Long cloth 57in (brand),0,other_nonfood,17,669.9617647058824,108.23311001233024,0.1812595618390961,400.0,800.0,0.16155117458060506,2.0
2025-11-27,35,Shirting,0,other_nonfood,17,533.8617647058824,162.24699609065544,0.3536754087215519,229.85,866.35,0.3039119989798133,3.769197302588645
2025-11-27,36,Lawn printed (brand),0,other_nonfood,17,670.5094117647059,98.97387000305865,0.16628957717964096,400.0,818.89,0.14760996380732447,2.047225
2025-11-27,37,Georgette,0,other_nonfood,17,313.3464705882353,64.23901403558983,0.2146700325785536,206.46,400.0,0.20500953438216804,1.9374212922600018
2025-11-27,38,Gents sandal Bata,0,other_nonfood,17,2499.0,0.0,0.0,2499.0,2499.0,0.0,1.0
2025-11-27,39,Gents sponge chappal Bata,0,other_nonfood,17,599.0,0.0,0.0,599.0,599.0,0.0,1.0
2025-11-27,40,Ladies sandal Bata,0,other_nonfood,17,1399.0,0.0,0.0,1399.0,1399.0,0.0,1.0
2025-11-27,41,Electricity Q1,0,administered_utility,17,6.0,0.0,0.0,6.0,6.0,0.0,1.0
2025-11-27,42,Gas Q1,0,administered_utility,17,2566.5,0.0,0.0,2566.5,2566.5,0.0,1.0
2025-11-27,43,Firewood,0,other_nonfood,17,1458.655294117647,295.6665854919534,0.20199972236103245,1000.0,2139.27,0.20269805120119533,2.13927
2025-11-27,44,Energy saver bulb (brand),0,other_nonfood,17,413.5135294117647,119.8851387235495,0.2930673484088027,260.4,575.0,0.2899182981850429,2.208141321044547
2025-11-27,45,Washing soap Sufi (brand),0,other_nonfood,17,133.34470588235294,5.404903002884348,0.04008003936545331,125.0,143.26,0.04053331526827149,1.14608
2025-11-27,46,Match box,0,other_nonfood,17,6.285294117647059,0.7513830385284429,0.1251194530999014,5.0,7.0,0.11954620173124501,1.4
2025-11-27,47,Petrol super,0,administered_utility,17,267.14941176470586,0.6793422424322929,0.002539874365400418,266.6,268.67,0.002542929957976585,1.0077644411102775
2025-11-27,48,Hi-speed diesel,0,administered_utility,17,286.2,0.6783804242458632,0.0023681807587338567,285.59,287.68,0.002370301971508956,1.0073181834097833
2025-11-27,49,LPG 11.67kg cylinder,0,administered_utility,17,3362.8964705882354,215.0306729847273,0.06469206561228068,2917.5,3694.93,0.06394210314393481,1.2664712939160239
2025-11-27,50,Telephone call charges,0,administered_utility,17,1.79,0.0,0.0,1.79,1.79,0.0,1.0
2025-11-27,51,Toilet soap Lifebuoy (brand),0,other_nonfood,17,115.67764705882352,1.9448442399449535,0.01705874511646735,110.0,118.6,0.01681261928638621,1.0781818181818181
2025-12-11,1,Wheat flour 20kg,1,storable_staple,17,2220.578235294118,290.74271549849897,0.1333059813480343,1810.0,2646.54,0.13093108402009976,1.4621767955801104
2025-12-11,2,Rice basmati broken,1,storable_staple,17,218.76176470588234,42.47038383322167,0.19832869041890905,146.59,289.93,0.19413988495805762,1.9778293198717511
2025-12-11,3,Rice IRRI-6/9,1,storable_staple,14,158.01,20.090734948458973,0.1337664327142851,116.57,186.61,0.127148502933099,1.6008406965771642
2025-12-11,4,Bread plain,1,prepared_food,17,111.56294117647059,7.0783011421402176,0.062262560752599026,100.0,130.0,0.0634467061149252,1.3
2025-12-11,5,Beef with bone,1,perishable,17,1164.3752941176472,129.5325123819135,0.11101943786779293,932.17,1403.8,0.11124635934505296,1.5059484857912184
2025-12-11,6,Mutton,1,perishable,17,2114.708235294118,244.57985537026767,0.1186345566400014,1700.0,2491.43,0.11565654840146353,1.4655470588235293
2025-12-11,7,Chicken broiler (live),1,perishable,17,364.1447058823529,27.489897034557764,0.07295820986540752,333.0,436.57,0.0754916839116127,1.311021021021021
2025-12-11,8,Milk fresh,1,perishable,17,204.1129411764706,22.469186891359094,0.10933104177563119,170.0,243.29,0.1100821278741598,1.4311176470588234
2025-12-11,9,Curd (dahi) loose,1,perishable,17,241.3935294117647,39.68221389066777,0.15614081326532195,180.0,335.48,0.1643880595613587,1.863777777777778
2025-12-11,10,Powdered milk NIDO 390g,1,branded_packaged,17,1133.2364705882353,30.76167602333633,0.027230107571976584,1080.0,1180.0,0.02714497531778932,1.0925925925925926
2025-12-11,11,Eggs (farm),1,perishable,17,357.5847058823529,7.454343631104498,0.021091293129721102,335.53,372.44,0.02084637152674257,1.1100050666110333
2025-12-11,12,Mustard oil (avg quality),1,storable_staple,17,543.7994117647058,67.11869062252596,0.12256822157502625,440.0,652.26,0.12342545646512625,1.4824090909090908
2025-12-11,13,Cooking oil 5L tin (brand),1,branded_packaged,17,3019.125882352941,90.25531134362836,0.030043514625743444,2850.0,3110.0,0.029894517440024172,1.0912280701754387
2025-12-11,14,Vegetable ghee 2.5kg tin (brand),1,branded_packaged,17,1524.4323529411763,50.652908792266274,0.033527212985710264,1400.0,1588.54,0.03322739030993318,1.1346714285714286
2025-12-11,15,Vegetable ghee 1kg pouch (brand),1,branded_packaged,17,588.7123529411765,8.128520413805123,0.014082031417725717,560.0,592.0,0.013807286993716805,1.0571428571428572
2025-12-11,16,Bananas,1,perishable,17,134.20823529411766,36.39186863766653,0.25869472853019077,84.46,216.0,0.27115972844672065,2.557423632488752
2025-12-11,17,Pulse masoor,1,storable_staple,17,286.3629411764706,24.331848667103436,0.08553176670561091,240.0,322.16,0.08496856669770332,1.3423333333333334
2025-12-11,18,Pulse moong,1,storable_staple,17,382.0411764705882,32.04303432150914,0.0827020968711951,330.0,459.95,0.08387324795073758,1.3937878787878788
2025-12-11,19,Pulse mash,1,storable_staple,17,442.12,40.90345003786355,0.09411054795061476,380.0,497.11,0.09251662453149269,1.3081842105263157
2025-12-11,20,Pulse gram,1,storable_staple,17,271.6035294117647,27.170203334990074,0.10020543261041125,230.0,315.82,0.10003626754716677,1.3731304347826088
2025-12-11,21,Potatoes,1,perishable,17,71.42764705882352,18.69321886721619,0.26401943795527866,43.37,111.87,0.2617084509562743,2.579432787641227
2025-12-11,22,Onions,1,perishable,17,104.05764705882353,19.8428616035502,0.18855716140876058,76.52,142.44,0.1906910463998199,1.8614741244119186
2025-12-11,23,Tomatoes,1,perishable,17,82.62294117647059,20.903456880593307,0.27222451381945817,43.09,127.55,0.2529982179640224,2.9600835460663726
2025-12-11,24,Sugar refined,1,storable_staple,17,175.09941176470588,12.755036490827957,0.0703364042665827,160.0,204.0,0.07284454220764516,1.275
2025-12-11,25,Gur,1,storable_staple,17,238.9964705882353,24.88729644346099,0.10668318998894398,200.0,274.63,0.10413248522962111,1.3731499999999999
2025-12-11,26,Salt powdered 800g (brand),1,branded_packaged,17,68.10882352941177,6.3794375558831025,0.0940514095573903,60.0,80.0,0.09366536118669322,1.3333333333333333
2025-12-11,27,Chilli powder 200g (brand),1,branded_packaged,17,322.3529411764706,6.642111641550714,0.020133775316577552,320.0,340.0,0.020605090858825205,1.0625
2025-12-11,28,Garlic,1,perishable,17,427.6705882352941,50.4553031740208,0.11827486918972141,340.69,531.33,0.11797702381689504,1.5595702838357453
2025-12-11,29,Tea Lipton 190g,1,branded_packaged,17,447.0641176470588,0.11511183820144688,0.0002573733636263489,447.0,447.5,0.00025748395735110993,1.0011185682326622
2025-12-11,30,Cooked beef (hotel plate),1,prepared_food,17,320.06,54.52764711593561,0.17806657179293578,200.0,450.0,0.17036695343352998,2.25
2025-12-11,31,Cooked daal (hotel plate),1,prepared_food,17,170.5929411764706,32.20893854287692,0.18767969237582535,120.0,241.4,0.1888058106082962,2.0116666666666667
2025-12-11,32,Tea prepared (cup),1,prepared_food,17,63.739999999999995,9.79585307668505,0.15886136277282747,50.0,80.0,0.15368454779863588,1.6
2025-12-11,33,Cigarettes Capstan 20s,0,other_nonfood,17,244.47235294117647,4.950806158359162,0.020169424463803844,240.0,253.29,0.02025098584276479,1.055375
2025-12-11,34,Long cloth 57in (brand),0,other_nonfood,17,669.9617647058824,108.23311001233024,0.1812595618390961,400.0,800.0,0.16155117458060506,2.0
2025-12-11,35,Shirting,0,other_nonfood,17,533.8617647058824,162.24699609065544,0.3536754087215519,229.85,866.35,0.3039119989798133,3.769197302588645
2025-12-11,36,Lawn printed (brand),0,other_nonfood,17,670.5094117647059,98.97387000305865,0.16628957717964096,400.0,818.89,0.14760996380732447,2.047225
2025-12-11,37,Georgette,0,other_nonfood,17,313.3464705882353,64.23901403558983,0.2146700325785536,206.46,400.0,0.20500953438216804,1.9374212922600018
2025-12-11,38,Gents sandal Bata,0,other_nonfood,17,2499.0,0.0,0.0,2499.0,2499.0,0.0,1.0
2025-12-11,39,Gents sponge chappal Bata,0,other_nonfood,17,599.0,0.0,0.0,599.0,599.0,0.0,1.0
2025-12-11,40,Ladies sandal Bata,0,other_nonfood,17,1399.0,0.0,0.0,1399.0,1399.0,0.0,1.0
2025-12-11,41,Electricity Q1,0,administered_utility,17,6.0,0.0,0.0,6.0,6.0,0.0,1.0
2025-12-11,42,Gas Q1,0,administered_utility,17,2566.5,0.0,0.0,2566.5,2566.5,0.0,1.0
2025-12-11,43,Firewood,0,other_nonfood,17,1459.8088235294117,295.29670043200525,0.2017965069705472,1000.0,2139.27,0.20228450169115977,2.13927
2025-12-11,44,Energy saver bulb (brand),0,other_nonfood,17,413.5135294117647,119.8851387235495,0.2930673484088027,260.4,575.0,0.2899182981850429,2.208141321044547
2025-12-11,45,Washing soap Sufi (brand),0,other_nonfood,17,133.6370588235294,5.988922862988262,0.044072107472236506,125.0,145.92,0.044814835912370406,1.16736
2025-12-11,46,Match box,0,other_nonfood,17,6.285294117647059,0.7513830385284429,0.1251194530999014,5.0,7.0,0.11954620173124501,1.4
2025-12-11,47,Petrol super,0,administered_utility,17,265.19176470588235,0.694759268507052,0.0026171252796144745,264.57,266.69,0.0026198372686180222,1.0080130022300338
2025-12-11,48,Hi-speed diesel,0,administered_utility,17,281.4182352941176,0.7188379102248782,0.0025517449202603665,280.8,282.87,0.002554340195736079,1.0073717948717948
2025-12-11,49,LPG 11.67kg cylinder,0,administered_utility,17,3477.305882352941,208.94737325038398,0.061067338680964665,3072.61,3756.54,0.06008886773831885,1.2225892645015148
2025-12-11,50,Telephone call charges,0,administered_utility,17,1.79,0.0,0.0,1.79,1.79,0.0,1.0
2025-12-11,51,Toilet soap Lifebuoy (brand),0,other_nonfood,17,115.67764705882352,1.9448442399449535,0.01705874511646735,110.0,118.6,0.01681261928638621,1.0781818181818181
2025-12-18,1,Wheat flour 20kg,1,storable_staple,17,2220.305294117647,287.3182748085661,0.13205230796475584,1810.0,2632.13,0.1294048505715728,1.4542154696132596
2025-12-18,2,Rice basmati broken,1,storable_staple,17,218.76176470588234,42.47038383322167,0.19832869041890905,146.59,289.93,0.19413988495805762,1.9778293198717511
2025-12-18,3,Rice IRRI-6/9,1,storable_staple,14,157.78785714285712,20.245932612814798,0.13473206113340097,116.57,186.61,0.12831109427187826,1.6008406965771642
2025-12-18,4,Bread plain,1,prepared_food,17,111.56294117647059,7.0783011421402176,0.062262560752599026,100.0,130.0,0.0634467061149252,1.3
2025-12-18,5,Beef with bone,1,perishable,17,1166.7988235294117,127.44110653956758,0.10880446228628828,932.17,1403.8,0.10922286170470685,1.5059484857912184
2025-12-18,6,Mutton,1,perishable,17,2118.199411764706,243.27010434573,0.11739103227367324,1700.0,2491.43,0.11484759319381445,1.4655470588235293
2025-12-18,7,Chicken broiler (live),1,perishable,17,405.1364705882353,37.129451911719734,0.09097045519865936,358.0,473.1,0.0916467773385345,1.3215083798882683
2025-12-18,8,Milk fresh,1,perishable,17,204.23058823529414,22.41336472692918,0.10906741889738804,170.0,243.29,0.10974538594143761,1.4311176470588234
2025-12-18,9,Curd (dahi) loose,1,perishable,17,241.95,38.82741380133371,0.15340329904787067,180.0,331.8,0.16047701509127388,1.8433333333333335
2025-12-18,10,Powdered milk NIDO 390g,1,branded_packaged,17,1133.6335294117648,30.959670932758772,0.027404228128382488,1080.0,1180.0,0.027310122830279684,1.0925925925925926
2025-12-18,11,Eggs (farm),1,perishable,17,367.89764705882357,7.800092571094721,0.02109794021513318,356.64,382.44,0.021201800646057287,1.072341857335128
2025-12-18,12,Mustard oil (avg quality),1,storable_staple,17,544.9135294117648,65.48582909122176,0.11866991290168968,458.32,652.26,0.1201765519786485,1.4231541281200908
2025-12-18,13,Cooking oil 5L tin (brand),1,branded_packaged,17,3028.795294117647,90.62216927424873,0.030170317055947877,2850.0,3110.0,0.029920202745378644,1.0912280701754387
2025-12-18,14,Vegetable ghee 2.5kg tin (brand),1,branded_packaged,17,1525.934705882353,52.22273907476122,0.034513954443763754,1400.0,1588.54,0.034223442768191094,1.1346714285714286
2025-12-18,15,Vegetable ghee 1kg pouch (brand),1,branded_packaged,17,589.5758823529412,7.814834498266381,0.0135619882613795,560.0,592.0,0.01325501047817309,1.0571428571428572
2025-12-18,16,Bananas,1,perishable,17,133.4394117647059,36.233993788738665,0.25608528843341494,86.18,216.0,0.2715389202451684,2.5063819911812484
2025-12-18,17,Pulse masoor,1,storable_staple,17,283.7711764705883,26.458163646205907,0.0942550054731227,240.0,322.16,0.09323767119437583,1.3423333333333334
2025-12-18,18,Pulse moong,1,storable_staple,17,383.0664705882353,30.347112700629463,0.07751206259292424,340.0,459.95,0.07922153211172088,1.3527941176470588
2025-12-18,19,Pulse mash,1,storable_staple,17,436.74411764705883,43.644575988721606,0.10189435047402279,364.92,497.11,0.09993168591223388,1.3622437794585114
2025-12-18,20,Pulse gram,1,storable_staple,17,269.1141176470588,28.87628678059723,0.10729149633718232,230.0,315.82,0.10730127067680735,1.3731304347826088
2025-12-18,21,Potatoes,1,perishable,17,65.12058823529412,15.489422790483605,0.24476284333737816,40.0,92.83,0.2378575379957737,2.32075
2025-12-18,22,Onions,1,perishable,17,100.3264705882353,18.964201782956895,0.18339765853203893,73.19,139.24,0.18902490710343714,1.9024456893018173
2025-12-18,23,Tomatoes,1,perishable,17,74.38176470588235,23.204160250721774,0.3281384344010198,39.85,122.82,0.31196033520412986,3.082057716436637
2025-12-18,24,Sugar refined,1,storable_staple,17,167.08705882352942,10.891275042841567,0.06177636371556952,157.48,196.66,0.0651832351321983,1.2487934975869952
2025-12-18,25,Gur,1,storable_staple,17,236.64235294117648,25.832553234584605,0.11317868238049822,190.0,267.97,0.10916284812721562,1.4103684210526317
2025-12-18,26,Salt powdered 800g (brand),1,branded_packaged,17,67.3229411764706,6.095075640123222,0.09010532945873145,60.0,80.0,0.09053489841072859,1.3333333333333333
2025-12-18,27,Chilli powder 200g (brand),1,branded_packaged,17,332.94117647058823,23.389288649495345,0.06712602050189895,320.0,380.0,0.07025051361155846,1.1875
2025-12-18,28,Garlic,1,perishable,17,423.6594117647059,60.24717301153933,0.14581032365725416,311.51,531.33,0.14220662007858262,1.7056595293891048
2025-12-18,29,Tea Lipton 190g,1,branded_packaged,17,447.0641176470588,0.11511183820144688,0.0002573733636263489,447.0,447.5,0.00025748395735110993,1.0011185682326622
2025-12-18,30,Cooked beef (hotel plate),1,prepared_food,17,320.06,54.52764711593561,0.17806657179293578,200.0,450.0,0.17036695343352998,2.25
2025-12-18,31,Cooked daal (hotel plate),1,prepared_food,17,170.5929411764706,32.20893854287692,0.18767969237582535,120.0,241.4,0.1888058106082962,2.0116666666666667
2025-12-18,32,Tea prepared (cup),1,prepared_food,17,63.739999999999995,9.79585307668505,0.15886136277282747,50.0,80.0,0.15368454779863588,1.6
2025-12-18,33,Cigarettes Capstan 20s,0,other_nonfood,17,244.47235294117647,4.950806158359162,0.020169424463803844,240.0,253.29,0.02025098584276479,1.055375
2025-12-18,34,Long cloth 57in (brand),0,other_nonfood,17,669.9617647058824,108.23311001233024,0.1812595618390961,400.0,800.0,0.16155117458060506,2.0
2025-12-18,35,Shirting,0,other_nonfood,17,538.3470588235294,154.47046007104012,0.3220421752326168,229.85,866.35,0.2869347153277114,3.769197302588645
2025-12-18,36,Lawn printed (brand),0,other_nonfood,17,670.5094117647059,98.97387000305865,0.16628957717964096,400.0,818.89,0.14760996380732447,2.047225
2025-12-18,37,Georgette,0,other_nonfood,17,313.3464705882353,64.23901403558983,0.2146700325785536,206.46,400.0,0.20500953438216804,1.9374212922600018
2025-12-18,38,Gents sandal Bata,0,other_nonfood,17,2499.0,0.0,0.0,2499.0,2499.0,0.0,1.0
2025-12-18,39,Gents sponge chappal Bata,0,other_nonfood,17,599.0,0.0,0.0,599.0,599.0,0.0,1.0
2025-12-18,40,Ladies sandal Bata,0,other_nonfood,17,1399.0,0.0,0.0,1399.0,1399.0,0.0,1.0
2025-12-18,41,Electricity Q1,0,administered_utility,17,6.0,0.0,0.0,6.0,6.0,0.0,1.0
2025-12-18,42,Gas Q1,0,administered_utility,17,2566.5,0.0,0.0,2566.5,2566.5,0.0,1.0
2025-12-18,43,Firewood,0,other_nonfood,17,1472.2423529411765,295.60211872399964,0.2017065169751225,1000.0,2139.27,0.20078359933978238,2.13927
2025-12-18,44,Energy saver bulb (brand),0,other_nonfood,17,415.2782352941176,122.21788710307987,0.2970091855784316,260.4,580.0,0.2943036179503123,2.227342549923195
2025-12-18,45,Washing soap Sufi (brand),0,other_nonfood,17,133.6370588235294,5.988922862988262,0.044072107472236506,125.0,145.92,0.044814835912370406,1.16736
2025-12-18,46,Match box,0,other_nonfood,17,6.285294117647059,0.7513830385284429,0.1251194530999014,5.0,7.0,0.11954620173124501,1.4
2025-12-18,47,Petrol super,0,administered_utility,17,265.19176470588235,0.694759268507052,0.0026171252796144745,264.57,266.69,0.0026198372686180222,1.0080130022300338
2025-12-18,48,Hi-speed diesel,0,administered_utility,17,267.34,0.6569531946798132,0.0024547795428629332,266.59,268.85,0.00245736962175437,1.0084774372632133
2025-12-18,49,LPG 11.67kg cylinder,0,administered_utility,17,3472.8688235294117,213.58648262713004,0.06240673965264045,3072.61,3756.54,0.06150145412347193,1.2225892645015148
2025-12-18,50,Telephone call charges,0,administered_utility,17,1.79,0.0,0.0,1.79,1.79,0.0,1.0
2025-12-18,51,Toilet soap Lifebuoy (brand),0,other_nonfood,17,115.80529411764707,1.8985129629760866,0.016667387241719685,110.0,118.6,0.016394008386588783,1.0781818181818181
2025-12-24,1,Wheat flour 20kg,1,storable_staple,17,2217.4241176470587,284.35512548261767,0.13097555655527182,1810.0,2599.68,0.1282366883356311,1.4362872928176795
2025-12-24,2,Rice basmati broken,1,storable_staple,17,218.35235294117646,42.25214129624257,0.1973124421834522,146.59,289.93,0.19350440115305367,1.9778293198717511
2025-12-24,3,Rice IRRI-6/9,1,storable_staple,14,157.78785714285712,20.245932612814798,0.13473206113340097,116.57,186.61,0.12831109427187826,1.6008406965771642
2025-12-24,4,Bread plain,1,prepared_food,17,111.56294117647059,7.0783011421402176,0.062262560752599026,100.0,130.0,0.0634467061149252,1.3
2025-12-24,5,Beef with bone,1,perishable,17,1166.9752941176469,127.68604755011643,0.10898403683415761,932.17,1403.8,0.10941623888161248,1.5059484857912184
2025-12-24,6,Mutton,1,perishable,17,2122.1582352941177,237.07331922939215,0.11375246684031097,1700.0,2491.43,0.11171330925591196,1.4655470588235293
2025-12-24,7,Chicken broiler (live),1,perishable,17,426.2264705882353,35.40950206886147,0.08107345570011293,388.0,499.91,0.08307673153193137,1.2884278350515466
2025-12-24,8,Milk fresh,1,perishable,17,204.60882352941175,22.02988052689828,0.1069519406912655,170.0,243.29,0.10766828207548716,1.4311176470588234
2025-12-24,9,Curd (dahi) loose,1,perishable,17,241.95,38.82741380133371,0.15340329904787067,180.0,331.8,0.16047701509127388,1.8433333333333335
2025-12-24,10,Powdered milk NIDO 390g,1,branded_packaged,17,1133.699411764706,30.995314458517033,0.02743570097918902,1080.0,1180.0,0.027339975779179435,1.0925925925925926
2025-12-24,11,Eggs (farm),1,perishable,17,370.074705882353,9.661836728624039,0.025922449144054477,352.2,392.44,0.026107800871145035,1.1142532651902328
2025-12-24,12,Mustard oil (avg quality),1,storable_staple,17,545.399411764706,64.95728889726196,0.11752991842040614,460.0,652.26,0.119100401460069,1.4179565217391303
2025-12-24,13,Cooking oil 5L tin (brand),1,branded_packaged,17,3028.795294117647,90.62216927424873,0.030170317055947877,2850.0,3110.0,0.029920202745378644,1.0912280701754387
2025-12-24,14,Vegetable ghee 2.5kg tin (brand),1,branded_packaged,17,1534.4552941176469,53.76708776259494,0.035539175383928395,1400.0,1588.54,0.03503985288376385,1.1346714285714286
2025-12-24,15,Vegetable ghee 1kg pouch (brand),1,branded_packaged,17,589.5882352941177,7.818718113679281,0.013568527888163328,560.0,592.0,0.013261319757811809,1.0571428571428572
2025-12-24,16,Bananas,1,perishable,17,136.34411764705882,35.125222963495816,0.24567521012769963,86.18,216.0,0.2576218436824768,2.5063819911812484
2025-12-24,17,Pulse masoor,1,storable_staple,17,281.7011764705882,26.52506005703686,0.095014177842915,240.0,322.16,0.09416027433526278,1.3423333333333334
2025-12-24,18,Pulse moong,1,storable_staple,17,384.7964705882353,28.726248437008017,0.07288074275094651,340.0,459.95,0.07465309750137372,1.3527941176470588
2025-12-24,19,Pulse mash,1,storable_staple,17,436.5394117647059,42.513124513288275,0.09936991241378856,368.22,497.11,0.0973866811737099,1.3500353049807179
2025-12-24,20,Pulse gram,1,storable_staple,17,264.52941176470586,29.948102083142977,0.11332839013707492,220.0,315.82,0.11321274970278646,1.4355454545454545
2025-12-24,21,Potatoes,1,perishable,17,58.45117647058824,14.382052132064176,0.24968196268885456,35.57,86.18,0.2460523979239496,2.4228282260331744
2025-12-24,22,Onions,1,perishable,17,93.23,19.393715799196393,0.2055747444897538,63.98,128.01,0.20802012012438478,2.000781494216943
2025-12-24,23,Tomatoes,1,perishable,17,66.63647058823528,18.928877720686607,0.2969378235170507,36.34,100.0,0.28406182910936634,2.7517886626307098
2025-12-24,24,Sugar refined,1,storable_staple,17,160.01117647058823,9.852267430871521,0.059181072659829644,146.0,188.49,0.06157237043177714,1.291027397260274
2025-12-24,25,Gur,1,storable_staple,17,235.56411764705882,26.435685649048228,0.1166392262772801,190.0,267.97,0.11222288824419475,1.4103684210526317
2025-12-24,26,Salt powdered 800g (brand),1,branded_packaged,17,67.3229411764706,6.095075640123222,0.09010532945873145,60.0,80.0,0.09053489841072859,1.3333333333333333
2025-12-24,27,Chilli powder 200g (brand),1,branded_packaged,17,354.11764705882354,28.952293417234618,0.08272785546637308,320.0,380.0,0.08175896812175888,1.1875
2025-12-24,28,Garlic,1,perishable,17,429.85235294117643,59.388164491063776,0.14359917965589172,311.51,531.33,0.13815944959871096,1.7056595293891048
2025-12-24,29,Tea Lipton 190g,1,branded_packaged,17,447.0641176470588,0.11511183820144688,0.0002573733636263489,447.0,447.5,0.00025748395735110993,1.0011185682326622
2025-12-24,30,Cooked beef (hotel plate),1,prepared_food,17,320.06,54.52764711593561,0.17806657179293578,200.0,450.0,0.17036695343352998,2.25
2025-12-24,31,Cooked daal (hotel plate),1,prepared_food,17,170.5929411764706,32.20893854287692,0.18767969237582535,120.0,241.4,0.1888058106082962,2.0116666666666667
2025-12-24,32,Tea prepared (cup),1,prepared_food,17,63.739999999999995,9.79585307668505,0.15886136277282747,50.0,80.0,0.15368454779863588,1.6
2025-12-24,33,Cigarettes Capstan 20s,0,other_nonfood,17,244.47235294117647,4.950806158359162,0.020169424463803844,240.0,253.29,0.02025098584276479,1.055375
2025-12-24,34,Long cloth 57in (brand),0,other_nonfood,17,669.9617647058824,108.23311001233024,0.1812595618390961,400.0,800.0,0.16155117458060506,2.0
2025-12-24,35,Shirting,0,other_nonfood,17,538.3470588235294,154.47046007104012,0.3220421752326168,229.85,866.35,0.2869347153277114,3.769197302588645
2025-12-24,36,Lawn printed (brand),0,other_nonfood,17,670.5094117647059,98.97387000305865,0.16628957717964096,400.0,818.89,0.14760996380732447,2.047225
2025-12-24,37,Georgette,0,other_nonfood,17,313.3464705882353,64.23901403558983,0.2146700325785536,206.46,400.0,0.20500953438216804,1.9374212922600018
2025-12-24,38,Gents sandal Bata,0,other_nonfood,17,2499.0,0.0,0.0,2499.0,2499.0,0.0,1.0
2025-12-24,39,Gents sponge chappal Bata,0,other_nonfood,17,599.0,0.0,0.0,599.0,599.0,0.0,1.0
2025-12-24,40,Ladies sandal Bata,0,other_nonfood,17,1399.0,0.0,0.0,1399.0,1399.0,0.0,1.0
2025-12-24,41,Electricity Q1,0,administered_utility,17,6.1,0.0,0.0,6.1,6.1,0.0,1.0
2025-12-24,42,Gas Q1,0,administered_utility,17,2566.5,0.0,0.0,2566.5,2566.5,0.0,1.0
2025-12-24,43,Firewood,0,other_nonfood,17,1472.2423529411765,295.60211872399964,0.2017065169751225,1000.0,2139.27,0.20078359933978238,2.13927
2025-12-24,44,Energy saver bulb (brand),0,other_nonfood,17,415.2782352941176,122.21788710307987,0.2970091855784316,260.4,580.0,0.2943036179503123,2.227342549923195
2025-12-24,45,Washing soap Sufi (brand),0,other_nonfood,17,133.6370588235294,5.988922862988262,0.044072107472236506,125.0,145.92,0.044814835912370406,1.16736
2025-12-24,46,Match box,0,other_nonfood,17,6.285294117647059,0.7513830385284429,0.1251194530999014,5.0,7.0,0.11954620173124501,1.4
2025-12-24,47,Petrol super,0,administered_utility,17,265.19176470588235,0.694759268507052,0.0026171252796144745,264.57,266.69,0.0026198372686180222,1.0080130022300338
2025-12-24,48,Hi-speed diesel,0,administered_utility,17,267.34,0.6569531946798132,0.0024547795428629332,266.59,268.85,0.00245736962175437,1.0084774372632133
2025-12-24,49,LPG 11.67kg cylinder,0,administered_utility,17,3445.8229411764705,213.55503874191032,0.06227476378630808,3072.61,3756.54,0.061975047002559715,1.2225892645015148
2025-12-24,50,Telephone call charges,0,administered_utility,17,1.79,0.0,0.0,1.79,1.79,0.0,1.0
2025-12-24,51,Toilet soap Lifebuoy (brand),0,other_nonfood,17,115.80529411764707,1.8985129629760866,0.016667387241719685,110.0,118.6,0.016394008386588783,1.0781818181818181
2026-02-26,1,Wheat flour 20kg,1,storable_staple,17,2300.208823529412,342.2599077068908,0.1509318939253457,1810.0,2832.94,0.1487951459910198,1.5651602209944753
2026-02-26,2,Rice basmati broken,1,storable_staple,17,219.56294117647056,41.306400497487346,0.19285743441284686,146.59,289.93,0.18813011101125632,1.9778293198717511
2026-02-26,3,Rice IRRI-6/9,1,storable_staple,14,156.9364285714286,24.036193736543634,0.15781430972361984,116.57,196.61,0.15315879146315425,1.6866260615938924
2026-02-26,4,Bread plain,1,prepared_food,17,110.97470588235294,8.392757381849437,0.07486432814792413,100.0,130.0,0.07562766051163776,1.3
2026-02-26,5,Beef with bone,1,perishable,17,1191.1111764705881,136.2695878067788,0.11103749217727818,1000.0,1459.63,0.1144054312466135,1.4596300000000002
2026-02-26,6,Mutton,1,perishable,17,2182.04,262.90259470001445,0.11976188124772066,1800.0,2642.77,0.12048477328555593,1.4682055555555555
2026-02-26,7,Chicken broiler (live),1,perishable,17,340.2076470588235,27.99096428524117,0.07973901545827887,303.0,413.31,0.08227611732784301,1.3640594059405942
2026-02-26,8,Milk fresh,1,perishable,17,204.7570588235294,22.25951615733872,0.10789184144470389,170.0,243.29,0.1087118377516995,1.4311176470588234
2026-02-26,9,Curd (dahi) loose,1,perishable,17,242.63235294117646,38.83545328199025,0.15362396109619997,180.0,331.8,0.1600588413343437,1.8433333333333335
2026-02-26,10,Powdered milk NIDO 390g,1,branded_packaged,17,1142.024705882353,27.143042874198727,0.023922363415802495,1100.0,1180.0,0.02376747432379532,1.0727272727272728
2026-02-26,11,Eggs (farm),1,perishable,17,241.12764705882353,26.334710110757765,0.10136459187745549,213.32,320.0,0.10921480979878415,1.5000937558597414
2026-02-26,12,Mustard oil (avg quality),1,storable_staple,17,556.2035294117646,65.24961263689391,0.11592494323228482,460.0,686.46,0.1173124749961606,1.4923043478260871
2026-02-26,13,Cooking oil 5L tin (brand),1,branded_packaged,17,2996.695294117647,70.14595899957881,0.023333842813938892,2850.0,3110.0,0.023407771600026064,1.0912280701754387
2026-02-26,14,Vegetable ghee 2.5kg tin (brand),1,branded_packaged,17,1513.664117647059,35.42809144217762,0.02386172998525543,1400.0,1578.88,0.023405517134970088,1.1277714285714286
2026-02-26,15,Vegetable ghee 1kg pouch (brand),1,branded_packaged,17,588.4741176470588,7.367251063680003,0.012809839132534436,560.0,592.0,0.012519243995193956,1.0571428571428572
2026-02-26,16,Bananas,1,perishable,17,216.08647058823527,72.00514295357455,0.3399534383211573,106.27,364.5,0.33322374490897366,3.4299425990401806
2026-02-26,17,Pulse masoor,1,storable_staple,17,264.05294117647054,22.458460756668607,0.08507467251724687,220.0,303.22,0.08505287105156417,1.3782727272727273
2026-02-26,18,Pulse moong,1,storable_staple,17,391.20411764705887,26.873151578021023,0.06768887086740846,341.65,459.95,0.068693427205349,1.3462607932094248
2026-02-26,19,Pulse mash,1,storable_staple,17,461.08647058823533,24.39737612458982,0.052657514016138635,422.95,512.99,0.05291279983440989,1.2128856838869844
2026-02-26,20,Pulse gram,1,storable_staple,17,251.79529411764707,27.999049117257318,0.10829218582908254,216.47,310.28,0.11119766640346836,1.4333625906592136
2026-02-26,21,Potatoes,1,perishable,17,34.03764705882353,9.781510318843765,0.2767503919061102,20.0,56.01,0.2873732811771464,2.8005
2026-02-26,22,Onions,1,perishable,17,66.76529411764706,11.868084890604221,0.17758339153273364,47.85,87.81,0.17775829564521173,1.8351097178683387
2026-02-26,23,Tomatoes,1,perishable,17,72.35588235294118,13.977777031248351,0.1945896108836721,49.66,100.0,0.19318093535321487,2.0136931131695532
2026-02-26,24,Sugar refined,1,storable_staple,17,151.93176470588236,5.366027668692773,0.035176201624094246,143.29,162.12,0.03531866873975048,1.1314118221787983
2026-02-26,25,Gur,1,storable_staple,17,227.6335294117647,32.68256147037295,0.15001376841183556,166.41,267.97,0.14357534039396144,1.6102998617871525
2026-02-26,26,Salt powdered 800g (brand),1,branded_packaged,17,63.13705882352941,4.343183977086802,0.06709544790168534,60.0,70.0,0.06878977351837333,1.1666666666666667
2026-02-26,27,Chilli powder 200g (brand),1,branded_packaged,17,369.4117647058824,23.577157439801258,0.0675290093938357,320.0,380.0,0.06382351536251933,1.1875
2026-02-26,28,Garlic,1,perishable,17,521.5935294117647,64.39730894427737,0.13026496170892185,398.84,604.39,0.1234626300232337,1.5153695717580986
2026-02-26,29,Tea Lipton 190g,1,branded_packaged,17,447.0641176470588,0.11511183820144688,0.0002573733636263489,447.0,447.5,0.00025748395735110993,1.0011185682326622
2026-02-26,30,Cooked beef (hotel plate),1,prepared_food,17,320.65705882352944,54.25576602591491,0.17732818009189913,200.0,450.0,0.16920184518929943,2.25
2026-02-26,31,Cooked daal (hotel plate),1,prepared_food,17,170.89882352941177,32.25032400658032,0.18807789769469485,120.0,241.4,0.18871004106725184,2.0116666666666667
2026-02-26,32,Tea prepared (cup),1,prepared_food,17,64.12,9.344436178817853,0.1503134301806168,50.0,80.0,0.1457335648599166,1.6
2026-02-26,33,Cigarettes Capstan 20s,0,other_nonfood,17,245.38411764705882,5.118241957478571,0.020853727315682285,240.0,253.29,0.0208580816336298,1.055375
2026-02-26,34,Long cloth 57in (brand),0,other_nonfood,17,676.8629411764706,110.25626443453822,0.18443422787741046,400.0,800.0,0.16289304337285676,2.0
2026-02-26,35,Shirting,0,other_nonfood,17,553.3382352941177,152.828798547398,0.31113953507751,239.86,866.35,0.2761941770862164,3.611898607521054
2026-02-26,36,Lawn printed (brand),0,other_nonfood,17,673.5394117647058,99.11494025061184,0.16679144872317683,400.0,818.89,0.147155368370985,2.047225
2026-02-26,37,Georgette,0,other_nonfood,17,315.96999999999997,66.65384206855595,0.22107212398661077,206.46,400.0,0.21094990685367582,1.9374212922600018
2026-02-26,38,Gents sandal Bata,0,other_nonfood,17,2499.0,0.0,0.0,2499.0,2499.0,0.0,1.0
2026-02-26,39,Gents sponge chappal Bata,0,other_nonfood,17,599.0,0.0,0.0,599.0,599.0,0.0,1.0
2026-02-26,40,Ladies sandal Bata,0,other_nonfood,17,1399.0,0.0,0.0,1399.0,1399.0,0.0,1.0
2026-02-26,41,Electricity Q1,0,administered_utility,17,7.04,0.0,0.0,7.04,7.04,0.0,1.0
2026-02-26,42,Gas Q1,0,administered_utility,17,2566.5,0.0,0.0,2566.5,2566.5,0.0,1.0
2026-02-26,43,Firewood,0,other_nonfood,17,1500.3888235294119,295.14848233309516,0.1963850494603544,1065.6,2139.27,0.1967146633622664,2.0075731981981986
2026-02-26,44,Energy saver bulb (brand),0,other_nonfood,17,415.2782352941176,122.21788710307987,0.2970091855784316,260.4,580.0,0.2943036179503123,2.227342549923195
2026-02-26,45,Washing soap Sufi (brand),0,other_nonfood,17,133.6370588235294,5.988922862988262,0.044072107472236506,125.0,145.92,0.044814835912370406,1.16736
2026-02-26,46,Match box,0,other_nonfood,17,6.285294117647059,0.7513830385284429,0.1251194530999014,5.0,7.0,0.11954620173124501,1.4
2026-02-26,47,Petrol super,0,administered_utility,17,259.78000000000003,0.7655145328470168,0.002946044977608339,258.17,261.29,0.0029467800941066157,1.0120850602316303
2026-02-26,48,Hi-speed diesel,0,administered_utility,17,277.3064705882353,0.7741684343254194,0.0027909717442795227,275.7,278.84,0.0027917431305631546,1.0113891911498005
2026-02-26,49,LPG 11.67kg cylinder,0,administered_utility,17,3564.695294117647,196.37486298905637,0.05491225776537565,3228.23,3968.0,0.0550888215643868,1.2291565346954834
2026-02-26,50,Telephone call charges,0,administered_utility,17,1.79,0.0,0.0,1.79,1.79,0.0,1.0
2026-02-26,51,Toilet soap Lifebuoy (brand),0,other_nonfood,17,115.80529411764707,1.8985129629760866,0.016667387241719685,110.0,118.6,0.016394008386588783,1.0781818181818181
2026-03-11,1,Wheat flour 20kg,1,storable_staple,17,2277.2400000000002,359.6013579646216,0.1613498276989355,1810.0,2783.29,0.157911049324894,1.5377292817679558
2026-03-11,2,Rice basmati broken,1,storable_staple,17,219.56294117647056,41.306400497487346,0.19285743441284686,146.59,289.93,0.18813011101125632,1.9778293198717511
2026-03-11,3,Rice IRRI-6/9,1,storable_staple,14,156.69285714285712,24.34824126599811,0.1602793265581056,116.57,196.61,0.155388329180824,1.6866260615938924
2026-03-11,4,Bread plain,1,prepared_food,17,110.97470588235294,8.392757381849437,0.07486432814792413,100.0,130.0,0.07562766051163776,1.3
2026-03-11,5,Beef with bone,1,perishable,17,1201.7741176470588,135.93340198691158,0.11079759604275802,1000.0,1459.63,0.11311060871659824,1.4596300000000002
2026-03-11,6,Mutton,1,perishable,17,2201.4011764705883,258.69958989343104,0.11803525668164505,1800.0,2642.77,0.11751587700529575,1.4682055555555555
2026-03-11,7,Chicken broiler (live),1,perishable,17,378.1929411764706,29.862117466094443,0.07628705548981121,348.0,450.0,0.07896000748506918,1.293103448275862
2026-03-11,8,Milk fresh,1,perishable,17,204.92058823529413,22.363954108841146,0.10839922050953531,170.0,243.29,0.10913473507680146,1.4311176470588234
2026-03-11,9,Curd (dahi) loose,1,perishable,17,242.63235294117646,38.83545328199025,0.15362396109619997,180.0,331.8,0.1600588413343437,1.8433333333333335
2026-03-11,10,Powdered milk NIDO 390g,1,branded_packaged,17,1142.024705882353,27.143042874198727,0.023922363415802495,1100.0,1180.0,0.02376747432379532,1.0727272727272728
2026-03-11,11,Eggs (farm),1,perishable,17,220.85,15.3407223591329,0.06916887477043811,193.28,257.41,0.06946217957497351,1.331798427152318
2026-03-11,12,Mustard oil (avg quality),1,storable_staple,17,556.7535294117647,66.30904528618028,0.11857115525510085,450.0,686.46,0.11909946104201402,1.5254666666666667
2026-03-11,13,Cooking oil 5L tin (brand),1,branded_packaged,17,2985.524117647059,63.62247647832715,0.021187531699042854,2850.0,3110.0,0.021310320724680355,1.0912280701754387
2026-03-11,14,Vegetable ghee 2.5kg tin (brand),1,branded_packaged,17,1510.8517647058823,33.13182085157976,0.022400863119128905,1400.0,1578.88,0.02192923331431495,1.1277714285714286
2026-03-11,15,Vegetable ghee 1kg pouch (brand),1,branded_packaged,17,588.4741176470588,7.367251063680003,0.012809839132534436,560.0,592.0,0.012519243995193956,1.0571428571428572
2026-03-11,16,Bananas,1,perishable,17,224.80117647058822,67.09477167432208,0.292060299951789,129.27,364.5,0.298462724829647,2.819679740078904
2026-03-11,17,Pulse masoor,1,storable_staple,17,263.2535294117647,22.63256446505137,0.08564084094827945,220.0,303.22,0.08597250154869122,1.3782727272727273
2026-03-11,18,Pulse moong,1,storable_staple,17,389.0964705882353,27.07794788688215,0.0693707202202861,341.65,449.95,0.06959186200261791,1.3169910727352554
2026-03-11,19,Pulse mash,1,storable_staple,17,465.95411764705887,24.103622927586922,0.051771665308750194,422.95,512.99,0.05172960601636839,1.2128856838869844
2026-03-11,20,Pulse gram,1,storable_staple,17,250.85176470588237,28.174405547254704,0.1103240642522003,210.0,305.36,0.11231495851858372,1.454095238095238
2026-03-11,21,Potatoes,1,perishable,17,31.897058823529413,10.76978572483332,0.3348577848170362,20.0,50.9,0.3376419683211921,2.545
2026-03-11,22,Onions,1,perishable,17,69.22058823529412,14.626053154639939,0.21746605840852598,43.09,95.53,0.21129628521680813,2.2169877001624507
2026-03-11,23,Tomatoes,1,perishable,17,63.48470588235294,15.398887588737972,0.2575859234478485,40.0,86.5,0.24256058801429295,2.1625
2026-03-11,24,Sugar refined,1,storable_staple,17,151.28764705882352,3.8905743943082465,0.025851144140008168,142.9,157.67,0.02571640494081792,1.1033589923023093
2026-03-11,25,Gur,1,storable_staple,17,228.22176470588235,32.046688837400616,0.14685409950385347,166.41,267.97,0.14041907387185593,1.6102998617871525
2026-03-11,26,Salt powdered 800g (brand),1,branded_packaged,17,63.13705882352941,4.343183977086802,0.06709544790168534,60.0,70.0,0.06878977351837333,1.1666666666666667
2026-03-11,27,Chilli powder 200g (brand),1,branded_packaged,17,369.4117647058824,23.577157439801258,0.0675290093938357,320.0,380.0,0.06382351536251933,1.1875
2026-03-11,28,Garlic,1,perishable,17,527.0588235294117,74.76914252236286,0.14897329634077644,389.78,650.0,0.14186109630359026,1.667607368259018
2026-03-11,29,Tea Lipton 190g,1,branded_packaged,17,447.0641176470588,0.11511183820144688,0.0002573733636263489,447.0,447.5,0.00025748395735110993,1.0011185682326622
2026-03-11,30,Cooked beef (hotel plate),1,prepared_food,17,320.7458823529412,54.345557667902305,0.1775618599383643,200.0,450.0,0.1694349348126681,2.25
2026-03-11,31,Cooked daal (hotel plate),1,prepared_food,17,170.89882352941177,32.25032400658032,0.18807789769469485,120.0,241.4,0.18871004106725184,2.0116666666666667
2026-03-11,32,Tea prepared (cup),1,prepared_food,17,64.12,9.344436178817853,0.1503134301806168,50.0,80.0,0.1457335648599166,1.6
2026-03-11,33,Cigarettes Capstan 20s,0,other_nonfood,17,245.97235294117647,5.034739975177169,0.020511922252791675,240.0,253.29,0.0204687230697883,1.055375
2026-03-11,34,Long cloth 57in (brand),0,other_nonfood,17,676.8629411764706,110.25626443453822,0.18443422787741046,400.0,800.0,0.16289304337285676,2.0
2026-03-11,35,Shirting,0,other_nonfood,17,553.3382352941177,152.828798547398,0.31113953507751,239.86,866.35,0.2761941770862164,3.611898607521054
2026-03-11,36,Lawn printed (brand),0,other_nonfood,17,676.8023529411764,102.24925357486792,0.17049788337995048,400.0,818.89,0.15107697709755866,2.047225
2026-03-11,37,Georgette,0,other_nonfood,17,315.96999999999997,66.65384206855595,0.22107212398661077,206.46,400.0,0.21094990685367582,1.9374212922600018
2026-03-11,38,Gents sandal Bata,0,other_nonfood,17,2499.0,0.0,0.0,2499.0,2499.0,0.0,1.0
2026-03-11,39,Gents sponge chappal Bata,0,other_nonfood,17,599.0,0.0,0.0,599.0,599.0,0.0,1.0
2026-03-11,40,Ladies sandal Bata,0,other_nonfood,17,1399.0,0.0,0.0,1399.0,1399.0,0.0,1.0
2026-03-11,41,Electricity Q1,0,administered_utility,17,7.04,0.0,0.0,7.04,7.04,0.0,1.0
2026-03-11,42,Gas Q1,0,administered_utility,17,2566.5,0.0,0.0,2566.5,2566.5,0.0,1.0
2026-03-11,43,Firewood,0,other_nonfood,17,1506.2711764705882,296.13510704327064,0.19737304590922622,1065.6,2139.27,0.19660145641049717,2.0075731981981986
2026-03-11,44,Energy saver bulb (brand),0,other_nonfood,17,415.2782352941176,122.21788710307987,0.2970091855784316,260.4,580.0,0.2943036179503123,2.227342549923195
2026-03-11,45,Washing soap Sufi (brand),0,other_nonfood,17,133.6370588235294,5.988922862988262,0.044072107472236506,125.0,145.92,0.044814835912370406,1.16736
2026-03-11,46,Match box,0,other_nonfood,17,6.285294117647059,0.7513830385284429,0.1251194530999014,5.0,7.0,0.11954620173124501,1.4
2026-03-11,47,Petrol super,0,administered_utility,17,322.90470588235297,0.9484995891344519,0.0029352838811741995,321.17,324.9,0.0029373978509933145,1.0116137870909485
2026-03-11,48,Hi-speed diesel,0,administered_utility,17,337.59647058823526,0.9607024850107668,0.0028434574201288924,335.86,339.7,0.0028457124665338426,1.0114333353182874
2026-03-11,49,LPG 11.67kg cylinder,0,administered_utility,17,4223.2300000000005,263.9030635716457,0.061985424267320274,3851.1,4668.0,0.06248844215722224,1.2121212121212122
2026-03-11,50,Telephone call charges,0,administered_utility,17,1.79,0.0,0.0,1.79,1.79,0.0,1.0
2026-03-11,51,Toilet soap Lifebuoy (brand),0,other_nonfood,17,115.80529411764707,1.8985129629760866,0.016667387241719685,110.0,118.6,0.016394008386588783,1.0781818181818181
2026-03-26,1,Wheat flour 20kg,1,storable_staple,17,2225.7735294117647,321.5548561081994,0.14447358062283444,1810.0,2724.98,0.14446881134091888,1.505513812154696
2026-03-26,2,Rice basmati broken,1,storable_staple,17,219.56294117647056,41.306400497487346,0.19285743441284686,146.59,289.93,0.18813011101125632,1.9778293198717511
2026-03-26,3,Rice IRRI-6/9,1,storable_staple,14,156.47214285714287,24.656700814483372,0.16281708468219885,116.57,196.61,0.15757885310610614,1.6866260615938924
2026-03-26,4,Bread plain,1,prepared_food,17,112.15117647058823,8.156655167984715,0.07243837243836784,100.0,130.0,0.0727291092672916,1.3
2026-03-26,5,Beef with bone,1,perishable,17,1220.1023529411764,138.38244246152635,0.11086748533510957,1000.0,1487.07,0.11341871616585436,1.48707
2026-03-26,6,Mutton,1,perishable,17,2253.9164705882354,230.33287490448424,0.10215567217356275,1800.0,2666.02,0.10219228525552729,1.4811222222222222
2026-03-26,7,Chicken broiler (live),1,perishable,17,441.28588235294114,35.15470897668324,0.07793637189221284,378.0,530.0,0.07966425027974597,1.402116402116402
2026-03-26,8,Milk fresh,1,perishable,17,204.92058823529413,22.363954108841146,0.10839922050953531,170.0,243.29,0.10913473507680146,1.4311176470588234
2026-03-26,9,Curd (dahi) loose,1,perishable,17,242.73823529411766,39.09534167188179,0.15434185073211953,180.0,333.6,0.1610596765874618,1.8533333333333335
2026-03-26,10,Powdered milk NIDO 390g,1,branded_packaged,17,1142.024705882353,27.143042874198727,0.023922363415802495,1100.0,1180.0,0.02376747432379532,1.0727272727272728
2026-03-26,11,Eggs (farm),1,perishable,17,229.09823529411764,10.821392721880887,0.04746731217039919,208.32,247.4,0.04723472753069582,1.1875960061443933
2026-03-26,12,Mustard oil (avg quality),1,storable_staple,17,562.0223529411765,66.62501796710936,0.12006268083725886,440.0,686.46,0.11854513902951935,1.5601363636363637
2026-03-26,13,Cooking oil 5L tin (brand),1,branded_packaged,17,2986.4064705882356,63.49761481161882,0.021148403112859544,2850.0,3110.0,0.02126221444970002,1.0912280701754387
2026-03-26,14,Vegetable ghee 2.5kg tin (brand),1,branded_packaged,17,1517.3223529411764,17.43618347338792,0.011326655692684776,1500.0,1578.88,0.011491416731315951,1.0525866666666668
2026-03-26,15,Vegetable ghee 1kg pouch (brand),1,branded_packaged,17,590.3529411764706,0.7859052479933704,0.0013297901827691789,590.0,592.0,0.0013312464344248003,1.0033898305084745
2026-03-26,16,Bananas,1,perishable,17,212.25764705882352,58.11440780148799,0.2627591662909986,139.25,330.27,0.2737918214338002,2.3717773788150804
2026-03-26,17,Pulse masoor,1,storable_staple,17,260.83,22.716007571754332,0.08710264763218044,220.0,303.22,0.0870912378628008,1.3782727272727273
2026-03-26,18,Pulse moong,1,storable_staple,17,389.16588235294114,28.444112980286352,0.07196659296438135,341.65,459.95,0.07308994511109251,1.3462607932094248
2026-03-26,19,Pulse mash,1,storable_staple,17,468.3776470588235,27.53910754032612,0.05934376999657144,416.56,512.99,0.058796801498230945,1.2314912617630114
2026-03-26,20,Pulse gram,1,storable_staple,17,251.45823529411766,22.734923365632365,0.08888326057802028,216.47,300.0,0.09041232369677814,1.3858733311775304
2026-03-26,21,Potatoes,1,perishable,17,34.531176470588235,11.615945335159417,0.32771262650634925,20.0,57.06,0.3363900834671313,2.853
2026-03-26,22,Onions,1,perishable,17,80.96117647058823,23.95146965280861,0.2772031343986677,53.13,136.27,0.29583895265540955,2.564840956145304
2026-03-26,23,Tomatoes,1,perishable,17,92.22529411764705,38.039510235682414,0.39038020771227355,51.37,173.92,0.4124628779948088,3.385633638310298
2026-03-26,24,Sugar refined,1,storable_staple,17,149.71588235294118,4.316009526784449,0.029149899607243318,140.0,157.49,0.028828000469648642,1.1249285714285715
2026-03-26,25,Gur,1,storable_staple,17,226.44,33.1172655121162,0.1518532460413472,166.41,267.97,0.14625183497666577,1.6102998617871525
2026-03-26,26,Salt powdered 800g (brand),1,branded_packaged,17,63.13705882352941,4.343183977086802,0.06709544790168534,60.0,70.0,0.06878977351837333,1.1666666666666667
2026-03-26,27,Chilli powder 200g (brand),1,branded_packaged,17,369.4117647058824,23.577157439801258,0.0675290093938357,320.0,380.0,0.06382351536251933,1.1875
2026-03-26,28,Garlic,1,perishable,17,520.4376470588236,86.79188178693703,0.17929270643009748,348.19,650.0,0.16676710894653474,1.8667968637812689
2026-03-26,29,Tea Lipton 190g,1,branded_packaged,17,447.0641176470588,0.11511183820144688,0.0002573733636263489,447.0,447.5,0.00025748395735110993,1.0011185682326622
2026-03-26,30,Cooked beef (hotel plate),1,prepared_food,17,321.4305882352941,54.18430174766815,0.17724155768398153,200.0,450.0,0.16857232550625853,2.25
2026-03-26,31,Cooked daal (hotel plate),1,prepared_food,17,172.07529411764708,32.578608801951454,0.19041757235127318,120.0,241.4,0.18932763688712692,2.0116666666666667
2026-03-26,32,Tea prepared (cup),1,prepared_food,17,64.12,9.344436178817853,0.1503134301806168,50.0,80.0,0.1457335648599166,1.6
2026-03-26,33,Cigarettes Capstan 20s,0,other_nonfood,17,247.56117647058824,4.5778200084114005,0.018651581869329033,240.0,253.29,0.018491671730099704,1.055375
2026-03-26,34,Long cloth 57in (brand),0,other_nonfood,17,679.8811764705882,109.94410994241305,0.18438177344944515,400.0,800.0,0.1617107720398393,2.0
2026-03-26,35,Shirting,0,other_nonfood,17,555.4182352941177,154.5233842026545,0.3136053139072436,239.86,866.35,0.2782108587429215,3.611898607521054
2026-03-26,36,Lawn printed (brand),0,other_nonfood,17,677.5705882352942,102.4991617935598,0.17088785699257408,400.0,818.89,0.1512745145277259,2.047225
2026-03-26,37,Georgette,0,other_nonfood,17,318.11882352941177,65.6353951654853,0.21630826097727657,206.46,400.0,0.20632351910925814,1.9374212922600018
2026-03-26,38,Gents sandal Bata,0,other_nonfood,17,2499.0,0.0,0.0,2499.0,2499.0,0.0,1.0
2026-03-26,39,Gents sponge chappal Bata,0,other_nonfood,17,599.0,0.0,0.0,599.0,599.0,0.0,1.0
2026-03-26,40,Ladies sandal Bata,0,other_nonfood,17,1399.0,0.0,0.0,1399.0,1399.0,0.0,1.0
2026-03-26,41,Electricity Q1,0,administered_utility,17,7.47,0.0,0.0,7.47,7.47,0.0,1.0
2026-03-26,42,Gas Q1,0,administered_utility,17,2566.5,0.0,0.0,2566.5,2566.5,0.0,1.0
2026-03-26,43,Firewood,0,other_nonfood,17,1518.0358823529411,303.9607925181064,0.2023099170502025,1065.6,2139.27,0.20023294314161408,2.0075731981981986
2026-03-26,44,Energy saver bulb (brand),0,other_nonfood,17,418.21941176470585,119.84899574415446,0.29007254604833577,260.4,580.0,0.2865696626525376,2.227342549923195
2026-03-26,45,Washing soap Sufi (brand),0,other_nonfood,17,133.6370588235294,5.988922862988262,0.044072107472236506,125.0,145.92,0.044814835912370406,1.16736
2026-03-26,46,Match box,0,other_nonfood,17,6.285294117647059,0.7513830385284429,0.1251194530999014,5.0,7.0,0.11954620173124501,1.4
2026-03-26,47,Petrol super,0,administered_utility,17,322.90470588235297,0.9484995891344519,0.0029352838811741995,321.17,324.9,0.0029373978509933145,1.0116137870909485
2026-03-26,48,Hi-speed diesel,0,administered_utility,17,337.59647058823526,0.9607024850107668,0.0028434574201288924,335.86,339.7,0.0028457124665338426,1.0114333353182874
2026-03-26,49,LPG 11.67kg cylinder,0,administered_utility,17,4524.36,300.3934995343603,0.06637154492220375,3999.17,5135.0,0.06639469439530901,1.2840164334099324
2026-03-26,50,Telephone call charges,0,administered_utility,17,1.79,0.0,0.0,1.79,1.79,0.0,1.0
2026-03-26,51,Toilet soap Lifebuoy (brand),0,other_nonfood,17,115.80529411764707,1.8985129629760866,0.016667387241719685,110.0,118.6,0.016394008386588783,1.0781818181818181
2026-04-02,1,Wheat flour 20kg,1,storable_staple,17,2200.0423529411764,277.87368046311553,0.12539056792394562,1810.0,2633.23,0.12630378687557256,1.4548232044198894
2026-04-02,2,Rice basmati broken,1,storable_staple,17,219.56294117647056,41.306400497487346,0.19285743441284686,146.59,289.93,0.18813011101125632,1.9778293198717511
2026-04-02,3,Rice IRRI-6/9,1,storable_staple,14,156.47214285714287,24.656700814483372,0.16281708468219885,116.57,196.61,0.15757885310610614,1.6866260615938924
2026-04-02,4,Bread plain,1,prepared_food,17,112.15117647058823,8.156655167984715,0.07243837243836784,100.0,130.0,0.0727291092672916,1.3
2026-04-02,5,Beef with bone,1,perishable,17,1224.7617647058823,137.32173882143053,0.11014911406104688,1000.0,1487.07,0.11212118370988447,1.48707
2026-04-02,6,Mutton,1,perishable,17,2290.2429411764706,251.30956755973065,0.10952882664633153,1800.0,2765.97,0.10973052816424615,1.5366499999999998
2026-04-02,7,Chicken broiler (live),1,perishable,17,450.0394117647059,25.74419242047325,0.05517640611340164,408.0,530.0,0.057204306439572646,1.2990196078431373
2026-04-02,8,Milk fresh,1,perishable,17,206.3235294117647,23.6003818669255,0.11372154524879897,170.0,243.29,0.11438531482187698,1.4311176470588234
2026-04-02,9,Curd (dahi) loose,1,perishable,17,244.6629411764706,43.24400113956644,0.1652408135365887,180.0,360.43,0.17674928998901956,2.002388888888889
2026-04-02,10,Powdered milk NIDO 390g,1,branded_packaged,17,1142.024705882353,27.143042874198727,0.023922363415802495,1100.0,1180.0,0.02376747432379532,1.0727272727272728
2026-04-02,11,Eggs (farm),1,perishable,17,234.08352941176472,7.785642187045708,0.03352527107357348,220.0,244.39,0.03326010252242212,1.1108636363636364
2026-04-02,12,Mustard oil (avg quality),1,storable_staple,17,560.08,65.87163255150126,0.11860111078962345,440.0,686.46,0.11761111368286899,1.5601363636363637
2026-04-02,13,Cooking oil 5L tin (brand),1,branded_packaged,17,2986.4064705882356,63.49761481161882,0.021148403112859544,2850.0,3110.0,0.02126221444970002,1.0912280701754387
2026-04-02,14,Vegetable ghee 2.5kg tin (brand),1,branded_packaged,17,1517.3223529411764,17.43618347338792,0.011326655692684776,1500.0,1578.88,0.011491416731315951,1.0525866666666668
2026-04-02,15,Vegetable ghee 1kg pouch (brand),1,branded_packaged,17,590.3529411764706,0.7859052479933704,0.0013297901827691789,590.0,592.0,0.0013312464344248003,1.0033898305084745
2026-04-02,16,Bananas,1,perishable,17,213.10705882352943,63.230939594939,0.30247116846976013,114.47,330.27,0.29670973802561623,2.8852100987158207
2026-04-02,17,Pulse masoor,1,storable_staple,17,261.6941176470588,24.50979499578268,0.09286705902663472,220.0,314.37,0.09365818084164394,1.4289545454545454
2026-04-02,18,Pulse moong,1,storable_staple,17,389.8170588235294,28.346247936170023,0.07176636569357814,341.65,459.95,0.07271679700657328,1.3462607932094248
2026-04-02,19,Pulse mash,1,storable_staple,17,476.75,31.38438445310024,0.06684119579102815,416.56,527.02,0.06582985726921917,1.2651718840023045
2026-04-02,20,Pulse gram,1,storable_staple,17,251.52705882352942,22.59042655769969,0.08884145315297937,216.47,300.0,0.08981310664292808,1.3858733311775304
2026-04-02,21,Potatoes,1,perishable,17,34.22705882352941,11.755344404092273,0.33955292068969506,20.0,57.06,0.343451783710117,2.853
2026-04-02,22,Onions,1,perishable,17,78.9035294117647,18.28432625952365,0.22413745132345775,53.13,118.72,0.23173014433999975,2.2345191040843213
2026-04-02,23,Tomatoes,1,perishable,17,84.54235294117647,26.139694080414305,0.330072486136708,47.13,129.19,0.3091905201479545,2.741141523445788
2026-04-02,24,Sugar refined,1,storable_staple,17,149.47352941176473,3.8392869474299443,0.02595099888032869,140.0,155.0,0.0256853970233994,1.1071428571428572
2026-04-02,25,Gur,1,storable_staple,17,226.83470588235295,34.79573539200729,0.16101572685305757,166.41,267.97,0.15339687662281265,1.6102998617871525
2026-04-02,26,Salt powdered 800g (brand),1,branded_packaged,17,63.13705882352941,4.343183977086802,0.06709544790168534,60.0,70.0,0.06878977351837333,1.1666666666666667
2026-04-02,27,Chilli powder 200g (brand),1,branded_packaged,17,369.4117647058824,23.577157439801258,0.0675290093938357,320.0,380.0,0.06382351536251933,1.1875
2026-04-02,28,Garlic,1,perishable,17,503.58058823529416,88.62245521526896,0.18796959894679116,326.53,605.88,0.1759846532723394,1.855510979083086
2026-04-02,29,Tea Lipton 190g,1,branded_packaged,17,447.0641176470588,0.11511183820144688,0.0002573733636263489,447.0,447.5,0.00025748395735110993,1.0011185682326622
2026-04-02,30,Cooked beef (hotel plate),1,prepared_food,17,321.4305882352941,54.18430174766815,0.17724155768398153,200.0,450.0,0.16857232550625853,2.25
2026-04-02,31,Cooked daal (hotel plate),1,prepared_food,17,172.07529411764708,32.578608801951454,0.19041757235127318,120.0,241.4,0.18932763688712692,2.0116666666666667
2026-04-02,32,Tea prepared (cup),1,prepared_food,17,64.12,9.344436178817853,0.1503134301806168,50.0,80.0,0.1457335648599166,1.6
2026-04-02,33,Cigarettes Capstan 20s,0,other_nonfood,17,247.56117647058824,4.5778200084114005,0.018651581869329033,240.0,253.29,0.018491671730099704,1.055375
2026-04-02,34,Long cloth 57in (brand),0,other_nonfood,17,679.8811764705882,109.94410994241305,0.18438177344944515,400.0,800.0,0.1617107720398393,2.0
2026-04-02,35,Shirting,0,other_nonfood,17,557.2094117647058,153.13293671148065,0.3110719544605449,239.86,866.35,0.27482115965432485,3.611898607521054
2026-04-02,36,Lawn printed (brand),0,other_nonfood,17,678.2935294117647,102.82293627525283,0.17135139388313528,400.0,818.89,0.15159061942463728,2.047225
2026-04-02,37,Georgette,0,other_nonfood,17,319.8058823529412,67.98929741683828,0.22162949361413187,206.46,421.04,0.2125955186209007,2.039329652232878
2026-04-02,38,Gents sandal Bata,0,other_nonfood,17,2499.0,0.0,0.0,2499.0,2499.0,0.0,1.0
2026-04-02,39,Gents sponge chappal Bata,0,other_nonfood,17,599.0,0.0,0.0,599.0,599.0,0.0,1.0
2026-04-02,40,Ladies sandal Bata,0,other_nonfood,17,1399.0,0.0,0.0,1399.0,1399.0,0.0,1.0
2026-04-02,41,Electricity Q1,0,administered_utility,17,7.47,0.0,0.0,7.47,7.47,0.0,1.0
2026-04-02,42,Gas Q1,0,administered_utility,17,2566.5,0.0,0.0,2566.5,2566.5,0.0,1.0
2026-04-02,43,Firewood,0,other_nonfood,17,1516.0123529411765,307.0168189108175,0.2054073107736511,1065.6,2139.27,0.2025160403971525,2.0075731981981986
2026-04-02,44,Energy saver bulb (brand),0,other_nonfood,17,418.21941176470585,119.84899574415446,0.29007254604833577,260.4,580.0,0.2865696626525376,2.227342549923195
2026-04-02,45,Washing soap Sufi (brand),0,other_nonfood,17,133.6370588235294,5.988922862988262,0.044072107472236506,125.0,145.92,0.044814835912370406,1.16736
2026-04-02,46,Match box,0,other_nonfood,17,6.285294117647059,0.7513830385284429,0.1251194530999014,5.0,7.0,0.11954620173124501,1.4
2026-04-02,47,Petrol super,0,administered_utility,17,322.90470588235297,0.9484995891344519,0.0029352838811741995,321.17,324.9,0.0029373978509933145,1.0116137870909485
2026-04-02,48,Hi-speed diesel,0,administered_utility,17,337.59647058823526,0.9607024850107668,0.0028434574201288924,335.86,339.7,0.0028457124665338426,1.0114333353182874
2026-04-02,49,LPG 11.67kg cylinder,0,administered_utility,17,5133.356470588235,433.5685099690301,0.08994129159405939,4132.25,5602.0,0.08446101735836536,1.3556778994494525
2026-04-02,50,Telephone call charges,0,administered_utility,17,1.79,0.0,0.0,1.79,1.79,0.0,1.0
2026-04-02,51,Toilet soap Lifebuoy (brand),0,other_nonfood,17,115.80529411764707,1.8985129629760866,0.016667387241719685,110.0,118.6,0.016394008386588783,1.0781818181818181
2026-04-09,1,Wheat flour 20kg,1,storable_staple,17,2181.946470588235,258.510994324738,0.11731666386292525,1810.0,2588.05,0.11847723938664982,1.4298618784530388
2026-04-09,2,Rice basmati broken,1,storable_staple,17,219.56294117647056,41.306400497487346,0.19285743441284686,146.59,289.93,0.18813011101125632,1.9778293198717511
2026-04-09,3,Rice IRRI-6/9,1,storable_staple,14,156.47214285714287,24.656700814483372,0.16281708468219885,116.57,196.61,0.15757885310610614,1.6866260615938924
2026-04-09,4,Bread plain,1,prepared_food,17,112.73941176470588,9.067767414438514,0.0795345758677372,100.0,130.0,0.08043121098913932,1.3
2026-04-09,5,Beef with bone,1,perishable,17,1236.6429411764707,126.73952766228389,0.099772986218024,1032.28,1487.07,0.1024867594697231,1.4405684504204286
2026-04-09,6,Mutton,1,perishable,17,2313.520588235294,242.99039141164047,0.1062202214411871,1800.0,2765.97,0.10503057230062887,1.5366499999999998
2026-04-09,7,Chicken broiler (live),1,perishable,17,445.51176470588234,29.034656928250016,0.06233149309173114,411.0,530.0,0.06517147071844016,1.289537712895377
2026-04-09,8,Milk fresh,1,perishable,17,206.50882352941176,23.793466771982008,0.11448268114111566,170.0,243.79,0.11521767624904053,1.4340588235294116
2026-04-09,9,Curd (dahi) loose,1,perishable,17,245.4294117647059,42.88661030417714,0.16097460047080933,190.0,363.46,0.17474112004673953,1.9129473684210525
2026-04-09,10,Powdered milk NIDO 390g,1,branded_packaged,17,1143.3076470588235,29.252294467573776,0.0256634645152365,1100.0,1200.0,0.025585672012975468,1.0909090909090908
2026-04-09,11,Eggs (farm),1,perishable,17,243.07999999999998,12.525790893193134,0.051099715026575857,220.0,272.7,0.05152950013655231,1.2395454545454545
2026-04-09,12,Mustard oil (avg quality),1,storable_staple,17,561.604705882353,65.54058304951664,0.1179792431256243,440.0,686.46,0.1167023394979285,1.5601363636363637
2026-04-09,13,Cooking oil 5L tin (brand),1,branded_packaged,17,2984.153529411765,58.09674656781313,0.019391322347605256,2850.0,3110.0,0.01946841742397387,1.0912280701754387
2026-04-09,14,Vegetable ghee 2.5kg tin (brand),1,branded_packaged,17,1513.5470588235294,7.242247376251607,0.004793400925615358,1500.0,1525.0,0.004784950249172272,1.0166666666666666
2026-04-09,15,Vegetable ghee 1kg pouch (brand),1,branded_packaged,17,591.9094117647059,2.8722714673848286,0.004835565881889372,590.0,600.0,0.004852552451939395,1.0169491525423728
2026-04-09,16,Bananas,1,perishable,17,206.96117647058824,64.60335468092512,0.32180184969247483,114.47,326.27,0.31215204601480445,2.850266445356862
2026-04-09,17,Pulse masoor,1,storable_staple,17,261.8458823529412,25.502057284370103,0.0972573838744085,220.0,314.37,0.09739338673271923,1.4289545454545454
2026-04-09,18,Pulse moong,1,storable_staple,17,390.3170588235294,27.947095950363483,0.07065747290736377,341.65,459.95,0.0716010108156686,1.3462607932094248
2026-04-09,19,Pulse mash,1,storable_staple,17,476.3529411764706,30.508688878069197,0.06503058022856811,416.56,535.59,0.06404639552076764,1.2857451507585942
2026-04-09,20,Pulse gram,1,storable_staple,17,251.5929411764706,22.607586604032356,0.08891963326586011,216.47,300.0,0.08985779369769797,1.3858733311775304
2026-04-09,21,Potatoes,1,perishable,17,35.481764705882355,11.780167780688714,0.32501257464069305,20.0,61.96,0.33200625386977256,3.098
2026-04-09,22,Onions,1,perishable,17,83.18764705882353,24.538382059900517,0.28779746975302656,46.42,143.61,0.2949762726495795,3.0937096079276176
2026-04-09,23,Tomatoes,1,perishable,17,93.55,32.472480079291756,0.36711496448343933,50.0,150.68,0.3471136299229477,3.0136000000000003
2026-04-09,24,Sugar refined,1,storable_staple,17,149.62411764705882,4.684759944254791,0.03131041841835207,140.0,160.51,0.031310192620854396,1.1464999999999999
2026-04-09,25,Gur,1,storable_staple,17,226.76470588235293,34.460770833958264,0.15990544730970774,166.41,267.97,0.1519670827956655,1.6102998617871525
2026-04-09,26,Salt powdered 800g (brand),1,branded_packaged,17,63.13705882352941,4.343183977086802,0.06709544790168534,60.0,70.0,0.06878977351837333,1.1666666666666667
2026-04-09,27,Chilli powder 200g (brand),1,branded_packaged,17,369.4117647058824,23.577157439801258,0.0675290093938357,320.0,380.0,0.06382351536251933,1.1875
2026-04-09,28,Garlic,1,perishable,17,485.39235294117645,92.67142861539173,0.19497249441254402,353.3,605.88,0.19092066047983736,1.7149165015567505
2026-04-09,29,Tea Lipton 190g,1,branded_packaged,17,447.0641176470588,0.11511183820144688,0.0002573733636263489,447.0,447.5,0.00025748395735110993,1.0011185682326622
2026-04-09,30,Cooked beef (hotel plate),1,prepared_food,17,322.87,53.715819713562965,0.17612423573719468,200.0,450.0,0.16636980739481205,2.25
2026-04-09,31,Cooked daal (hotel plate),1,prepared_food,17,173.20764705882354,30.949270897997703,0.17655816627827692,130.0,241.4,0.17868305137524865,1.856923076923077
2026-04-09,32,Tea prepared (cup),1,prepared_food,17,64.42999999999999,9.625262983420244,0.1535793508988258,50.0,80.0,0.1493910132456968,1.6
2026-04-09,33,Cigarettes Capstan 20s,0,other_nonfood,17,247.56117647058824,4.5778200084114005,0.018651581869329033,240.0,253.29,0.018491671730099704,1.055375
2026-04-09,34,Long cloth 57in (brand),0,other_nonfood,17,681.2323529411765,110.26015302056153,0.1849279528366948,400.0,800.0,0.1618539585569013,2.0
2026-04-09,35,Shirting,0,other_nonfood,17,557.8035294117647,153.69846701175877,0.31183549837710395,239.86,866.35,0.275542299228265,3.611898607521054
2026-04-09,36,Lawn printed (brand),0,other_nonfood,17,679.6258823529412,103.64181178817404,0.17243208846246375,400.0,818.89,0.1524983295653109,2.047225
2026-04-09,37,Georgette,0,other_nonfood,17,321.6864705882353,67.00838146653527,0.21861756399222526,206.46,421.04,0.20830338728266645,2.039329652232878
2026-04-09,38,Gents sandal Bata,0,other_nonfood,17,2499.0,0.0,0.0,2499.0,2499.0,0.0,1.0
2026-04-09,39,Gents sponge chappal Bata,0,other_nonfood,17,599.0,0.0,0.0,599.0,599.0,0.0,1.0
2026-04-09,40,Ladies sandal Bata,0,other_nonfood,17,1399.0,0.0,0.0,1399.0,1399.0,0.0,1.0
2026-04-09,41,Electricity Q1,0,administered_utility,17,7.47,0.0,0.0,7.47,7.47,0.0,1.0
2026-04-09,42,Gas Q1,0,administered_utility,17,2566.5,0.0,0.0,2566.5,2566.5,0.0,1.0
2026-04-09,43,Firewood,0,other_nonfood,17,1520.6264705882354,309.26015635992405,0.20693222764365007,1065.6,2139.27,0.20337680708681247,2.0075731981981986
2026-04-09,44,Energy saver bulb (brand),0,other_nonfood,17,418.21941176470585,119.84899574415446,0.29007254604833577,260.4,580.0,0.2865696626525376,2.227342549923195
2026-04-09,45,Washing soap Sufi (brand),0,other_nonfood,17,134.18588235294118,6.061847963723119,0.04465290916714352,125.0,145.92,0.045175005428507,1.16736
2026-04-09,46,Match box,0,other_nonfood,17,6.285294117647059,0.7513830385284429,0.1251194530999014,5.0,7.0,0.11954620173124501,1.4
2026-04-09,47,Petrol super,0,administered_utility,17,380.5629411764706,1.0823571771016722,0.0028423458984564044,378.41,382.89,0.0028440950497063064,1.0118390105969715
2026-04-09,48,Hi-speed diesel,0,administered_utility,17,522.2888235294117,0.98857778116432,0.0018921655970703458,520.35,524.33,0.0018927798884990886,1.0076486979917363
2026-04-09,49,LPG 11.67kg cylinder,0,administered_utility,17,5560.5505882352945,253.63334595609138,0.04581508735572798,5200.0,5899.43,0.04561299136325003,1.1345057692307692
2026-04-09,50,Telephone call charges,0,administered_utility,17,1.79,0.0,0.0,1.79,1.79,0.0,1.0
2026-04-09,51,Toilet soap Lifebuoy (brand),0,other_nonfood,17,115.80529411764707,1.8985129629760866,0.016667387241719685,110.0,118.6,0.016394008386588783,1.0781818181818181
2026-05-21,1,Wheat flour 20kg,1,storable_staple,17,2423.6758823529412,188.8840365164173,0.07773641502158128,2200.0,2666.56,0.0779328778619713,1.2120727272727272
2026-05-21,2,Rice basmati broken,1,storable_staple,17,219.92235294117646,41.03622493136579,0.19301125529266813,146.59,279.93,0.18659415190206663,1.9096118425540622
2026-05-21,3,Rice IRRI-6/9,1,storable_staple,14,155.3192857142857,24.410426670170693,0.1608698043542398,116.57,196.61,0.15716288262537065,1.6866260615938924
2026-05-21,4,Bread plain,1,prepared_food,17,118.48176470588236,9.255944870253737,0.08055142334732172,100.0,130.0,0.07812126105000697,1.3
2026-05-21,5,Beef with bone,1,perishable,17,1255.1276470588234,122.32986105860512,0.095863344888635,1032.28,1487.07,0.09746407972548783,1.4405684504204286
2026-05-21,6,Mutton,1,perishable,17,2369.240588235294,274.09008383355,0.1172128231401737,1800.0,2837.27,0.11568689359559864,1.5762611111111111
2026-05-21,7,Chicken broiler (live),1,perishable,17,366.5070588235294,37.20820671651385,0.09865718146009694,322.0,450.0,0.10152111895457201,1.3975155279503106
2026-05-21,8,Milk fresh,1,perishable,17,214.0929411764706,24.36146489968991,0.11547555733074738,173.27,248.21,0.1137892018570078,1.4325041842211577
2026-05-21,9,Curd (dahi) loose,1,perishable,17,253.12352941176474,40.98797780160307,0.15065790017304434,199.52,364.06,0.1619287542997495,1.8246792301523655
2026-05-21,10,Powdered milk NIDO 390g,1,branded_packaged,17,1149.6452941176472,28.254421582658352,0.024761629895686473,1100.0,1200.0,0.024576642662938592,1.0909090909090908
2026-05-21,11,Eggs (farm),1,perishable,17,236.18,14.12078565448821,0.0608209595330112,211.65,256.5,0.05978823632182323,1.2119064493267186
2026-05-21,12,Mustard oil (avg quality),1,storable_staple,17,555.7935294117647,67.67153028981024,0.12192535158475867,440.0,686.46,0.12175659972405899,1.5601363636363637
2026-05-21,13,Cooking oil 5L tin (brand),1,branded_packaged,17,3023.819411764706,47.13866518986673,0.015518767925331977,2951.61,3110.0,0.015589113889032323,1.0536622385748795
2026-05-21,14,Vegetable ghee 2.5kg tin (brand),1,branded_packaged,17,1523.7117647058822,15.549111001635199,0.010217837843360025,1500.0,1540.0,0.010204758775119518,1.0266666666666666
2026-05-21,15,Vegetable ghee 1kg pouch (brand),1,branded_packaged,17,596.9982352941176,3.9979029429410207,0.006712714574633398,590.0,600.0,0.006696674640874626,1.0169491525423728
2026-05-21,16,Bananas,1,perishable,17,203.04,56.4522026806749,0.28103858008309135,112.92,327.63,0.2780348831790529,2.9014346439957492
2026-05-21,17,Pulse masoor,1,storable_staple,17,259.7917647058824,25.431754568672144,0.09679770599128742,220.0,314.37,0.0978928435143591,1.4289545454545454
2026-05-21,18,Pulse moong,1,storable_staple,17,386.8023529411765,30.055701316350063,0.07665207826922378,340.0,459.95,0.07770299505112066,1.3527941176470588
2026-05-21,19,Pulse mash,1,storable_staple,17,466.66588235294114,32.71668726713164,0.07219378724191275,393.22,512.99,0.07010730482839946,1.3045877625756572
2026-05-21,20,Pulse gram,1,storable_staple,17,247.84764705882353,23.518286642900815,0.09314286335875795,216.47,300.0,0.09489009446726378,1.3858733311775304
2026-05-21,21,Potatoes,1,perishable,17,36.79882352941177,8.819983618432166,0.2382200378257164,25.0,53.35,0.23968113033240643,2.134
2026-05-21,22,Onions,1,perishable,17,74.97882352941176,14.854052427853203,0.19854637699716168,50.0,102.91,0.19810996930388539,2.0582
2026-05-21,23,Tomatoes,1,perishable,17,70.4964705882353,18.841529576037765,0.2670999600858516,43.09,104.26,0.2672691188483712,2.419586911116268
2026-05-21,24,Sugar refined,1,storable_staple,17,148.96764705882353,3.434886332565755,0.023304055415376744,141.65,153.26,0.02305793506431236,1.0819625838333922
2026-05-21,25,Gur,1,storable_staple,17,225.99882352941177,31.978475159541485,0.14771112399211073,169.8,267.97,0.14149841428435475,1.578150765606596
2026-05-21,26,Salt powdered 800g (brand),1,branded_packaged,17,63.10294117647059,4.313032234846331,0.06662740891029188,60.0,70.0,0.06834914751096492,1.1666666666666667
2026-05-21,27,Chilli powder 200g (brand),1,branded_packaged,17,369.4117647058824,23.577157439801258,0.0675290093938357,320.0,380.0,0.06382351536251933,1.1875
2026-05-21,28,Garlic,1,perishable,17,413.4994117647059,78.16408474089843,0.17766662769691055,330.19,600.0,0.18903070359233362,1.8171355886005027
2026-05-21,29,Tea Lipton 190g,1,branded_packaged,17,447.0641176470588,0.11511183820144688,0.0002573733636263489,447.0,447.5,0.00025748395735110993,1.0011185682326622
2026-05-21,30,Cooked beef (hotel plate),1,prepared_food,17,325.04411764705884,51.501539061811464,0.16743728402155658,200.0,450.0,0.15844476569710805,2.25
2026-05-21,31,Cooked daal (hotel plate),1,prepared_food,17,174.86117647058822,29.14947338339772,0.16338190314490478,130.0,241.4,0.16670065918434834,1.856923076923077
2026-05-21,32,Tea prepared (cup),1,prepared_food,17,65.30764705882353,10.082564486163582,0.160213346251462,50.0,80.0,0.1543856644702277,1.6
2026-05-21,33,Cigarettes Capstan 20s,0,other_nonfood,17,248.3429411764706,4.334176341454456,0.01763162321819792,240.0,253.29,0.01745238387256847,1.055375
2026-05-21,34,Long cloth 57in (brand),0,other_nonfood,17,695.659411764706,110.16300533020306,0.1841249489893086,400.0,800.0,0.15835767254373564,2.0
2026-05-21,35,Shirting,0,other_nonfood,17,559.9729411764706,154.5688167437366,0.31346743673144833,239.86,866.35,0.2760290817249071,3.611898607521054
2026-05-21,36,Lawn printed (brand),0,other_nonfood,17,688.4829411764705,113.90413522808915,0.18308006101716945,400.0,888.64,0.1654422040340626,2.2216
2026-05-21,37,Georgette,0,other_nonfood,17,325.63235294117646,71.76181902040699,0.2295602093566069,206.46,424.51,0.22037680952841418,2.0561367819432332
2026-05-21,38,Gents sandal Bata,0,other_nonfood,17,2499.0,0.0,0.0,2499.0,2499.0,0.0,1.0
2026-05-21,39,Gents sponge chappal Bata,0,other_nonfood,17,699.0,0.0,0.0,699.0,699.0,0.0,1.0
2026-05-21,40,Ladies sandal Bata,0,other_nonfood,17,1499.0,0.0,0.0,1499.0,1499.0,0.0,1.0
2026-05-21,41,Electricity Q1,0,administered_utility,17,6.95,0.0,0.0,6.95,6.95,0.0,1.0
2026-05-21,42,Gas Q1,0,administered_utility,17,2566.5,0.0,0.0,2566.5,2566.5,0.0,1.0
2026-05-21,43,Firewood,0,other_nonfood,17,1523.8488235294117,323.51710723473246,0.21994170950689063,965.49,2139.27,0.21230262624439944,2.215735015380791
2026-05-21,44,Energy saver bulb (brand),0,other_nonfood,17,418.21941176470585,119.84899574415446,0.29007254604833577,260.4,580.0,0.2865696626525376,2.227342549923195
2026-05-21,45,Washing soap Sufi (brand),0,other_nonfood,17,137.76588235294116,7.761057481767164,0.055930103370437634,125.0,153.26,0.056335119764153084,1.2260799999999998
2026-05-21,46,Match box,0,other_nonfood,17,6.285294117647059,0.7513830385284429,0.1251194530999014,5.0,7.0,0.11954620173124501,1.4
2026-05-21,47,Petrol super,0,administered_utility,17,411.7570588235294,1.0190483594135826,0.0024735390506483105,409.78,413.71,0.0024748776920186953,1.0095905119820392
2026-05-21,48,Hi-speed diesel,0,administered_utility,17,411.5888235294118,1.0475858100469584,0.0025436771522247856,409.58,413.53,0.0025452241415687975,1.0096440255871868
2026-05-21,49,LPG 11.67kg cylinder,0,administered_utility,17,4760.401764705883,264.5194824638464,0.0546508149761729,4409.62,5343.43,0.055566629780078966,1.2117665467772734
2026-05-21,50,Telephone call charges,0,administered_utility,17,1.79,0.0,0.0,1.79,1.79,0.0,1.0
2026-05-21,51,Toilet soap Lifebuoy (brand),0,other_nonfood,17,116.28823529411765,1.7591163807936256,0.01544564163102613,110.0,118.6,0.015127208494861467,1.0781818181818181
2026-06-04,1,Wheat flour 20kg,1,storable_staple,17,2439.0794117647056,204.85142553417182,0.08357808157560426,2200.0,2721.9,0.08398718981681665,1.2372272727272728
2026-06-04,2,Rice basmati broken,1,storable_staple,17,219.92235294117646,41.03622493136579,0.19301125529266813,146.59,279.93,0.18659415190206663,1.9096118425540622
2026-06-04,3,Rice IRRI-6/9,1,storable_staple,14,155.79642857142858,24.395207476104776,0.16100178422974018,116.57,196.61,0.1565838684480512,1.6866260615938924
2026-06-04,4,Bread plain,1,prepared_food,17,118.48176470588236,9.255944870253737,0.08055142334732172,100.0,130.0,0.07812126105000697,1.3
2026-06-04,5,Beef with bone,1,perishable,17,1254.8511764705884,122.38104453316856,0.09589504906308775,1032.28,1487.07,0.09752634163150659,1.4405684504204286
2026-06-04,6,Mutton,1,perishable,17,2369.240588235294,274.09008383355,0.1172128231401737,1800.0,2837.27,0.11568689359559864,1.5762611111111111
2026-06-04,7,Chicken broiler (live),1,perishable,17,332.2258823529412,39.55341800319276,0.11086188101468275,288.0,450.0,0.11905579939486191,1.5625
2026-06-04,8,Milk fresh,1,perishable,17,215.52529411764704,25.697852808563376,0.12064970491619437,173.27,258.7,0.11923358190401494,1.493045535868875
2026-06-04,9,Curd (dahi) loose,1,perishable,17,253.20176470588237,41.26134680837716,0.15186306015210543,199.52,364.06,0.1629583698056216,1.8246792301523655
2026-06-04,10,Powdered milk NIDO 390g,1,branded_packaged,17,1152.2335294117647,25.281328570008032,0.022104650111676418,1100.0,1200.0,0.02194114988383873,1.0909090909090908
2026-06-04,11,Eggs (farm),1,perishable,17,237.30058823529413,11.229684696479817,0.04858877465175953,214.78,250.0,0.04732261634912208,1.1639817487661794
2026-06-04,12,Mustard oil (avg quality),1,storable_staple,17,555.5958823529411,67.86525022598305,0.12231708358000938,440.0,686.46,0.12214858385662368,1.5601363636363637
2026-06-04,13,Cooking oil 5L tin (brand),1,branded_packaged,17,3043.0823529411764,41.286381460690414,0.013559525764817587,2965.0,3110.0,0.013567290224921655,1.048903878583474
2026-06-04,14,Vegetable ghee 2.5kg tin (brand),1,branded_packaged,17,1537.6805882352942,24.707279410779986,0.01610819751524006,1500.0,1565.0,0.016067887960486697,1.0433333333333332
2026-06-04,15,Vegetable ghee 1kg pouch (brand),1,branded_packaged,17,599.734705882353,6.959130798496916,0.01158876785446138,590.0,610.0,0.011603681978448075,1.0338983050847457
2026-06-04,16,Bananas,1,perishable,17,207.50470588235294,64.06813405641363,0.31786671916441744,112.92,327.63,0.30875508959655956,2.9014346439957492
2026-06-04,17,Pulse masoor,1,storable_staple,17,259.9305882352941,26.085246421729526,0.09907922074075523,220.0,314.37,0.10035466236900392,1.4289545454545454
2026-06-04,18,Pulse moong,1,storable_staple,17,386.35764705882355,29.57704378597779,0.07689896014214659,330.0,449.95,0.07655353533477399,1.3634848484848485
2026-06-04,19,Pulse mash,1,storable_staple,17,465.29470588235296,35.56391730350563,0.07942381664998073,379.73,512.99,0.07643310111612953,1.350933558054407
2026-06-04,20,Pulse gram,1,storable_staple,17,247.01058823529414,24.54139244994776,0.09811706306279666,213.12,300.0,0.09935360514412621,1.4076576576576576
2026-06-04,21,Potatoes,1,perishable,17,45.631764705882354,14.583450052754195,0.29900761221980343,28.23,79.69,0.31958987662982613,2.822883457314913
2026-06-04,22,Onions,1,perishable,17,95.46705882352941,15.496455548247914,0.1570621363805815,76.52,128.9,0.16232254077181815,1.684526921066388
2026-06-04,23,Tomatoes,1,perishable,17,76.13411764705882,14.98549384355731,0.20330748238331467,48.79,104.56,0.19683020315578878,2.1430621028899366
2026-06-04,24,Sugar refined,1,storable_staple,17,149.35352941176473,3.314675589662716,0.02237792951672439,141.65,154.95,0.022193486841038893,1.0938933992234379
2026-06-04,25,Gur,1,storable_staple,17,226.9758823529412,30.71395062891282,0.14098245372841214,169.8,267.97,0.13531812415714495,1.578150765606596
2026-06-04,26,Salt powdered 800g (brand),1,branded_packaged,17,63.10294117647059,4.313032234846331,0.06662740891029188,60.0,70.0,0.06834914751096492,1.1666666666666667
2026-06-04,27,Chilli powder 200g (brand),1,branded_packaged,17,369.4117647058824,23.577157439801258,0.0675290093938357,320.0,380.0,0.06382351536251933,1.1875
2026-06-04,28,Garlic,1,perishable,17,376.3694117647059,76.72374400003137,0.18565468922356754,282.31,600.0,0.20385223028697297,2.1253232262406576
2026-06-04,29,Tea Lipton 190g,1,branded_packaged,17,447.0641176470588,0.11511183820144688,0.0002573733636263489,447.0,447.5,0.00025748395735110993,1.0011185682326622
2026-06-04,30,Cooked beef (hotel plate),1,prepared_food,17,325.04411764705884,51.501539061811464,0.16743728402155658,200.0,450.0,0.15844476569710805,2.25
2026-06-04,31,Cooked daal (hotel plate),1,prepared_food,17,175.4664705882353,29.284213524776554,0.16439313558634241,130.0,241.4,0.16689350065915104,1.856923076923077
2026-06-04,32,Tea prepared (cup),1,prepared_food,17,65.56176470588235,10.180144421430203,0.16179485071073713,50.0,80.0,0.15527563156817858,1.6
2026-06-04,33,Cigarettes Capstan 20s,0,other_nonfood,17,249.8164705882353,6.713631600311853,0.02651204873802872,240.0,270.0,0.02687425526628996,1.125
2026-06-04,34,Long cloth 57in (brand),0,other_nonfood,17,695.659411764706,110.16300533020306,0.1841249489893086,400.0,800.0,0.15835767254373564,2.0
2026-06-04,35,Shirting,0,other_nonfood,17,559.9729411764706,154.5688167437366,0.31346743673144833,239.86,866.35,0.2760290817249071,3.611898607521054
2026-06-04,36,Lawn printed (brand),0,other_nonfood,17,688.4829411764705,113.90413522808915,0.18308006101716945,400.0,888.64,0.1654422040340626,2.2216
2026-06-04,37,Georgette,0,other_nonfood,17,325.63235294117646,71.76181902040699,0.2295602093566069,206.46,424.51,0.22037680952841418,2.0561367819432332
2026-06-04,38,Gents sandal Bata,0,other_nonfood,17,2499.0,0.0,0.0,2499.0,2499.0,0.0,1.0
2026-06-04,39,Gents sponge chappal Bata,0,other_nonfood,17,699.0,0.0,0.0,699.0,699.0,0.0,1.0
2026-06-04,40,Ladies sandal Bata,0,other_nonfood,17,1499.0,0.0,0.0,1499.0,1499.0,0.0,1.0
2026-06-04,41,Electricity Q1,0,administered_utility,17,6.95,0.0,0.0,6.95,6.95,0.0,1.0
2026-06-04,42,Gas Q1,0,administered_utility,17,2566.5,0.0,0.0,2566.5,2566.5,0.0,1.0
2026-06-04,43,Firewood,0,other_nonfood,17,1523.730588235294,323.4241730775273,0.21988727260247162,965.49,2139.27,0.2122581088643108,2.215735015380791
2026-06-04,44,Energy saver bulb (brand),0,other_nonfood,17,418.21941176470585,119.84899574415446,0.29007254604833577,260.4,580.0,0.2865696626525376,2.227342549923195
2026-06-04,45,Washing soap Sufi (brand),0,other_nonfood,17,138.74588235294118,8.495189122985671,0.06103113596467527,125.0,153.26,0.06122840533296437,1.2260799999999998
2026-06-04,46,Match box,0,other_nonfood,17,6.285294117647059,0.7513830385284429,0.1251194530999014,5.0,7.0,0.11954620173124501,1.4
2026-06-04,47,Petrol super,0,administered_utility,17,383.7647058823529,1.0420959507589622,0.0027138495247628733,381.78,385.64,0.0027154554204326118,1.0101105348630102
2026-06-04,48,Hi-speed diesel,0,administered_utility,17,382.75235294117647,1.0461926771140582,0.0027316533252921232,380.78,384.63,0.0027333409424522676,1.0101108251483797
2026-06-04,49,LPG 11.67kg cylinder,0,administered_utility,17,4790.165294117647,236.58692258654224,0.04850236257904917,4500.0,5343.43,0.04939013751301494,1.1874288888888889
2026-06-04,50,Telephone call charges,0,administered_utility,17,1.79,0.0,0.0,1.79,1.79,0.0,1.0
2026-06-04,51,Toilet soap Lifebuoy (brand),0,other_nonfood,17,116.35705882352941,1.7769980469385827,0.015599340976705324,110.0,118.6,0.015271940223528947,1.0781818181818181
2026-06-11,1,Wheat flour 20kg,1,storable_staple,17,2433.2135294117647,196.05811689207044,0.08028013358812094,2200.0,2739.99,0.08057579596784009,1.24545
2026-06-11,2,Rice basmati broken,1,storable_staple,17,219.92235294117646,41.03622493136579,0.19301125529266813,146.59,279.93,0.18659415190206663,1.9096118425540622
2026-06-11,3,Rice IRRI-6/9,1,storable_staple,14,155.82,24.411514622281153,0.1611007524778188,116.57,196.61,0.15666483520909483,1.6866260615938924
2026-06-11,4,Bread plain,1,prepared_food,17,118.60352941176471,9.26184642847774,0.08063927404170024,100.0,130.0,0.07809081630549711,1.3
2026-06-11,5,Beef with bone,1,perishable,17,1254.8511764705884,122.38104453316856,0.09589504906308775,1032.28,1487.07,0.09752634163150659,1.4405684504204286
2026-06-11,6,Mutton,1,perishable,17,2369.240588235294,274.09008383355,0.1172128231401737,1800.0,2837.27,0.11568689359559864,1.5762611111111111
2026-06-11,7,Chicken broiler (live),1,perishable,17,314.56235294117647,49.8222636641256,0.14482700099619747,258.0,450.0,0.15838597085215222,1.744186046511628
2026-06-11,8,Milk fresh,1,perishable,17,215.96882352941176,25.615301306629433,0.12018477560806391,173.27,259.78,0.11860647702764843,1.4992785825590118
2026-06-11,9,Curd (dahi) loose,1,perishable,17,253.20176470588237,41.26134680837716,0.15186306015210543,199.52,364.06,0.1629583698056216,1.8246792301523655
2026-06-11,10,Powdered milk NIDO 390g,1,branded_packaged,17,1152.2335294117647,25.281328570008032,0.022104650111676418,1100.0,1200.0,0.02194114988383873,1.0909090909090908
2026-06-11,11,Eggs (farm),1,perishable,17,214.89764705882354,17.624079596326354,0.0808245043266329,187.56,250.0,0.08201150565181455,1.3329068031563234
2026-06-11,12,Mustard oil (avg quality),1,storable_staple,17,554.9205882352941,69.71804146619691,0.12654469708675675,430.0,686.46,0.12563606927597987,1.5964186046511628
2026-06-11,13,Cooking oil 5L tin (brand),1,branded_packaged,17,3051.239411764706,37.11045211099362,0.012172263266521282,2975.0,3110.0,0.012162418972403916,1.0453781512605043
2026-06-11,14,Vegetable ghee 2.5kg tin (brand),1,branded_packaged,17,1543.8688235294119,25.261141572173802,0.016471911974997096,1500.0,1565.0,0.0163622331037327,1.0433333333333332
2026-06-11,15,Vegetable ghee 1kg pouch (brand),1,branded_packaged,17,601.1688235294117,7.730156759692008,0.01286743324245604,590.0,610.0,0.012858545648307086,1.0338983050847457
2026-06-11,16,Bananas,1,perishable,17,205.88529411764708,59.624029354536134,0.2961867012507754,121.91,327.63,0.28959829117501584,2.6874743663358216
2026-06-11,17,Pulse masoor,1,storable_staple,17,260.06117647058824,26.003582176873472,0.098768738086948,220.0,314.37,0.09999025048559819,1.4289545454545454
2026-06-11,18,Pulse moong,1,storable_staple,17,386.30470588235295,29.584234001754865,0.07691246490300391,330.0,449.95,0.07658263943272953,1.3634848484848485
2026-06-11,19,Pulse mash,1,storable_staple,17,464.28588235294114,36.36776681671964,0.08125689342709302,379.73,512.99,0.07833054632721648,1.350933558054407
2026-06-11,20,Pulse gram,1,storable_staple,17,246.61529411764707,23.977039307858426,0.09691865225977495,210.0,293.18,0.09722446206608847,1.396095238095238
2026-06-11,21,Potatoes,1,perishable,17,46.141176470588235,14.460374684959298,0.2877909641544105,28.23,79.69,0.31339414794021936,2.822883457314913
2026-06-11,22,Onions,1,perishable,17,90.56294117647059,10.665966766253474,0.11475079082244448,76.52,115.9,0.11777407654495026,1.5146366962885522
2026-06-11,23,Tomatoes,1,perishable,17,103.5164705882353,23.62200323352586,0.21928233624753607,76.52,150.0,0.2281956011376079,1.9602718243596446
2026-06-11,24,Sugar refined,1,storable_staple,17,149.35352941176473,3.314675589662716,0.02237792951672439,141.65,154.95,0.022193486841038893,1.0938933992234379
2026-06-11,25,Gur,1,storable_staple,17,227.17529411764707,30.514836169814,0.14002061787675896,169.8,267.97,0.13432286414917685,1.578150765606596
2026-06-11,26,Salt powdered 800g (brand),1,branded_packaged,17,63.10294117647059,4.313032234846331,0.06662740891029188,60.0,70.0,0.06834914751096492,1.1666666666666667
2026-06-11,27,Chilli powder 200g (brand),1,branded_packaged,17,369.4117647058824,23.577157439801258,0.0675290093938357,320.0,380.0,0.06382351536251933,1.1875
2026-06-11,28,Garlic,1,perishable,17,372.1258823529412,73.41251247733791,0.17643028875034183,294.72,600.0,0.19727870583242618,2.035830618892508
2026-06-11,29,Tea Lipton 190g,1,branded_packaged,17,447.0641176470588,0.11511183820144688,0.0002573733636263489,447.0,447.5,0.00025748395735110993,1.0011185682326622
2026-06-11,30,Cooked beef (hotel plate),1,prepared_food,17,325.04411764705884,51.501539061811464,0.16743728402155658,200.0,450.0,0.15844476569710805,2.25
2026-06-11,31,Cooked daal (hotel plate),1,prepared_food,17,175.4664705882353,29.284213524776554,0.16439313558634241,130.0,241.4,0.16689350065915104,1.856923076923077
2026-06-11,32,Tea prepared (cup),1,prepared_food,17,65.56176470588235,10.180144421430203,0.16179485071073713,50.0,80.0,0.15527563156817858,1.6
2026-06-11,33,Cigarettes Capstan 20s,0,other_nonfood,17,250.9929411764706,8.310299907874777,0.03258183022621947,240.0,270.0,0.03310969571065303,1.125
2026-06-11,34,Long cloth 57in (brand),0,other_nonfood,17,695.659411764706,110.16300533020306,0.1841249489893086,400.0,800.0,0.15835767254373564,2.0
2026-06-11,35,Shirting,0,other_nonfood,17,559.9729411764706,154.5688167437366,0.31346743673144833,239.86,866.35,0.2760290817249071,3.611898607521054
2026-06-11,36,Lawn printed (brand),0,other_nonfood,17,688.4829411764705,113.90413522808915,0.18308006101716945,400.0,888.64,0.1654422040340626,2.2216
2026-06-11,37,Georgette,0,other_nonfood,17,325.63235294117646,71.76181902040699,0.2295602093566069,206.46,424.51,0.22037680952841418,2.0561367819432332
2026-06-11,38,Gents sandal Bata,0,other_nonfood,17,2499.0,0.0,0.0,2499.0,2499.0,0.0,1.0
2026-06-11,39,Gents sponge chappal Bata,0,other_nonfood,17,699.0,0.0,0.0,699.0,699.0,0.0,1.0
2026-06-11,40,Ladies sandal Bata,0,other_nonfood,17,1499.0,0.0,0.0,1499.0,1499.0,0.0,1.0
2026-06-11,41,Electricity Q1,0,administered_utility,17,6.95,0.0,0.0,6.95,6.95,0.0,1.0
2026-06-11,42,Gas Q1,0,administered_utility,17,2566.5,0.0,0.0,2566.5,2566.5,0.0,1.0
2026-06-11,43,Firewood,0,other_nonfood,17,1523.730588235294,323.4241730775273,0.21988727260247162,965.49,2139.27,0.2122581088643108,2.215735015380791
2026-06-11,44,Energy saver bulb (brand),0,other_nonfood,17,418.21941176470585,119.84899574415446,0.29007254604833577,260.4,580.0,0.2865696626525376,2.227342549923195
2026-06-11,45,Washing soap Sufi (brand),0,other_nonfood,17,138.74588235294118,8.495189122985671,0.06103113596467527,125.0,153.26,0.06122840533296437,1.2260799999999998
2026-06-11,46,Match box,0,other_nonfood,17,6.285294117647059,0.7513830385284429,0.1251194530999014,5.0,7.0,0.11954620173124501,1.4
2026-06-11,47,Petrol super,0,administered_utility,17,379.7670588235294,1.0177350140500854,0.002678711592627766,377.78,381.63,0.0026798928195691865,1.010191116522844
2026-06-11,48,Hi-speed diesel,0,administered_utility,17,382.75235294117647,1.0461926771140582,0.0027316533252921232,380.78,384.63,0.0027333409424522676,1.0101108251483797
2026-06-11,49,LPG 11.67kg cylinder,0,administered_utility,17,5324.455294117647,367.8141545352361,0.06954426429446986,4668.0,5835.0,0.06908014702303726,1.25
2026-06-11,50,Telephone call charges,0,administered_utility,17,1.79,0.0,0.0,1.79,1.79,0.0,1.0
2026-06-11,51,Toilet soap Lifebuoy (brand),0,other_nonfood,17,116.35705882352941,1.7769980469385827,0.015599340976705324,110.0,118.6,0.015271940223528947,1.0781818181818181
2026-07-30,1,Wheat flour 20kg,1,storable_staple,17,2646.7135294117647,266.20828811621294,0.10122195219773396,2200.0,3085.42,0.10058069570354222,1.4024636363636365
2026-07-30,2,Rice basmati broken,1,storable_staple,17,221.45823529411766,42.28475127562153,0.1973697905356839,146.59,289.93,0.19093781371220334,1.9778293198717511
2026-07-30,3,Rice IRRI-6/9,1,storable_staple,14,156.53142857142856,24.89048222703822,0.16370662250075288,116.57,196.61,0.15901268169721056,1.6866260615938924
2026-07-30,4,Bread plain,1,prepared_food,17,119.79823529411765,10.034542986164164,0.08676722531147445,100.0,130.0,0.08376202672375159,1.3
2026-07-30,5,Beef with bone,1,perishable,17,1268.8835294117648,128.40788770268244,0.10018978206021818,1032.28,1515.94,0.10119753683161953,1.4685356686170419
2026-07-30,6,Mutton,1,perishable,17,2394.569411764706,289.9173155933987,0.12303474064474729,1800.0,2928.23,0.1210728384690009,1.6267944444444444
2026-07-30,7,Chicken broiler (live),1,perishable,17,325.3529411764706,26.620863238423034,0.07927626303178013,281.66,400.0,0.081821492506453,1.4201519562593197
2026-07-30,8,Milk fresh,1,perishable,17,219.43588235294118,24.003670307586166,0.11007983899485937,176.6,265.25,0.10938808206844954,1.5019818799547
2026-07-30,9,Curd (dahi) loose,1,perishable,17,256.3641176470588,40.18395374070717,0.14524647615349623,213.12,364.06,0.15674562458085167,1.7082394894894894
2026-07-30,10,Powdered milk NIDO 390g,1,branded_packaged,17,1156.03,26.639109172417896,0.023275687000625517,1100.0,1200.0,0.023043614069200538,1.0909090909090908
2026-07-30,11,Eggs (farm),1,perishable,17,265.65058823529415,10.139471430126576,0.03882434099257557,245.51,279.52,0.03816845088686859,1.1385279622011324
2026-07-30,12,Mustard oil (avg quality),1,storable_staple,17,555.7482352941176,67.52186157416851,0.12076926934236296,460.0,686.46,0.12149721274136667,1.4923043478260871
2026-07-30,13,Cooking oil 5L tin (brand),1,branded_packaged,17,3075.279411764706,22.26647605442658,0.007251765540059755,3020.0,3110.0,0.007240472514219212,1.0298013245033113
2026-07-30,14,Vegetable ghee 2.5kg tin (brand),1,branded_packaged,17,1561.0611764705882,22.675573278958446,0.014700669394181827,1500.0,1580.0,0.01452574288614734,1.0533333333333332
2026-07-30,15,Vegetable ghee 1kg pouch (brand),1,branded_packaged,17,609.3076470588235,7.375982586587847,0.012238263664222128,590.0,615.0,0.012105514549492859,1.0423728813559323
2026-07-30,16,Bananas,1,perishable,17,190.42235294117646,39.32356617370361,0.2104919909029336,129.27,268.19,0.2065070910338509,2.074649957453392
2026-07-30,17,Pulse masoor,1,storable_staple,17,259.0282352941176,24.92098769995235,0.09340294045227511,230.0,314.37,0.09620954129442849,1.3668260869565219
2026-07-30,18,Pulse moong,1,storable_staple,17,365.2229411764706,43.20153133349354,0.12209081397513523,280.0,439.95,0.11828810970726827,1.57125
2026-07-30,19,Pulse mash,1,storable_staple,17,454.55117647058825,32.60183792410194,0.07329888805140965,379.73,512.99,0.0717231405652548,1.350933558054407
2026-07-30,20,Pulse gram,1,storable_staple,17,250.30823529411762,24.654574939373347,0.09776852079521887,213.12,293.18,0.09849685892437253,1.375656906906907
2026-07-30,21,Potatoes,1,perishable,17,59.21058823529412,13.195841897444554,0.24212551680434322,33.02,79.69,0.2228628745420706,2.4133858267716533
2026-07-30,22,Onions,1,perishable,17,110.4335294117647,15.895742724538094,0.13826650308311508,92.83,141.27,0.14393946122349224,1.5218140687277821
2026-07-30,23,Tomatoes,1,perishable,17,279.05294117647054,73.89527097222678,0.26487668418727517,181.71,400.0,0.2648073539762338,2.2013097793186946
2026-07-30,24,Sugar refined,1,storable_staple,17,148.0370588235294,3.9138787741604166,0.026698354144251722,140.0,153.26,0.026438506717605323,1.0947142857142858
2026-07-30,25,Gur,1,storable_staple,17,230.77705882352942,27.569048941862754,0.12661830673052402,169.8,267.97,0.11946182641552881,1.578150765606596
2026-07-30,26,Salt powdered 800g (brand),1,branded_packaged,17,62.48058823529412,3.949583001071498,0.061100483893234046,60.0,70.0,0.06321296121921675,1.1666666666666667
2026-07-30,27,Chilli powder 200g (brand),1,branded_packaged,17,369.4117647058824,23.577157439801258,0.0675290093938357,320.0,380.0,0.06382351536251933,1.1875
2026-07-30,28,Garlic,1,perishable,17,378.89941176470586,80.91583161460032,0.19859962043374085,280.0,600.0,0.21355491484597117,2.142857142857143
2026-07-30,29,Tea Lipton 190g,1,branded_packaged,17,458.3564705882353,11.149405780789678,0.02434006959583308,447.0,469.41,0.02432474830448232,1.0501342281879196
2026-07-30,30,Cooked beef (hotel plate),1,prepared_food,17,326.3488235294118,50.47945397416075,0.1639154768062064,200.0,450.0,0.15467944216324514,2.25
2026-07-30,31,Cooked daal (hotel plate),1,prepared_food,17,177.4541176470588,27.680421794750426,0.15388558768581342,130.0,241.4,0.15598635952649145,1.856923076923077
2026-07-30,32,Tea prepared (cup),1,prepared_food,17,66.14823529411764,10.308182572169375,0.16412163614965136,50.0,80.0,0.15583458162316313,1.6
2026-07-30,33,Cigarettes Capstan 20s,0,other_nonfood,17,252.20411764705884,8.802883092220078,0.03457779228740527,240.0,270.0,0.03490380400743127,1.125
2026-07-30,34,Long cloth 57in (brand),0,other_nonfood,17,699.1888235294118,114.25938412677274,0.18844747065227532,400.0,850.0,0.1634170631475581,2.125
2026-07-30,35,Shirting,0,other_nonfood,17,569.9658823529412,164.07090849152786,0.3256507911742363,239.86,866.35,0.2878609291738797,3.611898607521054
2026-07-30,36,Lawn printed (brand),0,other_nonfood,17,691.324705882353,116.68008480015168,0.18616551300780065,400.0,888.64,0.16877754231454856,2.2216
2026-07-30,37,Georgette,0,other_nonfood,17,325.8641176470588,72.09479931475843,0.2302828696395753,206.46,424.98,0.22124190854558531,2.058413251961639
2026-07-30,38,Gents sandal Bata,0,other_nonfood,17,2499.0,0.0,0.0,2499.0,2499.0,0.0,1.0
2026-07-30,39,Gents sponge chappal Bata,0,other_nonfood,17,699.0,0.0,0.0,699.0,699.0,0.0,1.0
2026-07-30,40,Ladies sandal Bata,0,other_nonfood,17,1499.0,0.0,0.0,1499.0,1499.0,0.0,1.0
2026-07-30,41,Electricity Q1,0,administered_utility,17,6.32,0.0,0.0,6.32,6.32,0.0,1.0
2026-07-30,42,Gas Q1,0,administered_utility,17,2566.5,0.0,0.0,2566.5,2566.5,0.0,1.0
2026-07-30,43,Firewood,0,other_nonfood,17,1529.5676470588237,322.7653126020789,0.21885881256347195,965.49,2139.27,0.21101735070215308,2.215735015380791
2026-07-30,44,Energy saver bulb (brand),0,other_nonfood,17,418.21941176470585,119.84899574415446,0.29007254604833577,260.4,580.0,0.2865696626525376,2.227342549923195
2026-07-30,45,Washing soap Sufi (brand),0,other_nonfood,17,142.1605882352941,7.345642816142975,0.05196161036680263,130.0,153.26,0.05167144359296677,1.178923076923077
2026-07-30,46,Match box,0,other_nonfood,17,6.3494117647058825,0.6823806726109269,0.1124139658499808,5.0,7.0,0.10747147891778541,1.4
2026-07-30,47,Petrol super,0,administered_utility,17,336.9764705882353,0.9548425339844641,0.002833000071268984,335.06,338.66,0.002833558474624845,1.010744344296544
2026-07-30,48,Hi-speed diesel,0,administered_utility,17,392.36,1.068608908815566,0.0027226491602109675,390.62,394.21,0.0027235419227637013,1.0091905176386258
2026-07-30,49,LPG 11.67kg cylinder,0,administered_utility,17,4585.320588235294,215.90304584670002,0.04684973873872383,4300.0,4999.33,0.04708570353851582,1.1626348837209302
2026-07-30,50,Telephone call charges,0,administered_utility,17,1.79,0.0,0.0,1.79,1.79,0.0,1.0
2026-07-30,51,Toilet soap Lifebuoy (brand),0,other_nonfood,17,120.66882352941175,8.201371746812352,0.06576905218663495,110.0,136.02,0.06796595431141628,1.2365454545454546
2026-08-13,1,Wheat flour 20kg,1,storable_staple,17,2658.6223529411764,254.19571216214027,0.09733293561897338,2200.0,3085.42,0.09561181635328125,1.4024636363636365
2026-08-13,2,Rice basmati broken,1,storable_staple,17,221.56235294117647,42.439567995181655,0.19787830134642087,146.59,289.93,0.19154683741081732,1.9778293198717511
2026-08-13,3,Rice IRRI-6/9,1,storable_staple,14,156.53142857142856,24.89048222703822,0.16370662250075288,116.57,196.61,0.15901268169721056,1.6866260615938924
2026-08-13,4,Bread plain,1,prepared_food,17,119.40058823529411,9.52416168921722,0.08259966493633793,100.0,130.0,0.07976645534148159,1.3
2026-08-13,5,Beef with bone,1,perishable,17,1272.9176470588234,127.63148379854262,0.09958202455793286,1032.28,1515.94,0.10026688222403486,1.4685356686170419
2026-08-13,6,Mutton,1,perishable,17,2400.7982352941176,290.8876498803983,0.12357318939504783,1800.0,2928.23,0.1211628889108885,1.6267944444444444
2026-08-13,7,Chicken broiler (live),1,perishable,17,363.5705882352941,24.1707497480395,0.06478964031665882,325.0,430.0,0.06648158715302013,1.323076923076923
2026-08-13,8,Milk fresh,1,perishable,17,219.43588235294118,24.003670307586166,0.11007983899485937,176.6,265.25,0.10938808206844954,1.5019818799547
2026-08-13,9,Curd (dahi) loose,1,perishable,17,257.16,39.68576571013843,0.1430766040383396,213.12,364.06,0.15432324510086495,1.7082394894894894
2026-08-13,10,Powdered milk NIDO 390g,1,branded_packaged,17,1156.2264705882353,26.78650638408643,0.023400809254345678,1100.0,1200.0,0.023167179670656284,1.0909090909090908
2026-08-13,11,Eggs (farm),1,perishable,17,264.9182352941176,10.781301078310367,0.04131708502345256,246.66,277.09,0.04069671182257706,1.1233681991405173
2026-08-13,12,Mustard oil (avg quality),1,storable_staple,17,563.3964705882353,64.68189661153039,0.11547109434336618,460.0,686.46,0.11480706747061589,1.4923043478260871
2026-08-13,13,Cooking oil 5L tin (brand),1,branded_packaged,17,3076.8570588235293,22.293325168283506,0.007261569668502352,3020.0,3110.0,0.0072454861379903064,1.0298013245033113
2026-08-13,14,Vegetable ghee 2.5kg tin (brand),1,branded_packaged,17,1565.390588235294,23.08286173511319,0.014963550069086961,1500.0,1580.0,0.01474575221583203,1.0533333333333332
2026-08-13,15,Vegetable ghee 1kg pouch (brand),1,branded_packaged,17,611.9170588235294,6.195975270998397,0.010269466410606623,590.0,615.0,0.010125514858027929,1.0423728813559323
2026-08-13,16,Bananas,1,perishable,17,187.46176470588236,38.64918405272195,0.21056484611159515,129.27,261.84,0.2061710243332046,2.025527964724994
2026-08-13,17,Pulse masoor,1,storable_staple,17,259.6482352941177,21.724484526477873,0.0824486807033905,233.0,295.51,0.08366890882916793,1.268283261802575
2026-08-13,18,Pulse moong,1,storable_staple,17,364.4682352941177,44.127868353696584,0.12471685528782217,280.0,429.95,0.12107466187852114,1.5355357142857142
2026-08-13,19,Pulse mash,1,storable_staple,17,453.48,32.13243377025773,0.07219683232742213,379.73,512.99,0.07085744414363969,1.350933558054407
2026-08-13,20,Pulse gram,1,storable_staple,17,265.36117647058825,29.558640420855156,0.11250296094337336,213.12,320.0,0.11139022223973045,1.5015015015015014
2026-08-13,21,Potatoes,1,perishable,17,58.66823529411765,12.66900165526773,0.23929344867334834,33.02,79.69,0.21594311797099483,2.4133858267716533
2026-08-13,22,Onions,1,perishable,17,151.3958823529412,19.764692338493262,0.12459925633715398,123.24,201.55,0.13054973511377863,1.6354268094774425
2026-08-13,23,Tomatoes,1,perishable,17,252.1864705882353,44.593713534137365,0.18018553367795925,164.72,346.63,0.17682833432785153,2.1043589120932493
2026-08-13,24,Sugar refined,1,storable_staple,17,147.12823529411764,4.39252950373432,0.03010689617608604,140.0,153.26,0.029855109013938796,1.0947142857142858
2026-08-13,25,Gur,1,storable_staple,17,230.58470588235295,27.930269672357056,0.1286610328377497,169.8,267.97,0.12112802349782648,1.578150765606596
2026-08-13,26,Salt powdered 800g (brand),1,branded_packaged,17,62.54882352941176,4.020811302388085,0.062207540677087454,60.0,70.0,0.06428276465499652,1.1666666666666667
2026-08-13,27,Chilli powder 200g (brand),1,branded_packaged,17,372.94117647058823,19.926334924652135,0.05707242960680222,320.0,380.0,0.05343023560237954,1.1875
2026-08-13,28,Garlic,1,perishable,17,379.4841176470588,76.95150673141684,0.19147006634420802,280.0,600.0,0.2027792551860787,2.142857142857143
2026-08-13,29,Tea Lipton 190g,1,branded_packaged,17,463.834705882353,9.680605687176218,0.02113258872155265,447.0,469.41,0.02087080928702995,1.0501342281879196
2026-08-13,30,Cooked beef (hotel plate),1,prepared_food,17,326.3488235294118,50.47945397416075,0.1639154768062064,200.0,450.0,0.15467944216324514,2.25
2026-08-13,31,Cooked daal (hotel plate),1,prepared_food,17,177.4541176470588,27.680421794750426,0.15388558768581342,130.0,241.4,0.15598635952649145,1.856923076923077
2026-08-13,32,Tea prepared (cup),1,prepared_food,17,66.14823529411764,10.308182572169375,0.16412163614965136,50.0,80.0,0.15583458162316313,1.6
2026-08-13,33,Cigarettes Capstan 20s,0,other_nonfood,17,252.20411764705884,8.802883092220078,0.03457779228740527,240.0,270.0,0.03490380400743127,1.125
2026-08-13,34,Long cloth 57in (brand),0,other_nonfood,17,699.1888235294118,114.25938412677274,0.18844747065227532,400.0,850.0,0.1634170631475581,2.125
2026-08-13,35,Shirting,0,other_nonfood,17,569.9658823529412,164.07090849152786,0.3256507911742363,239.86,866.35,0.2878609291738797,3.611898607521054
2026-08-13,36,Lawn printed (brand),0,other_nonfood,17,691.324705882353,116.68008480015168,0.18616551300780065,400.0,888.64,0.16877754231454856,2.2216
2026-08-13,37,Georgette,0,other_nonfood,17,325.8641176470588,72.09479931475843,0.2302828696395753,206.46,424.98,0.22124190854558531,2.058413251961639
2026-08-13,38,Gents sandal Bata,0,other_nonfood,17,2499.0,0.0,0.0,2499.0,2499.0,0.0,1.0
2026-08-13,39,Gents sponge chappal Bata,0,other_nonfood,17,699.0,0.0,0.0,699.0,699.0,0.0,1.0
2026-08-13,40,Ladies sandal Bata,0,other_nonfood,17,1499.0,0.0,0.0,1499.0,1499.0,0.0,1.0
2026-08-13,41,Electricity Q1,0,administered_utility,17,6.32,0.0,0.0,6.32,6.32,0.0,1.0
2026-08-13,42,Gas Q1,0,administered_utility,17,2566.5,0.0,0.0,2566.5,2566.5,0.0,1.0
2026-08-13,43,Firewood,0,other_nonfood,17,1533.8317647058823,320.2499448718784,0.21728376832773058,965.49,2139.27,0.20879078934272005,2.215735015380791
2026-08-13,44,Energy saver bulb (brand),0,other_nonfood,17,418.21941176470585,119.84899574415446,0.29007254604833577,260.4,580.0,0.2865696626525376,2.227342549923195
2026-08-13,45,Washing soap Sufi (brand),0,other_nonfood,17,142.42882352941177,7.470494363120268,0.05284784983622671,130.0,153.26,0.05245072014217402,1.178923076923077
2026-08-13,46,Match box,0,other_nonfood,17,6.3494117647058825,0.6823806726109269,0.1124139658499808,5.0,7.0,0.10747147891778541,1.4
2026-08-13,47,Petrol super,0,administered_utility,17,327.0041176470588,1.102514505706888,0.0033695198523000665,324.98,328.96,0.0033715615376343697,1.012246907502
2026-08-13,48,Hi-speed diesel,0,administered_utility,17,384.7258823529412,1.0666071138400148,0.0027711680365229002,382.79,386.56,0.0027723820069415735,1.0098487421301496
2026-08-13,49,LPG 11.67kg cylinder,0,administered_utility,17,4527.024117647059,176.3637805807512,0.038776848107897166,4239.17,4819.84,0.03895799447881384,1.1369772856478981
2026-08-13,50,Telephone call charges,0,administered_utility,17,1.79,0.0,0.0,1.79,1.79,0.0,1.0
2026-08-13,51,Toilet soap Lifebuoy (brand),0,other_nonfood,17,127.92764705882352,9.335278202477264,0.07398064326348774,116.17,136.02,0.07297310954359013,1.1708702763191874
2026-08-20,1,Wheat flour 20kg,1,storable_staple,17,2659.0476470588233,247.07963545508483,0.09499760922439822,2200.0,3085.42,0.09292034903112022,1.4024636363636365
2026-08-20,2,Rice basmati broken,1,storable_staple,17,221.80058823529413,42.17729164944512,0.1958827747558685,146.59,289.93,0.19015861042127585,1.9778293198717511
2026-08-20,3,Rice IRRI-6/9,1,storable_staple,14,156.53142857142856,24.89048222703822,0.16370662250075288,116.57,196.61,0.15901268169721056,1.6866260615938924
2026-08-20,4,Bread plain,1,prepared_food,17,119.40058823529411,9.52416168921722,0.08259966493633793,100.0,130.0,0.07976645534148159,1.3
2026-08-20,5,Beef with bone,1,perishable,17,1274.4705882352941,127.54222954920597,0.09957166662248654,1032.28,1515.94,0.10007467471321432,1.4685356686170419
2026-08-20,6,Mutton,1,perishable,17,2400.7982352941176,290.8876498803983,0.12357318939504783,1800.0,2928.23,0.1211628889108885,1.6267944444444444
2026-08-20,7,Chicken broiler (live),1,perishable,17,375.63470588235293,22.74873213984878,0.06075425254566115,334.96,420.0,0.060560783611335364,1.2538810604251254
2026-08-20,8,Milk fresh,1,perishable,17,219.79647058823528,24.002926889542145,0.10994533106942475,176.6,266.46,0.1092052425833034,1.5088335220838052
2026-08-20,9,Curd (dahi) loose,1,perishable,17,257.4841176470588,39.89141778923499,0.1437820852301023,213.12,364.06,0.15492768312768462,1.7082394894894894
2026-08-20,10,Powdered milk NIDO 390g,1,branded_packaged,17,1157.144117647059,27.024398249272664,0.023611021919463206,1100.0,1200.0,0.023354392799597144,1.0909090909090908
2026-08-20,11,Eggs (farm),1,perishable,17,249.79647058823528,14.632565112266057,0.057772536088475816,231.65,280.0,0.058577949791718195,1.2087200518022878
2026-08-20,12,Mustard oil (avg quality),1,storable_staple,17,563.4511764705883,64.68521352310287,0.11548243215772275,460.0,686.46,0.11480180754663735,1.4923043478260871
2026-08-20,13,Cooking oil 5L tin (brand),1,branded_packaged,17,3078.470588235294,22.187039141858364,0.007228235136916547,3020.0,3110.0,0.007207162942094856,1.0298013245033113
2026-08-20,14,Vegetable ghee 2.5kg tin (brand),1,branded_packaged,17,1566.2729411764706,23.352118684582404,0.015135627520070144,1500.0,1580.0,0.014909354602679906,1.0533333333333332
2026-08-20,15,Vegetable ghee 1kg pouch (brand),1,branded_packaged,17,612.7441176470588,6.290913147969392,0.010427714353391276,590.0,615.0,0.010266786684344742,1.0423728813559323
2026-08-20,16,Bananas,1,perishable,17,185.84529411764706,38.89607099657482,0.21321231101546173,125.61,261.84,0.2092927409394189,2.0845474086458085
2026-08-20,17,Pulse masoor,1,storable_staple,17,259.2670588235294,21.536082154347937,0.08171566257862245,233.0,295.51,0.08306524651481664,1.268283261802575
2026-08-20,18,Pulse moong,1,storable_staple,17,362.7982352941176,47.16239805651508,0.13314811455398012,270.0,440.0,0.12999621681809148,1.6296296296296295
2026-08-20,19,Pulse mash,1,storable_staple,17,452.8617647058823,32.236329900303105,0.0723780469211919,379.73,512.99,0.07118359820295153,1.350933558054407
2026-08-20,20,Pulse gram,1,storable_staple,17,267.83647058823533,29.601270652874113,0.11278591059810905,213.12,320.0,0.11051993997629367,1.5015015015015014
2026-08-20,21,Potatoes,1,perishable,17,57.93882352941176,12.422399064971787,0.23502521541124383,33.02,79.69,0.2144054419514705,2.4133858267716533
2026-08-20,22,Onions,1,perishable,17,173.34764705882353,25.67056571479576,0.14938294115607864,134.66,216.47,0.14808718866593412,1.607530075746324
2026-08-20,23,Tomatoes,1,perishable,17,239.7264705882353,42.11188058926727,0.18529439692741664,154.7,300.44,0.1756663771252883,1.942081447963801
2026-08-20,24,Sugar refined,1,storable_staple,17,146.77294117647057,4.459608677767982,0.03071390353229721,138.0,152.69,0.030384406294659102,1.1064492753623187
2026-08-20,25,Gur,1,storable_staple,17,230.78058823529412,27.88778080777231,0.1285346126391205,169.8,267.97,0.12084110288920448,1.578150765606596
2026-08-20,26,Salt powdered 800g (brand),1,branded_packaged,17,62.54882352941176,4.020811302388085,0.062207540677087454,60.0,70.0,0.06428276465499652,1.1666666666666667
2026-08-20,27,Chilli powder 200g (brand),1,branded_packaged,17,372.94117647058823,19.926334924652135,0.05707242960680222,320.0,380.0,0.05343023560237954,1.1875
2026-08-20,28,Garlic,1,perishable,17,386.34235294117644,74.54356842892382,0.18054981649270832,300.0,600.0,0.19294692352891904,2.0
2026-08-20,29,Tea Lipton 190g,1,branded_packaged,17,465.39352941176475,8.770637762711777,0.019146139165973443,447.0,469.41,0.018845637527013848,1.0501342281879196
2026-08-20,30,Cooked beef (hotel plate),1,prepared_food,17,326.3488235294118,50.47945397416075,0.1639154768062064,200.0,450.0,0.15467944216324514,2.25
2026-08-20,31,Cooked daal (hotel plate),1,prepared_food,17,177.73764705882354,27.779326514831986,0.15452555883661062,130.0,241.4,0.15629399271634456,1.856923076923077
2026-08-20,32,Tea prepared (cup),1,prepared_food,17,66.73647058823529,11.377859498372525,0.1753037634233485,50.0,90.0,0.17048938006587183,1.8
2026-08-20,33,Cigarettes Capstan 20s,0,other_nonfood,17,252.3629411764706,8.802048600117109,0.03458512845848642,240.0,270.0,0.03487853073467738,1.125
2026-08-20,34,Long cloth 57in (brand),0,other_nonfood,17,699.1888235294118,114.25938412677274,0.18844747065227532,400.0,850.0,0.1634170631475581,2.125
2026-08-20,35,Shirting,0,other_nonfood,17,570.0517647058824,164.11593540220645,0.3257274979424558,239.86,866.35,0.2878965482843157,3.611898607521054
2026-08-20,36,Lawn printed (brand),0,other_nonfood,17,691.324705882353,116.68008480015168,0.18616551300780065,400.0,888.64,0.16877754231454856,2.2216
2026-08-20,37,Georgette,0,other_nonfood,17,325.8641176470588,72.09479931475843,0.2302828696395753,206.46,424.98,0.22124190854558531,2.058413251961639
2026-08-20,38,Gents sandal Bata,0,other_nonfood,17,2499.0,0.0,0.0,2499.0,2499.0,0.0,1.0
2026-08-20,39,Gents sponge chappal Bata,0,other_nonfood,17,699.0,0.0,0.0,699.0,699.0,0.0,1.0
2026-08-20,40,Ladies sandal Bata,0,other_nonfood,17,1499.0,0.0,0.0,1499.0,1499.0,0.0,1.0
2026-08-20,41,Electricity Q1,0,administered_utility,17,6.32,0.0,0.0,6.32,6.32,0.0,1.0
2026-08-20,42,Gas Q1,0,administered_utility,17,2566.5,0.0,0.0,2566.5,2566.5,0.0,1.0
2026-08-20,43,Firewood,0,other_nonfood,17,1533.8317647058823,320.2499448718784,0.21728376832773058,965.49,2139.27,0.20879078934272005,2.215735015380791
2026-08-20,44,Energy saver bulb (brand),0,other_nonfood,17,418.21941176470585,119.84899574415446,0.29007254604833577,260.4,580.0,0.2865696626525376,2.227342549923195
2026-08-20,45,Washing soap Sufi (brand),0,other_nonfood,17,142.59882352941176,7.499355707619935,0.053048500795497965,130.0,153.26,0.05259058610727706,1.178923076923077
2026-08-20,46,Match box,0,other_nonfood,17,6.3494117647058825,0.6823806726109269,0.1124139658499808,5.0,7.0,0.10747147891778541,1.4
2026-08-20,47,Petrol super,0,administered_utility,17,339.3347058823529,1.059782510984331,0.003121398940750397,337.51,341.29,0.003123118539344917,1.0111996681579807
2026-08-20,48,Hi-speed diesel,0,administered_utility,17,364.90000000000003,1.0936407088253484,0.002996267480479138,363.06,366.88,0.0029970970370659035,1.0105216768578196
2026-08-20,49,LPG 11.67kg cylinder,0,administered_utility,17,4480.4958823529405,191.28139974455223,0.04233406047579334,4154.43,4819.84,0.04269201551951889,1.160168783683923
2026-08-20,50,Telephone call charges,0,administered_utility,17,1.79,0.0,0.0,1.79,1.79,0.0,1.0
2026-08-20,51,Toilet soap Lifebuoy (brand),0,other_nonfood,17,128.79647058823528,9.362229262558465,0.07427481399357946,116.17,136.02,0.07269010726613531,1.1708702763191874
2026-08-27,1,Wheat flour 20kg,1,storable_staple,17,2670.398823529412,259.12380966640126,0.09926674564683385,2200.0,3047.64,0.09703562156454315,1.3852909090909091
2026-08-27,2,Rice basmati broken,1,storable_staple,17,220.64176470588234,40.428511943196426,0.19014415953609837,146.59,282.63,0.18323145664234528,1.9280305614298383
2026-08-27,3,Rice IRRI-6/9,1,storable_staple,14,155.8385714285714,24.638396818831342,0.16192480397345474,116.57,196.61,0.1581020449107771,1.6866260615938924
2026-08-27,4,Bread plain,1,prepared_food,17,119.40058823529411,9.52416168921722,0.08259966493633793,100.0,130.0,0.07976645534148159,1.3
2026-08-27,5,Beef with bone,1,perishable,17,1275.2117647058822,127.60635844440192,0.09965029160388472,1032.28,1515.94,0.10006679829669965,1.4685356686170419
2026-08-27,6,Mutton,1,perishable,17,2401.5170588235296,292.046433803015,0.12395546763539927,1800.0,2928.23,0.12160914399087575,1.6267944444444444
2026-08-27,7,Chicken broiler (live),1,perishable,17,359.39882352941174,27.217889540326432,0.07503706316009386,320.0,420.0,0.07573171573862715,1.3125
2026-08-27,8,Milk fresh,1,perishable,17,219.79647058823528,24.002926889542145,0.10994533106942475,176.6,266.46,0.1092052425833034,1.5088335220838052
2026-08-27,9,Curd (dahi) loose,1,perishable,17,257.4841176470588,39.89141778923499,0.1437820852301023,213.12,364.06,0.15492768312768462,1.7082394894894894
2026-08-27,10,Powdered milk NIDO 390g,1,branded_packaged,17,1157.5358823529411,27.371047216635546,0.02390267109924894,1100.0,1200.0,0.023645960037971345,1.0909090909090908
2026-08-27,11,Eggs (farm),1,perishable,17,250.56411764705882,12.817784061033882,0.050669472533581436,231.65,276.15,0.05115570490060686,1.1921001510900064
2026-08-27,12,Mustard oil (avg quality),1,storable_staple,17,564.8235294117648,62.176453133519175,0.11017285331717307,460.0,686.46,0.11008120217348738,1.4923043478260871
2026-08-27,13,Cooking oil 5L tin (brand),1,branded_packaged,17,3079.9411764705883,22.06657706871218,0.007190348215464913,3020.0,3110.0,0.007164609907907085,1.0298013245033113
2026-08-27,14,Vegetable ghee 2.5kg tin (brand),1,branded_packaged,17,1567.155294117647,23.58325627369105,0.015283898203506003,1500.0,1580.0,0.015048448843717874,1.0533333333333332
2026-08-27,15,Vegetable ghee 1kg pouch (brand),1,branded_packaged,17,612.7441176470588,6.290913147969392,0.010427714353391276,590.0,615.0,0.010266786684344742,1.0423728813559323
2026-08-27,16,Bananas,1,perishable,17,181.0135294117647,40.26812029092873,0.2214815392102272,123.11,261.84,0.22245917430474435,2.126878401429616
2026-08-27,17,Pulse masoor,1,storable_staple,17,260.1605882352941,23.150972028887974,0.08700360213880776,233.0,302.36,0.08898723740565118,1.2976824034334764
2026-08-27,18,Pulse moong,1,storable_staple,17,361.82705882352946,48.92810679516246,0.13854079775638076,270.0,440.0,0.13522511819389857,1.6296296296296295
2026-08-27,19,Pulse mash,1,storable_staple,17,453.6835294117647,33.03484333646378,0.07410650717070512,379.73,512.99,0.07281472919966032,1.350933558054407
2026-08-27,20,Pulse gram,1,storable_staple,17,269.78470588235297,25.94260422491521,0.09707577468045643,216.47,309.93,0.09616039626882406,1.4317457384395067
2026-08-27,21,Potatoes,1,perishable,17,57.760588235294115,12.574745261131657,0.2381529646935909,33.02,79.69,0.2177045914059436,2.4133858267716533
2026-08-27,22,Onions,1,perishable,17,169.30882352941177,31.13890209254996,0.18508630589258837,114.6,225.48,0.1839177748886821,1.9675392670157068
2026-08-27,23,Tomatoes,1,perishable,17,197.23117647058822,47.95326069235974,0.2370555341174299,144.68,280.0,0.24313225500386695,1.9353055017970693
2026-08-27,24,Sugar refined,1,storable_staple,17,146.5494117647059,4.62643014454481,0.03203284684696161,136.0,152.69,0.03156908027698418,1.1227205882352942
2026-08-27,25,Gur,1,storable_staple,17,230.71647058823532,28.065127814864947,0.12915879773874137,169.8,267.97,0.12164336487685523,1.578150765606596
2026-08-27,26,Salt powdered 800g (brand),1,branded_packaged,17,62.54882352941176,4.020811302388085,0.062207540677087454,60.0,70.0,0.06428276465499652,1.1666666666666667
2026-08-27,27,Chilli powder 200g (brand),1,branded_packaged,17,372.94117647058823,19.926334924652135,0.05707242960680222,320.0,380.0,0.05343023560237954,1.1875
2026-08-27,28,Garlic,1,perishable,17,383.16470588235296,77.86762245292064,0.1924477497942897,291.5,600.0,0.20322232517112143,2.058319039451115
2026-08-27,29,Tea Lipton 190g,1,branded_packaged,17,465.39352941176475,8.770637762711777,0.019146139165973443,447.0,469.41,0.018845637527013848,1.0501342281879196
2026-08-27,30,Cooked beef (hotel plate),1,prepared_food,17,326.3488235294118,50.47945397416075,0.1639154768062064,200.0,450.0,0.15467944216324514,2.25
2026-08-27,31,Cooked daal (hotel plate),1,prepared_food,17,177.73764705882354,27.779326514831986,0.15452555883661062,130.0,241.4,0.15629399271634456,1.856923076923077
2026-08-27,32,Tea prepared (cup),1,prepared_food,17,66.88058823529411,11.46896272041866,0.17661633392219642,50.0,90.0,0.17148417833990098,1.8
2026-08-27,33,Cigarettes Capstan 20s,0,other_nonfood,17,252.77529411764706,8.996589018655252,0.035367143027388116,240.0,270.0,0.03559125131298649,1.125
2026-08-27,34,Long cloth 57in (brand),0,other_nonfood,17,699.1888235294118,114.25938412677274,0.18844747065227532,400.0,850.0,0.1634170631475581,2.125
2026-08-27,35,Shirting,0,other_nonfood,17,570.0517647058824,164.11593540220645,0.3257274979424558,239.86,866.35,0.2878965482843157,3.611898607521054
2026-08-27,36,Lawn printed (brand),0,other_nonfood,17,691.8323529411764,116.23567575885487,0.18551117231458097,400.0,888.64,0.1680113328969134,2.2216
2026-08-27,37,Georgette,0,other_nonfood,17,326.05294117647054,72.05904955006567,0.23023839498791004,206.46,424.98,0.22100413905196134,2.058413251961639
2026-08-27,38,Gents sandal Bata,0,other_nonfood,17,2499.0,0.0,0.0,2499.0,2499.0,0.0,1.0
2026-08-27,39,Gents sponge chappal Bata,0,other_nonfood,17,699.0,0.0,0.0,699.0,699.0,0.0,1.0
2026-08-27,40,Ladies sandal Bata,0,other_nonfood,17,1499.0,0.0,0.0,1499.0,1499.0,0.0,1.0
2026-08-27,41,Electricity Q1,0,administered_utility,17,6.45,0.0,0.0,6.45,6.45,0.0,1.0
2026-08-27,42,Gas Q1,0,administered_utility,17,2566.5,0.0,0.0,2566.5,2566.5,0.0,1.0
2026-08-27,43,Firewood,0,other_nonfood,17,1533.8317647058823,320.2499448718784,0.21728376832773058,965.49,2139.27,0.20879078934272005,2.215735015380791
2026-08-27,44,Energy saver bulb (brand),0,other_nonfood,17,418.21941176470585,119.84899574415446,0.29007254604833577,260.4,580.0,0.2865696626525376,2.227342549923195
2026-08-27,45,Washing soap Sufi (brand),0,other_nonfood,17,142.59882352941176,7.499355707619935,0.053048500795497965,130.0,153.26,0.05259058610727706,1.178923076923077
2026-08-27,46,Match box,0,other_nonfood,17,6.3494117647058825,0.6823806726109269,0.1124139658499808,5.0,7.0,0.10747147891778541,1.4
2026-08-27,47,Petrol super,0,administered_utility,17,345.13882352941175,1.0963683365601955,0.0031758530874657514,343.1,346.98,0.0031766010133217194,1.0113086563684057
2026-08-27,48,Hi-speed diesel,0,administered_utility,17,373.81176470588235,1.1616541831270073,0.003107363993737671,371.8,375.66,0.003107591287398364,1.0103819257665412
2026-08-27,49,LPG 11.67kg cylinder,0,administered_utility,17,4638.755294117647,267.069564231813,0.056784932237904456,4266.4,5252.23,0.05757354016291415,1.2310683480217515
2026-08-27,50,Telephone call charges,0,administered_utility,17,1.79,0.0,0.0,1.79,1.79,0.0,1.0
2026-08-27,51,Toilet soap Lifebuoy (brand),0,other_nonfood,17,129.9629411764706,8.915412753138446,0.07067954291900685,116.17,136.02,0.06859965365844271,1.1708702763191874
2026-09-24,1,Wheat flour 20kg,1,storable_staple,17,2703.161176470588,272.18948057562665,0.10474111636320768,2200.0,3058.21,0.10069302672177832,1.3900954545454545
2026-09-24,2,Rice basmati broken,1,storable_staple,17,220.89647058823527,42.10860792955172,0.19931210456743725,140.0,283.54,0.19062598790020857,2.0252857142857144
2026-09-24,3,Rice IRRI-6/9,1,storable_staple,14,155.85928571428573,24.453063820711318,0.16033867727297949,116.57,196.61,0.1568919279248949,1.6866260615938924
2026-09-24,4,Bread plain,1,prepared_food,17,120.48529411764706,11.162135838207142,0.09409848055955089,100.0,140.0,0.09264313889882651,1.4
2026-09-24,5,Beef with bone,1,perishable,17,1280.275294117647,131.253134539601,0.10207929180530949,1032.28,1515.94,0.1025194621365082,1.4685356686170419
2026-09-24,6,Mutton,1,perishable,17,2416.2505882352943,291.2508394938669,0.12384560981063765,1800.0,2928.23,0.1205383418888608,1.6267944444444444
2026-09-24,7,Chicken broiler (live),1,perishable,17,341.3211764705882,22.456352353608366,0.06569131252955432,303.3,382.44,0.06579243803685716,1.2609297725024728
2026-09-24,8,Milk fresh,1,perishable,17,220.18235294117648,24.552191992114412,0.11204248959108416,176.6,266.46,0.11150844590471667,1.5088335220838052
2026-09-24,9,Curd (dahi) loose,1,perishable,17,258.4970588235294,40.07116353512614,0.14452110449539451,213.12,364.06,0.15501593603230082,1.7082394894894894
2026-09-24,10,Powdered milk NIDO 390g,1,branded_packaged,17,1153.6164705882352,30.910265273282693,0.02701723556189166,1100.0,1200.0,0.02679423019811895,1.0909090909090908
2026-09-24,11,Eggs (farm),1,perishable,17,257.83529411764704,9.877001137520857,0.03799808443582369,242.4,280.0,0.038307405397393364,1.155115511551155
2026-09-24,12,Mustard oil (avg quality),1,storable_staple,17,569.5235294117647,59.812122510948456,0.10452899926916785,480.0,686.46,0.1050213369985358,1.430125
2026-09-24,13,Cooking oil 5L tin (brand),1,branded_packaged,17,3089.9411764705883,11.486244970808004,0.00372166453503727,3065.0,3110.0,0.003717302147456378,1.0146818923327896
2026-09-24,14,Vegetable ghee 2.5kg tin (brand),1,branded_packaged,17,1571.4705882352941,24.22322657868586,0.015702669503716897,1500.0,1580.0,0.015414368401185088,1.0533333333333332
2026-09-24,15,Vegetable ghee 1kg pouch (brand),1,branded_packaged,17,612.7441176470588,6.290913147969392,0.010427714353391276,590.0,615.0,0.010266786684344742,1.0423728813559323
2026-09-24,16,Bananas,1,perishable,17,146.01235294117646,41.48436761742483,0.2766552826635608,86.18,237.33,0.2841154654506356,2.7538872128103966
2026-09-24,17,Pulse masoor,1,storable_staple,17,264.80529411764707,25.090619043191996,0.09291079503484898,240.0,308.94,0.09475119871298644,1.28725
2026-09-24,18,Pulse moong,1,storable_staple,17,359.5664705882353,49.18927067221778,0.13797121207375582,270.0,452.95,0.13680160608898334,1.6775925925925925
2026-09-24,19,Pulse mash,1,storable_staple,17,460.98058823529414,32.28471958035803,0.0722434292012702,379.73,512.99,0.07003487870053052,1.350933558054407
2026-09-24,20,Pulse gram,1,storable_staple,17,272.64941176470586,25.176236680297432,0.09227560916221185,226.62,311.3,0.09233922977257077,1.3736651663577795
2026-09-24,21,Potatoes,1,perishable,17,52.16058823529412,10.618783752499759,0.21397022248046887,33.02,71.82,0.2035786809880075,2.1750454270139303
2026-09-24,22,Onions,1,perishable,17,190.17470588235295,24.558881061045682,0.1300733103955437,150.0,234.69,0.12913852526864666,1.5646
2026-09-24,23,Tomatoes,1,perishable,17,155.7394117647059,34.16646921152892,0.2160643048529744,104.56,224.88,0.21938229266685738,2.150726855394032
2026-09-24,24,Sugar refined,1,storable_staple,17,145.10882352941175,4.341980945307315,0.0302707728157106,135.0,150.0,0.029922239321492735,1.1111111111111112
2026-09-24,25,Gur,1,storable_staple,17,230.87588235294118,27.978478572561706,0.12887645883425566,169.8,267.97,0.1211840677658607,1.578150765606596
2026-09-24,26,Salt powdered 800g (brand),1,branded_packaged,17,61.96058823529411,3.568656033068044,0.05534467760931209,60.0,70.0,0.05759558026654207,1.1666666666666667
2026-09-24,27,Chilli powder 200g (brand),1,branded_packaged,17,372.94117647058823,19.926334924652135,0.05707242960680222,320.0,380.0,0.05343023560237954,1.1875
2026-09-24,28,Garlic,1,perishable,17,395.15764705882356,76.9798692459116,0.1859582834735877,288.17,600.0,0.19480799579326452,2.0821043134261026
2026-09-24,29,Tea Lipton 190g,1,branded_packaged,17,465.39352941176475,8.770637762711777,0.019146139165973443,447.0,469.41,0.018845637527013848,1.0501342281879196
2026-09-24,30,Cooked beef (hotel plate),1,prepared_food,17,326.5252941176471,50.521531315574634,0.16407176190065714,200.0,450.0,0.15472470961888704,2.25
2026-09-24,31,Cooked daal (hotel plate),1,prepared_food,17,177.7641176470588,27.796152399842928,0.15461982303282967,130.0,241.4,0.15636537208836887,1.856923076923077
2026-09-24,32,Tea prepared (cup),1,prepared_food,17,66.9235294117647,11.48233313681091,0.17684930881805228,50.0,90.0,0.17157393278173988,1.8
2026-09-24,33,Cigarettes Capstan 20s,0,other_nonfood,17,252.77529411764706,8.996589018655252,0.035367143027388116,240.0,270.0,0.03559125131298649,1.125
2026-09-24,34,Long cloth 57in (brand),0,other_nonfood,17,699.1888235294118,114.25938412677274,0.18844747065227532,400.0,850.0,0.1634170631475581,2.125
2026-09-24,35,Shirting,0,other_nonfood,17,570.0517647058824,164.11593540220645,0.3257274979424558,239.86,866.35,0.2878965482843157,3.611898607521054
2026-09-24,36,Lawn printed (brand),0,other_nonfood,17,691.8323529411764,116.23567575885487,0.18551117231458097,400.0,888.64,0.1680113328969134,2.2216
2026-09-24,37,Georgette,0,other_nonfood,17,326.05294117647054,72.05904955006567,0.23023839498791004,206.46,424.98,0.22100413905196134,2.058413251961639
2026-09-24,38,Gents sandal Bata,0,other_nonfood,17,2499.0,0.0,0.0,2499.0,2499.0,0.0,1.0
2026-09-24,39,Gents sponge chappal Bata,0,other_nonfood,17,699.0,0.0,0.0,699.0,699.0,0.0,1.0
2026-09-24,40,Ladies sandal Bata,0,other_nonfood,17,1499.0,0.0,0.0,1499.0,1499.0,0.0,1.0
2026-09-24,41,Electricity Q1,0,administered_utility,17,7.66,0.0,0.0,7.66,7.66,0.0,1.0
2026-09-24,42,Gas Q1,0,administered_utility,17,2566.5,0.0,0.0,2566.5,2566.5,0.0,1.0
2026-09-24,43,Firewood,0,other_nonfood,17,1534.824117647059,319.7795738289663,0.21701799425284474,965.49,2139.27,0.20834932820784702,2.215735015380791
2026-09-24,44,Energy saver bulb (brand),0,other_nonfood,17,418.21941176470585,119.84899574415446,0.29007254604833577,260.4,580.0,0.2865696626525376,2.227342549923195
2026-09-24,45,Washing soap Sufi (brand),0,other_nonfood,17,144.10294117647058,6.804512073530584,0.04788345145373736,130.0,153.26,0.047219800081649124,1.178923076923077
2026-09-24,46,Match box,0,other_nonfood,17,6.3494117647058825,0.6823806726109269,0.1124139658499808,5.0,7.0,0.10747147891778541,1.4
2026-09-24,47,Petrol super,0,administered_utility,17,392.06882352941176,0.9736906743990951,0.002482366048200159,390.12,394.02,0.0024834687584539654,1.0099969240233773
2026-09-24,48,Hi-speed diesel,0,administered_utility,17,416.84,1.3292055898167094,0.003182073165951409,414.75,420.59,0.0031887668885344726,1.014080771549126
2026-09-24,49,LPG 11.67kg cylinder,0,administered_utility,17,5050.856470588235,269.8106517759535,0.05254955079988031,4744.42,5637.24,0.05341879210923819,1.188183170967157
2026-09-24,50,Telephone call charges,0,administered_utility,17,1.79,0.0,0.0,1.79,1.79,0.0,1.0
2026-09-24,51,Toilet soap Lifebuoy (brand),0,other_nonfood,17,131.08176470588236,8.363325620898458,0.06629645594976172,116.17,136.02,0.0638023575564752,1.1708702763191874
