week_end,item_id,item_label,unit,nat_min,nat_avg,nat_max,nat_avg_prev_week,nat_avg_same_week_last_year,pct_chg_prev_week,pct_chg_same_week_last_year,yearly_avg_recent,yearly_avg_prior,yearly_avg_diff,yearly_avg_pct_chg
2025-05-15,1,Wheat Flour Bag,20 Kg,1380.0,1506.15,1750.0,1501.03,1906.99,0.34,-21.02,2575.18,1755.63,819.5499999999997,46.68124832681144
2025-05-15,2,Rice Basmati Broken (Average Quality),1 Kg,140.0,199.31,280.0,200.4,217.48,-0.54,-8.35,222.46,151.97,70.49000000000001,46.38415476738831
2025-05-15,3,Rice IRRI-6/9 (Sindh/Punjab),1 Kg,110.0,152.84,190.0,152.84,168.3,0.0,-9.19,165.12,113.16,51.96000000000001,45.91728525980915
2025-05-15,4,Bread plain (Small Size),Each,100.0,108.83,120.0,108.83,116.39,0.0,-6.5,113.6,89.74,23.86,26.587920659683533
2025-05-15,5,Beef with Bone (Average Quality),1 Kg,800.0,1105.35,1400.0,1104.59,936.76,0.07,18.0,847.36,705.9,141.46000000000004,20.039665675024793
2025-05-15,6,Mutton (Average Quality),1 Kg,1600.0,2026.78,2450.0,2014.3,1883.03,0.62,7.63,1746.19,1471.31,274.8800000000001,18.682670545296375
2025-05-15,7,Chicken Farm Broiler (Live),1 Kg,465.0,502.92,600.0,433.75,341.61,15.95,47.22,395.28,342.5,52.77999999999997,15.41021897810218
2025-05-15,8,Milk fresh (Un-boiled),1 Ltr,160.0,198.74,250.0,198.4,187.1,0.17,6.22,185.03,151.7,33.33000000000001,21.97099538562955
2025-05-15,9,Curd (Dahi) Loose,1 Kg,170.0,231.62,360.0,231.19,218.77,0.19,5.87,215.67,175.15,40.51999999999998,23.13445618041679
2025-05-15,10,Powdered Milk NIDO 390 gm Polybag,Each,1000.0,1053.6,1100.0,1037.06,849.51,1.59,24.02,819.69,637.79,181.9000000000001,28.52035936593552
2025-05-15,11,Eggs Hen (Farm),1 Dozen,240.0,288.58,310.0,266.37,260.04,8.34,10.98,298.22,251.16,47.06000000000003,18.737060041407872
2025-05-15,12,Mustard Oil (Average Quality),1 Kg,380.0,529.23,660.0,529.6,495.29,-0.07,6.85,508.77,545.73,-36.960000000000036,-6.772579847177184
2025-05-15,13,"Cooking Oil DALDA or Other Similar Brand (SN), 5 Litre Tin",Each,2800.0,2900.58,2945.0,2902.05,2658.18,-0.05,9.12,2810.06,2967.22,-157.15999999999985,-5.296540195873575
2025-05-15,14,Vegetable Ghee DALDA/HABIB 2.5 kg Tin,Each,1425.0,1471.96,1525.0,1477.52,1295.46,-0.38,13.62,1345.28,1430.1,-84.81999999999994,-5.931053772463457
2025-05-15,15,Vegetable Ghee DALDA/HABIB or Other superior Quality 1 kg Pouch,Each,550.0,568.09,579.0,569.4,503.78,-0.23,12.77,518.25,559.95,-41.700000000000045,-7.447093490490232
2025-05-15,16,Bananas (Kela) Local,1 Dozen,100.0,175.32,340.0,175.48,145.13,-0.09,20.8,136.52,138.31,-1.789999999999992,-1.2941942014315657
2025-05-15,17,Pulse Masoor (Washed),1 Kg,260.0,294.71,370.0,293.86,320.66,0.29,-8.09,320.39,284.32,36.06999999999999,12.686409679234671
2025-05-15,18,Pulse Moong (Washed),1 Kg,360.0,399.52,460.0,398.47,309.65,0.26,29.02,292.91,252.51,40.400000000000034,15.999366361728278
2025-05-15,19,Pulse Mash (Washed),1 Kg,380.0,456.92,530.0,456.66,545.71,0.06,-16.27,530.09,390.82,139.27000000000004,35.635330842843274
2025-05-15,20,Pulse Gram,1 Kg,270.0,314.57,400.0,311.63,260.54,0.94,20.74,251.64,241.48,10.159999999999997,4.207387775385115
2025-05-15,21,Potatoes,1 Kg,45.0,62.39,100.0,63.62,88.93,-1.93,-29.84,82.44,62.38,20.059999999999995,32.157742866303295
2025-05-15,22,Onions,1 Kg,25.0,46.24,80.0,47.46,99.0,-2.57,-53.29,128.06,118.42,9.64,8.14051680459383
2025-05-15,23,Tomatoes,1 Kg,10.0,45.23,90.0,47.71,59.21,-5.2,-23.61,110.14,83.56,26.58,31.80947821924366
2025-05-15,24,Sugar Refined,1 Kg,170.0,175.19,185.0,171.81,143.75,1.97,21.87,146.05,98.35,47.70000000000002,48.50025419420439
2025-05-15,25,Gur (Average Quality),1 Kg,180.0,218.32,300.0,215.13,204.49,1.48,6.76,210.53,144.68,65.85,45.51423831904893
2025-05-15,26,Salt Powdered (NATIONAL/SHAN) 800 gm Packet,Each,70.0,72.6,80.0,72.6,69.93,0.0,3.82,65.72,45.95,19.769999999999996,43.02502720348201
2025-05-15,27,Chilies Powder NATIONAL 200 gm Packet,Each,320.0,320.0,320.0,320.0,364.88,0.0,-12.3,374.34,217.04,157.29999999999998,72.47511979358643
2025-05-15,28,Garlic (Lehsun),1 Kg,220.0,369.05,650.0,382.22,552.27,-3.45,-33.18,518.54,354.16,164.37999999999994,46.41405014682627
2025-05-15,29,Tea Lipton Yellow Label 190 gm Packet,Each,447.0,447.07,447.5,452.21,544.71,-1.14,-17.93,556.48,400.91,155.57,38.8042203985932
2025-05-15,30,Cooked Beef at Average Hotel,Per Plate,200.0,306.79,450.0,305.3,281.41,0.49,9.02,272.13,224.01,48.120000000000005,21.48118387571985
2025-05-15,31,Cooked Daal at Average Hotel,Per Plate,120.0,164.44,260.0,164.44,148.68,0.0,10.6,140.93,113.88,27.05000000000001,23.753073410607655
2025-05-15,32,Tea Prepared Ordinary,Per Cup,40.0,61.14,80.0,61.14,59.39,0.0,2.95,56.87,43.68,13.189999999999998,30.196886446886452
2025-05-15,33,Cigarettes Capstan 20'S Packet,Each,220.0,239.99,250.0,239.99,222.94,0.0,7.65,222.49,142.89,79.60000000000002,55.70718734691022
2025-05-15,34,"Long Cloth 57"" Gul Ahmed/Al Karam",1 mtr,400.0,655.45,800.0,644.25,607.38,1.74,7.91,568.18,463.91,104.26999999999992,22.476342393998834
2025-05-15,35,Shirting (Average Quality),1 mtr,220.0,497.93,900.0,497.93,461.1,0.0,7.99,415.53,317.37,98.15999999999997,30.92919935721713
2025-05-15,36,Lawn Printed Gul Ahmed/Al Karam,1 mtr,400.0,656.27,820.0,651.27,590.29,0.77,11.18,560.31,475.16,85.14999999999992,17.920279484805107
2025-05-15,37,Georgette (Average Quality),1 mtr,200.0,301.9,450.0,301.9,274.7,0.0,9.9,261.61,216.38,45.23000000000002,20.90304094648306
2025-05-15,38,Gents Sandal Bata,Pair,2499.0,2499.0,2499.0,2499.0,2499.0,0.0,0.0,2298.72,1572.67,726.0499999999997,46.16671011718921
2025-05-15,39,Gents Sponge Chappal Bata,Pair,599.0,599.0,599.0,599.0,599.0,0.0,0.0,599.0,409.04,189.95999999999998,46.4404459221592
2025-05-15,40,Ladies Sandal Bata,Pair,1399.0,1399.0,1399.0,1399.0,899.0,0.0,55.62,822.91,714.75,108.15999999999997,15.1325638335082
2025-05-15,41,Electricity Charges for Q1*,Per Unit,4.85,4.85,4.85,4.85,6.87,0.0,-29.4,7.28,6.44,0.8399999999999999,13.043478260869563
2025-05-15,42,Gas Charges for Q1,MMBTU,1976.5,1976.5,1976.5,1976.5,1976.5,0.0,0.0,944.61,183.61,761.0,414.4654430586569
2025-05-15,43,Firewood Whole,40 Kg,800.0,1317.17,2300.0,1317.17,1192.66,0.0,10.44,1141.76,989.78,151.98000000000002,15.354927357594633
2025-05-15,44,Energy Saver Philips 14 Watt,Each,240.0,382.04,580.0,380.86,373.09,0.31,2.4,352.01,264.53,87.48000000000002,33.069973159944055
2025-05-15,45,Sufi Washing Soap 250 gm Cake,Each,120.0,132.0,140.0,132.0,129.0,0.0,2.33,129.09,109.0,20.090000000000003,18.431192660550465
2025-05-15,46,Match Box,Each,5.0,6.24,7.0,6.24,6.18,0.0,0.97,5.93,4.67,1.2599999999999998,26.980728051391864
2025-05-15,47,Petrol Super,Per Litre,253.54,253.79,255.0,253.79,274.17,0.0,-7.43,281.33,244.73,36.599999999999994,14.955256813631351
2025-05-15,48,Hi-Speed Diesel,Per Litre,257.3,257.8,259.0,257.8,275.12,0.0,-6.3,286.64,254.76,31.879999999999995,12.51373842047417
2025-05-15,49,LPG 11.67 kg Cylinder,Each,2800.0,3232.74,3734.0,3262.23,2882.94,-0.9,12.13,3085.07,2870.01,215.05999999999995,7.493353681694487
2025-05-15,50,Telephone Call Charges,Per Minute,1.79,1.79,1.79,1.79,1.79,0.0,0.0,1.79,1.79,0.0,0.0
2025-05-15,51,Toilet Soap LIFEBUOY 115 gm,Each,99.74,111.48,119.6,111.48,110.39,0.0,0.99,109.79,86.9,22.89,26.340621403912536
2025-07-17,1,Wheat Flour Bag,20 Kg,1380.0,1500.99,1800.0,1504.79,1938.28,-0.25,-22.56,1742.07,2575.18,-833.1099999999999,-32.35152494194581
2025-07-17,2,Rice Basmati Broken (Average Quality),1 Kg,140.0,206.61,290.0,206.53,207.41,0.04,-0.39,205.37,222.46,-17.090000000000003,-7.6822799604423295
2025-07-17,3,Rice IRRI-6/9 (Sindh/Punjab),1 Kg,110.0,154.2,200.0,154.28,162.41,-0.05,-5.06,159.01,165.12,-6.110000000000014,-3.70033914728684
2025-07-17,4,Bread plain (Small Size),Each,100.0,108.83,120.0,108.83,110.8,0.0,-1.78,109.13,113.6,-4.469999999999999,-3.9348591549295833
2025-07-17,5,Beef with Bone (Average Quality),1 Kg,800.0,1107.04,1400.0,1107.04,965.83,0.0,14.62,1034.77,847.36,187.40999999999997,22.116927870090635
2025-07-17,6,Mutton (Average Quality),1 Kg,1600.0,2046.01,2450.0,2039.72,1904.08,0.31,7.45,1965.06,1746.19,218.8699999999999,12.534145768788036
2025-07-17,7,Chicken Farm Broiler (Live),1 Kg,411.0,459.96,500.0,424.66,411.54,8.31,11.77,420.4,395.28,25.120000000000005,6.354988868650068
2025-07-17,8,Milk fresh (Un-boiled),1 Ltr,170.0,201.18,250.0,201.09,193.41,0.04,4.02,197.12,185.03,12.090000000000003,6.534075555315354
2025-07-17,9,Curd (Dahi) Loose,1 Kg,180.0,236.05,360.0,235.46,227.35,0.25,3.83,230.31,215.67,14.640000000000015,6.788148560300456
2025-07-17,10,Powdered Milk NIDO 390 gm Polybag,Each,1000.0,1080.29,1150.0,1076.98,1029.27,0.31,4.96,1034.91,819.69,215.22000000000003,26.256267613366035
2025-07-17,11,Eggs Hen (Farm),1 Dozen,260.0,273.8,300.0,258.61,252.8,5.87,8.31,290.19,298.22,-8.03000000000003,-2.6926430152236662
2025-07-17,12,Mustard Oil (Average Quality),1 Kg,400.0,527.3,660.0,527.11,495.75,0.04,6.36,534.48,508.77,25.710000000000036,5.053363995518609
2025-07-17,13,"Cooking Oil DALDA or Other Similar Brand (SN), 5 Litre Tin",Each,2800.0,2872.88,3000.0,2878.79,2673.78,-0.21,7.45,2800.37,2810.06,-9.690000000000055,-0.3448324946798209
2025-07-17,14,Vegetable Ghee DALDA/HABIB 2.5 kg Tin,Each,1425.0,1461.7,1485.0,1461.7,1299.72,0.0,12.46,1408.25,1345.28,62.97000000000003,4.680809942911509
2025-07-17,15,Vegetable Ghee DALDA/HABIB or Other superior Quality 1 kg Pouch,Each,550.0,568.47,580.0,568.47,506.12,0.0,12.32,550.39,518.25,32.139999999999986,6.201640135069937
2025-07-17,16,Bananas (Kela) Local,1 Dozen,100.0,172.49,340.0,175.24,157.28,-1.57,9.67,149.78,136.52,13.259999999999991,9.712862584236731
2025-07-17,17,Pulse Masoor (Washed),1 Kg,260.0,296.45,380.0,295.88,325.83,0.19,-9.02,303.7,320.39,-16.689999999999998,-5.209276194637781
2025-07-17,18,Pulse Moong (Washed),1 Kg,340.0,399.5,470.0,400.69,338.81,-0.3,17.91,377.95,292.91,85.03999999999996,29.032808712573797
2025-07-17,19,Pulse Mash (Washed),1 Kg,400.0,455.96,530.0,455.96,574.73,0.0,-20.67,507.5,530.09,-22.590000000000032,-4.261540493123817
2025-07-17,20,Pulse Gram,1 Kg,270.0,313.84,400.0,314.82,332.7,-0.31,-5.67,348.88,251.64,97.24000000000001,38.64250516611031
2025-07-17,21,Potatoes,1 Kg,60.0,85.65,130.0,84.42,99.23,1.46,-13.69,85.66,82.44,3.219999999999999,3.9058709364386175
2025-07-17,22,Onions,1 Kg,40.0,57.76,100.0,56.76,112.49,1.76,-48.65,96.52,128.06,-31.540000000000006,-24.629080118694375
2025-07-17,23,Tomatoes,1 Kg,30.0,80.75,140.0,89.07,156.61,-9.34,-48.44,100.95,110.14,-9.189999999999998,-8.34392591247503
2025-07-17,24,Sugar Refined,1 Kg,180.0,188.04,200.0,188.44,147.18,-0.21,27.76,151.12,146.05,5.069999999999993,3.4714138993495283
2025-07-17,25,Gur (Average Quality),1 Kg,200.0,239.66,300.0,239.03,213.03,0.26,12.5,213.8,210.53,3.2700000000000102,1.5532228186006876
2025-07-17,26,Salt Powdered (NATIONAL/SHAN) 800 gm Packet,Each,70.0,72.6,80.0,72.6,70.33,0.0,3.23,71.51,65.72,5.790000000000006,8.810103469263538
2025-07-17,27,Chilies Powder NATIONAL 200 gm Packet,Each,320.0,320.0,320.0,320.0,333.24,0.0,-3.97,321.81,374.34,-52.52999999999997,-14.03269754768391
2025-07-17,28,Garlic (Lehsun),1 Kg,250.0,372.09,650.0,365.88,484.33,1.7,-23.17,538.57,518.54,20.030000000000086,3.862768542446119
2025-07-17,29,Tea Lipton Yellow Label 190 gm Packet,Each,447.0,447.07,447.5,447.07,544.71,0.0,-17.93,509.02,556.48,-47.460000000000036,-8.528608395629675
2025-07-17,30,Cooked Beef at Average Hotel,Per Plate,200.0,307.63,450.0,306.86,282.98,0.25,8.71,297.24,272.13,25.110000000000014,9.227207584610312
2025-07-17,31,Cooked Daal at Average Hotel,Per Plate,120.0,167.17,260.0,166.59,152.71,0.35,9.47,160.91,140.93,19.97999999999999,14.177251117576077
2025-07-17,32,Tea Prepared Ordinary,Per Cup,40.0,61.38,80.0,61.38,60.49,0.0,1.47,60.95,56.87,4.080000000000005,7.174257077545292
2025-07-17,33,Cigarettes Capstan 20'S Packet,Each,220.0,241.18,250.0,240.59,231.93,0.25,3.99,234.79,222.49,12.299999999999983,5.528338352285473
2025-07-17,34,"Long Cloth 57"" Gul Ahmed/Al Karam",1 mtr,400.0,656.91,800.0,655.45,617.0,0.22,6.47,625.57,568.18,57.3900000000001,10.10067232215144
2025-07-17,35,Shirting (Average Quality),1 mtr,220.0,499.58,900.0,498.82,469.22,0.15,6.47,480.39,415.53,64.86000000000001,15.608981300989115
2025-07-17,36,Lawn Printed Gul Ahmed/Al Karam,1 mtr,400.0,656.59,820.0,656.59,611.82,0.0,7.32,622.49,560.31,62.180000000000064,11.097428209384105
2025-07-17,37,Georgette (Average Quality),1 mtr,200.0,301.9,450.0,301.9,281.62,0.0,7.2,292.81,261.61,31.19999999999999,11.92614961201788
2025-07-17,38,Gents Sandal Bata,Pair,2499.0,2499.0,2499.0,2499.0,2499.0,0.0,0.0,2499.0,2298.72,200.2800000000002,8.71267487993319
2025-07-17,39,Gents Sponge Chappal Bata,Pair,599.0,599.0,599.0,599.0,599.0,0.0,0.0,599.0,599.0,0.0,0.0
2025-07-17,40,Ladies Sandal Bata,Pair,1399.0,1399.0,1399.0,1399.0,899.0,0.0,55.62,1185.21,822.91,362.30000000000007,44.026685785808894
2025-07-17,41,Electricity Charges for Q1*,Per Unit,4.66,4.66,4.66,4.66,7.47,0.0,-37.62,5.99,7.28,-1.29,-17.71978021978022
2025-07-17,42,Gas Charges for Q1,MMBTU,1976.5,1976.5,1976.5,1976.5,1976.5,0.0,0.0,1976.5,944.61,1031.8899999999999,109.23979208350536
2025-07-17,43,Firewood Whole,40 Kg,800.0,1324.06,2300.0,1317.61,1195.3,0.49,10.77,1273.03,1141.76,131.26999999999998,11.497162275784746
2025-07-17,44,Energy Saver Philips 14 Watt,Each,240.0,384.75,580.0,383.87,379.68,0.23,1.34,380.66,352.01,28.650000000000034,8.138973324621475
2025-07-17,45,Sufi Washing Soap 250 gm Cake,Each,120.0,132.0,140.0,132.0,129.18,0.0,2.18,130.71,129.09,1.6200000000000045,1.2549384150592573
2025-07-17,46,Match Box,Each,5.0,6.24,7.0,6.24,6.18,0.0,0.97,6.22,5.93,0.29000000000000004,4.890387858347395
2025-07-17,47,Petrol Super,Per Litre,273.04,273.34,274.57,267.98,276.78,2.0,-1.24,256.66,281.33,-24.66999999999996,-8.769061244801463
2025-07-17,48,Hi-Speed Diesel,Per Litre,285.01,285.51,286.7,274.14,284.8,4.15,0.25,261.39,286.64,-25.25,-8.808958972927712
2025-07-17,49,LPG 11.67 kg Cylinder,Each,2750.0,3126.07,3520.0,3155.97,3074.61,-0.95,1.67,3235.35,3085.07,150.27999999999975,4.871202274178543
2025-07-17,50,Telephone Call Charges,Per Minute,1.79,1.79,1.79,1.79,1.79,0.0,0.0,1.79,1.79,0.0,0.0
2025-07-17,51,Toilet Soap LIFEBUOY 115 gm,Each,99.74,110.59,119.6,110.59,110.39,0.0,0.18,108.15,109.79,-1.6400000000000006,-1.4937608161034746
2025-07-24,1,Wheat Flour Bag,20 Kg,1350.0,1483.11,1800.0,1500.99,1931.41,-1.19,-23.21,1742.07,2575.18,-833.1099999999999,-32.35152494194581
2025-07-24,2,Rice Basmati Broken (Average Quality),1 Kg,140.0,207.53,290.0,206.61,207.55,0.45,-0.01,205.37,222.46,-17.090000000000003,-7.6822799604423295
2025-07-24,3,Rice IRRI-6/9 (Sindh/Punjab),1 Kg,110.0,154.41,200.0,154.2,162.41,0.14,-4.93,159.01,165.12,-6.110000000000014,-3.70033914728684
2025-07-24,4,Bread plain (Small Size),Each,100.0,108.83,120.0,108.83,110.75,0.0,-1.73,109.13,113.6,-4.469999999999999,-3.9348591549295833
2025-07-24,5,Beef with Bone (Average Quality),1 Kg,800.0,1112.08,1400.0,1107.04,974.84,0.46,14.08,1034.77,847.36,187.40999999999997,22.116927870090635
2025-07-24,6,Mutton (Average Quality),1 Kg,1600.0,2046.01,2450.0,2046.01,1907.21,0.0,7.28,1965.06,1746.19,218.8699999999999,12.534145768788036
2025-07-24,7,Chicken Farm Broiler (Live),1 Kg,397.0,423.39,480.0,459.96,431.28,-7.95,-1.83,420.4,395.28,25.120000000000005,6.354988868650068
2025-07-24,8,Milk fresh (Un-boiled),1 Ltr,170.0,201.5,250.0,201.18,194.29,0.16,3.71,197.12,185.03,12.090000000000003,6.534075555315354
2025-07-24,9,Curd (Dahi) Loose,1 Kg,180.0,236.45,360.0,236.05,227.48,0.17,3.94,230.31,215.67,14.640000000000015,6.788148560300456
2025-07-24,10,Powdered Milk NIDO 390 gm Polybag,Each,1000.0,1083.45,1150.0,1080.29,1030.68,0.29,5.12,1034.91,819.69,215.22000000000003,26.256267613366035
2025-07-24,11,Eggs Hen (Farm),1 Dozen,270.0,284.64,310.0,273.8,257.12,3.96,10.7,290.19,298.22,-8.03000000000003,-2.6926430152236662
2025-07-24,12,Mustard Oil (Average Quality),1 Kg,400.0,526.51,660.0,527.3,497.37,-0.15,5.86,534.48,508.77,25.710000000000036,5.053363995518609
2025-07-24,13,"Cooking Oil DALDA or Other Similar Brand (SN), 5 Litre Tin",Each,2800.0,2872.88,3000.0,2872.88,2678.52,0.0,7.26,2800.37,2810.06,-9.690000000000055,-0.3448324946798209
2025-07-24,14,Vegetable Ghee DALDA/HABIB 2.5 kg Tin,Each,1425.0,1461.7,1485.0,1461.7,1299.72,0.0,12.46,1408.25,1345.28,62.97000000000003,4.680809942911509
2025-07-24,15,Vegetable Ghee DALDA/HABIB or Other superior Quality 1 kg Pouch,Each,550.0,568.47,580.0,568.47,506.81,0.0,12.17,550.39,518.25,32.139999999999986,6.201640135069937
2025-07-24,16,Bananas (Kela) Local,1 Dozen,100.0,167.64,320.0,172.49,156.44,-2.81,7.16,149.78,136.52,13.259999999999991,9.712862584236731
2025-07-24,17,Pulse Masoor (Washed),1 Kg,260.0,296.5,380.0,296.45,325.31,0.02,-8.86,303.7,320.39,-16.689999999999998,-5.209276194637781
2025-07-24,18,Pulse Moong (Washed),1 Kg,340.0,397.77,470.0,399.5,341.67,-0.43,16.42,377.95,292.91,85.03999999999996,29.032808712573797
2025-07-24,19,Pulse Mash (Washed),1 Kg,400.0,455.96,530.0,455.96,575.4,0.0,-20.76,507.5,530.09,-22.590000000000032,-4.261540493123817
2025-07-24,20,Pulse Gram,1 Kg,270.0,312.85,400.0,313.84,338.92,-0.32,-7.69,348.88,251.64,97.24000000000001,38.64250516611031
2025-07-24,21,Potatoes,1 Kg,60.0,84.09,120.0,85.65,99.06,-1.82,-15.11,85.66,82.44,3.219999999999999,3.9058709364386175
2025-07-24,22,Onions,1 Kg,40.0,56.0,90.0,57.76,110.08,-3.05,-49.13,96.52,128.06,-31.540000000000006,-24.629080118694375
2025-07-24,23,Tomatoes,1 Kg,45.0,99.27,150.0,80.75,142.22,22.93,-30.2,100.95,110.14,-9.189999999999998,-8.34392591247503
2025-07-24,24,Sugar Refined,1 Kg,172.0,180.04,200.0,188.04,147.71,-4.25,21.89,151.12,146.05,5.069999999999993,3.4714138993495283
2025-07-24,25,Gur (Average Quality),1 Kg,200.0,239.21,300.0,239.66,214.92,-0.19,11.3,213.8,210.53,3.2700000000000102,1.5532228186006876
2025-07-24,26,Salt Powdered (NATIONAL/SHAN) 800 gm Packet,Each,70.0,72.6,80.0,72.6,70.33,0.0,3.23,71.51,65.72,5.790000000000006,8.810103469263538
2025-07-24,27,Chilies Powder NATIONAL 200 gm Packet,Each,320.0,320.0,320.0,320.0,333.24,0.0,-3.97,321.81,374.34,-52.52999999999997,-14.03269754768391
2025-07-24,28,Garlic (Lehsun),1 Kg,250.0,377.25,650.0,372.09,494.05,1.39,-23.64,538.57,518.54,20.030000000000086,3.862768542446119
2025-07-24,29,Tea Lipton Yellow Label 190 gm Packet,Each,447.0,447.07,447.5,447.07,544.71,0.0,-17.93,509.02,556.48,-47.460000000000036,-8.528608395629675
2025-07-24,30,Cooked Beef at Average Hotel,Per Plate,200.0,307.63,450.0,307.63,282.98,0.0,8.71,297.24,272.13,25.110000000000014,9.227207584610312
2025-07-24,31,Cooked Daal at Average Hotel,Per Plate,120.0,167.17,260.0,167.17,152.71,0.0,9.47,160.91,140.93,19.97999999999999,14.177251117576077
2025-07-24,32,Tea Prepared Ordinary,Per Cup,40.0,61.38,80.0,61.38,60.49,0.0,1.47,60.95,56.87,4.080000000000005,7.174257077545292
2025-07-24,33,Cigarettes Capstan 20'S Packet,Each,230.0,242.42,250.0,241.18,232.21,0.51,4.4,234.79,222.49,12.299999999999983,5.528338352285473
2025-07-24,34,"Long Cloth 57"" Gul Ahmed/Al Karam",1 mtr,400.0,656.91,800.0,656.91,617.0,0.0,6.47,625.57,568.18,57.3900000000001,10.10067232215144
2025-07-24,35,Shirting (Average Quality),1 mtr,220.0,499.58,900.0,499.58,469.22,0.0,6.47,480.39,415.53,64.86000000000001,15.608981300989115
2025-07-24,36,Lawn Printed Gul Ahmed/Al Karam,1 mtr,400.0,656.59,820.0,656.59,611.82,0.0,7.32,622.49,560.31,62.180000000000064,11.097428209384105
2025-07-24,37,Georgette (Average Quality),1 mtr,200.0,301.9,450.0,301.9,281.62,0.0,7.2,292.81,261.61,31.19999999999999,11.92614961201788
2025-07-24,38,Gents Sandal Bata,Pair,2499.0,2499.0,2499.0,2499.0,2499.0,0.0,0.0,2499.0,2298.72,200.2800000000002,8.71267487993319
2025-07-24,39,Gents Sponge Chappal Bata,Pair,599.0,599.0,599.0,599.0,599.0,0.0,0.0,599.0,599.0,0.0,0.0
2025-07-24,40,Ladies Sandal Bata,Pair,1399.0,1399.0,1399.0,1399.0,899.0,0.0,55.62,1185.21,822.91,362.30000000000007,44.026685785808894
2025-07-24,41,Electricity Charges for Q1*,Per Unit,5.66,5.66,5.66,4.66,7.47,21.46,-24.23,5.99,7.28,-1.29,-17.71978021978022
2025-07-24,42,Gas Charges for Q1,MMBTU,2566.5,2566.5,2566.5,1976.5,1976.5,29.85,29.85,1976.5,944.61,1031.8899999999999,109.23979208350536
2025-07-24,43,Firewood Whole,40 Kg,800.0,1324.06,2300.0,1324.06,1198.07,0.0,10.52,1273.03,1141.76,131.26999999999998,11.497162275784746
2025-07-24,44,Energy Saver Philips 14 Watt,Each,240.0,385.64,580.0,384.75,379.68,0.23,1.57,380.66,352.01,28.650000000000034,8.138973324621475
2025-07-24,45,Sufi Washing Soap 250 gm Cake,Each,120.0,132.0,140.0,132.0,129.18,0.0,2.18,130.71,129.09,1.6200000000000045,1.2549384150592573
2025-07-24,46,Match Box,Each,5.0,6.24,7.0,6.24,6.18,0.0,0.97,6.22,5.93,0.29000000000000004,4.890387858347395
2025-07-24,47,Petrol Super,Per Litre,273.04,273.34,274.57,273.34,276.78,0.0,-1.24,256.66,281.33,-24.66999999999996,-8.769061244801463
2025-07-24,48,Hi-Speed Diesel,Per Litre,285.01,285.51,286.7,285.51,284.8,0.0,0.25,261.39,286.64,-25.25,-8.808958972927712
2025-07-24,49,LPG 11.67 kg Cylinder,Each,2684.0,3060.74,3400.0,3126.07,3042.63,-2.09,0.6,3235.35,3085.07,150.27999999999975,4.871202274178543
2025-07-24,50,Telephone Call Charges,Per Minute,1.79,1.79,1.79,1.79,1.79,0.0,0.0,1.79,1.79,0.0,0.0
2025-07-24,51,Toilet Soap LIFEBUOY 115 gm,Each,99.74,110.48,119.6,110.59,110.39,-0.1,0.08,108.15,109.79,-1.6400000000000006,-1.4937608161034746
2025-07-31,1,Wheat Flour Bag,20 Kg,1350.0,1474.42,1750.0,1483.11,1912.43,-0.59,-22.9,1742.07,2575.18,-833.1099999999999,-32.35152494194581
2025-07-31,2,Rice Basmati Broken (Average Quality),1 Kg,140.0,207.53,290.0,207.53,208.46,0.0,-0.45,205.37,222.46,-17.090000000000003,-7.6822799604423295
2025-07-31,3,Rice IRRI-6/9 (Sindh/Punjab),1 Kg,110.0,154.22,200.0,154.41,163.04,-0.12,-5.41,159.01,165.12,-6.110000000000014,-3.70033914728684
2025-07-31,4,Bread plain (Small Size),Each,100.0,108.83,120.0,108.83,110.75,0.0,-1.73,109.13,113.6,-4.469999999999999,-3.9348591549295833
2025-07-31,5,Beef with Bone (Average Quality),1 Kg,800.0,1113.24,1400.0,1112.08,975.12,0.1,14.16,1034.77,847.36,187.40999999999997,22.116927870090635
2025-07-31,6,Mutton (Average Quality),1 Kg,1600.0,2048.77,2450.0,2046.01,1909.8,0.13,7.28,1965.06,1746.19,218.8699999999999,12.534145768788036
2025-07-31,7,Chicken Farm Broiler (Live),1 Kg,375.0,403.25,460.0,423.39,456.75,-4.76,-11.71,420.4,395.28,25.120000000000005,6.354988868650068
2025-07-31,8,Milk fresh (Un-boiled),1 Ltr,170.0,201.5,250.0,201.5,194.63,0.0,3.53,197.12,185.03,12.090000000000003,6.534075555315354
2025-07-31,9,Curd (Dahi) Loose,1 Kg,180.0,236.45,360.0,236.45,228.2,0.0,3.62,230.31,215.67,14.640000000000015,6.788148560300456
2025-07-31,10,Powdered Milk NIDO 390 gm Polybag,Each,1000.0,1088.75,1150.0,1083.45,1030.96,0.49,5.61,1034.91,819.69,215.22000000000003,26.256267613366035
2025-07-31,11,Eggs Hen (Farm),1 Dozen,270.0,289.75,310.0,284.64,261.17,1.8,10.94,290.19,298.22,-8.03000000000003,-2.6926430152236662
2025-07-31,12,Mustard Oil (Average Quality),1 Kg,400.0,526.51,660.0,526.51,497.37,0.0,5.86,534.48,508.77,25.710000000000036,5.053363995518609
2025-07-31,13,"Cooking Oil DALDA or Other Similar Brand (SN), 5 Litre Tin",Each,2800.0,2872.88,3000.0,2872.88,2678.52,0.0,7.26,2800.37,2810.06,-9.690000000000055,-0.3448324946798209
2025-07-31,14,Vegetable Ghee DALDA/HABIB 2.5 kg Tin,Each,1425.0,1461.7,1485.0,1461.7,1301.2,0.0,12.33,1408.25,1345.28,62.97000000000003,4.680809942911509
2025-07-31,15,Vegetable Ghee DALDA/HABIB or Other superior Quality 1 kg Pouch,Each,550.0,568.47,580.0,568.47,507.81,0.0,11.95,550.39,518.25,32.139999999999986,6.201640135069937
2025-07-31,16,Bananas (Kela) Local,1 Dozen,100.0,162.66,300.0,167.64,148.82,-2.97,9.3,149.78,136.52,13.259999999999991,9.712862584236731
2025-07-31,17,Pulse Masoor (Washed),1 Kg,260.0,295.8,370.0,296.5,325.52,-0.24,-9.13,303.7,320.39,-16.689999999999998,-5.209276194637781
2025-07-31,18,Pulse Moong (Washed),1 Kg,340.0,391.62,460.0,397.77,342.71,-1.55,14.27,377.95,292.91,85.03999999999996,29.032808712573797
2025-07-31,19,Pulse Mash (Washed),1 Kg,400.0,453.16,530.0,455.96,576.54,-0.61,-21.4,507.5,530.09,-22.590000000000032,-4.261540493123817
2025-07-31,20,Pulse Gram,1 Kg,270.0,311.05,400.0,312.85,341.55,-0.58,-8.93,348.88,251.64,97.24000000000001,38.64250516611031
2025-07-31,21,Potatoes,1 Kg,60.0,83.48,120.0,84.09,99.32,-0.73,-15.95,85.66,82.44,3.219999999999999,3.9058709364386175
2025-07-31,22,Onions,1 Kg,40.0,56.01,90.0,56.0,110.52,0.02,-49.32,96.52,128.06,-31.540000000000006,-24.629080118694375
2025-07-31,23,Tomatoes,1 Kg,40.0,82.14,140.0,99.27,142.38,-17.26,-42.31,100.95,110.14,-9.189999999999998,-8.34392591247503
2025-07-31,24,Sugar Refined,1 Kg,172.0,179.33,190.0,180.04,147.4,-0.39,21.66,151.12,146.05,5.069999999999993,3.4714138993495283
2025-07-31,25,Gur (Average Quality),1 Kg,200.0,239.31,300.0,239.21,215.15,0.04,11.23,213.8,210.53,3.2700000000000102,1.5532228186006876
2025-07-31,26,Salt Powdered (NATIONAL/SHAN) 800 gm Packet,Each,70.0,72.6,80.0,72.6,70.33,0.0,3.23,71.51,65.72,5.790000000000006,8.810103469263538
2025-07-31,27,Chilies Powder NATIONAL 200 gm Packet,Each,320.0,320.0,320.0,320.0,333.24,0.0,-3.97,321.81,374.34,-52.52999999999997,-14.03269754768391
2025-07-31,28,Garlic (Lehsun),1 Kg,250.0,378.17,620.0,377.25,496.16,0.24,-23.78,538.57,518.54,20.030000000000086,3.862768542446119
2025-07-31,29,Tea Lipton Yellow Label 190 gm Packet,Each,447.0,447.07,447.5,447.07,544.71,0.0,-17.93,509.02,556.48,-47.460000000000036,-8.528608395629675
2025-07-31,30,Cooked Beef at Average Hotel,Per Plate,200.0,310.95,450.0,307.63,284.47,1.08,9.31,297.24,272.13,25.110000000000014,9.227207584610312
2025-07-31,31,Cooked Daal at Average Hotel,Per Plate,120.0,167.17,260.0,167.17,154.31,0.0,8.33,160.91,140.93,19.97999999999999,14.177251117576077
2025-07-31,32,Tea Prepared Ordinary,Per Cup,40.0,61.38,80.0,61.38,60.49,0.0,1.47,60.95,56.87,4.080000000000005,7.174257077545292
2025-07-31,33,Cigarettes Capstan 20'S Packet,Each,230.0,242.73,250.0,242.42,231.73,0.13,4.75,234.79,222.49,12.299999999999983,5.528338352285473
2025-07-31,34,"Long Cloth 57"" Gul Ahmed/Al Karam",1 mtr,400.0,656.91,800.0,656.91,617.0,0.0,6.47,625.57,568.18,57.3900000000001,10.10067232215144
2025-07-31,35,Shirting (Average Quality),1 mtr,220.0,499.58,900.0,499.58,469.66,0.0,6.37,480.39,415.53,64.86000000000001,15.608981300989115
2025-07-31,36,Lawn Printed Gul Ahmed/Al Karam,1 mtr,400.0,656.59,820.0,656.59,611.82,0.0,7.32,622.49,560.31,62.180000000000064,11.097428209384105
2025-07-31,37,Georgette (Average Quality),1 mtr,200.0,301.9,450.0,301.9,281.62,0.0,7.2,292.81,261.61,31.19999999999999,11.92614961201788
2025-07-31,38,Gents Sandal Bata,Pair,2499.0,2499.0,2499.0,2499.0,2499.0,0.0,0.0,2499.0,2298.72,200.2800000000002,8.71267487993319
2025-07-31,39,Gents Sponge Chappal Bata,Pair,599.0,599.0,599.0,599.0,599.0,0.0,0.0,599.0,599.0,0.0,0.0
2025-07-31,40,Ladies Sandal Bata,Pair,1399.0,1399.0,1399.0,1399.0,899.0,0.0,55.62,1185.21,822.91,362.30000000000007,44.026685785808894
2025-07-31,41,Electricity Charges for Q1*,Per Unit,5.66,5.66,5.66,5.66,6.29,0.0,-10.02,5.99,7.28,-1.29,-17.71978021978022
2025-07-31,42,Gas Charges for Q1,MMBTU,2566.5,2566.5,2566.5,2566.5,1976.5,0.0,29.85,1976.5,944.61,1031.8899999999999,109.23979208350536
2025-07-31,43,Firewood Whole,40 Kg,800.0,1338.82,2300.0,1324.06,1198.07,1.11,11.75,1273.03,1141.76,131.26999999999998,11.497162275784746
2025-07-31,44,Energy Saver Philips 14 Watt,Each,240.0,386.6,575.0,385.64,379.68,0.25,1.82,380.66,352.01,28.650000000000034,8.138973324621475
2025-07-31,45,Sufi Washing Soap 250 gm Cake,Each,120.0,132.0,140.0,132.0,129.18,0.0,2.18,130.71,129.09,1.6200000000000045,1.2549384150592573
2025-07-31,46,Match Box,Each,5.0,6.24,7.0,6.24,6.18,0.0,0.97,6.22,5.93,0.29000000000000004,4.890387858347395
2025-07-31,47,Petrol Super,Per Litre,273.04,273.34,274.57,273.34,270.62,0.0,1.01,256.66,281.33,-24.66999999999996,-8.769061244801463
2025-07-31,48,Hi-Speed Diesel,Per Litre,285.01,285.51,286.7,285.51,273.94,0.0,4.22,261.39,286.64,-25.25,-8.808958972927712
2025-07-31,49,LPG 11.67 kg Cylinder,Each,2684.0,3018.29,3400.0,3060.74,3044.6,-1.39,-0.86,3235.35,3085.07,150.27999999999975,4.871202274178543
2025-07-31,50,Telephone Call Charges,Per Minute,1.79,1.79,1.79,1.79,1.79,0.0,0.0,1.79,1.79,0.0,0.0
2025-07-31,51,Toilet Soap LIFEBUOY 115 gm,Each,99.74,110.48,119.6,110.48,110.39,0.0,0.08,108.15,109.79,-1.6400000000000006,-1.4937608161034746
2025-10-16,1,Wheat Flour Bag,20 Kg,1810.0,2180.64,2900.0,2150.09,1865.03,1.42,16.92,1742.07,2575.18,-833.1099999999999,-32.35152494194581
2025-10-16,2,Rice Basmati Broken (Average Quality),1 Kg,140.0,216.89,310.0,218.0,210.24,-0.51,3.16,205.37,222.46,-17.090000000000003,-7.6822799604423295
2025-10-16,3,Rice IRRI-6/9 (Sindh/Punjab),1 Kg,110.0,159.29,200.0,159.33,162.68,-0.03,-2.08,159.01,165.12,-6.110000000000014,-3.70033914728684
2025-10-16,4,Bread plain (Small Size),Each,100.0,110.12,130.0,110.12,108.85,0.0,1.17,109.13,113.6,-4.469999999999999,-3.9348591549295833
2025-10-16,5,Beef with Bone (Average Quality),1 Kg,900.0,1136.18,1450.0,1132.87,1005.89,0.29,12.95,1034.77,847.36,187.40999999999997,22.116927870090635
2025-10-16,6,Mutton (Average Quality),1 Kg,1700.0,2089.03,2550.0,2085.92,1933.8,0.15,8.03,1965.06,1746.19,218.8699999999999,12.534145768788036
2025-10-16,7,Chicken Farm Broiler (Live),1 Kg,300.0,327.88,390.0,350.24,467.1,-6.38,-29.81,420.4,395.28,25.120000000000005,6.354988868650068
2025-10-16,8,Milk fresh (Un-boiled),1 Ltr,170.0,202.71,260.0,202.71,196.64,0.0,3.09,197.12,185.03,12.090000000000003,6.534075555315354
2025-10-16,9,Curd (Dahi) Loose,1 Kg,180.0,237.77,360.0,237.53,230.52,0.1,3.15,230.31,215.67,14.640000000000015,6.788148560300456
2025-10-16,10,Powdered Milk NIDO 390 gm Polybag,Each,1050.0,1105.97,1170.0,1104.8,1032.38,0.11,7.13,1034.91,819.69,215.22000000000003,26.256267613366035
2025-10-16,11,Eggs Hen (Farm),1 Dozen,310.0,328.53,360.0,321.51,301.35,2.18,9.02,290.19,298.22,-8.03000000000003,-2.6926430152236662
2025-10-16,12,Mustard Oil (Average Quality),1 Kg,440.0,539.53,680.0,537.41,513.38,0.39,5.09,534.48,508.77,25.710000000000036,5.053363995518609
2025-10-16,13,"Cooking Oil DALDA or Other Similar Brand (SN), 5 Litre Tin",Each,2850.0,2885.41,2945.0,2872.29,2647.16,0.46,9.0,2800.37,2810.06,-9.690000000000055,-0.3448324946798209
2025-10-16,14,Vegetable Ghee DALDA/HABIB 2.5 kg Tin,Each,1400.0,1478.88,1500.0,1469.66,1319.25,0.63,12.1,1408.25,1345.28,62.97000000000003,4.680809942911509
2025-10-16,15,Vegetable Ghee DALDA/HABIB or Other superior Quality 1 kg Pouch,Each,560.0,578.63,585.0,575.42,514.86,0.56,12.39,550.39,518.25,32.139999999999986,6.201640135069937
2025-10-16,16,Bananas (Kela) Local,1 Dozen,80.0,122.14,240.0,128.16,119.74,-4.7,2.0,149.78,136.52,13.259999999999991,9.712862584236731
2025-10-16,17,Pulse Masoor (Washed),1 Kg,250.0,294.99,350.0,294.85,307.64,0.05,-4.11,303.7,320.39,-16.689999999999998,-5.209276194637781
2025-10-16,18,Pulse Moong (Washed),1 Kg,320.0,384.43,500.0,386.34,366.22,-0.49,4.97,377.95,292.91,85.03999999999996,29.032808712573797
2025-10-16,19,Pulse Mash (Washed),1 Kg,380.0,448.19,530.0,448.04,543.59,0.03,-17.55,507.5,530.09,-22.590000000000032,-4.261540493123817
2025-10-16,20,Pulse Gram,1 Kg,250.0,297.54,380.0,304.23,418.27,-2.2,-28.86,348.88,251.64,97.24000000000001,38.64250516611031
2025-10-16,21,Potatoes,1 Kg,60.0,83.5,150.0,82.91,100.57,0.71,-16.97,85.66,82.44,3.219999999999999,3.9058709364386175
2025-10-16,22,Onions,1 Kg,65.0,103.31,160.0,95.04,155.47,8.7,-33.55,96.52,128.06,-31.540000000000006,-24.629080118694375
2025-10-16,23,Tomatoes,1 Kg,170.0,328.53,420.0,246.64,148.4,33.2,121.38,100.95,110.14,-9.189999999999998,-8.34392591247503
2025-10-16,24,Sugar Refined,1 Kg,177.0,185.04,200.0,184.37,135.12,0.36,36.94,151.12,146.05,5.069999999999993,3.4714138993495283
2025-10-16,25,Gur (Average Quality),1 Kg,220.0,249.91,300.0,249.91,215.63,0.0,15.9,213.8,210.53,3.2700000000000102,1.5532228186006876
2025-10-16,26,Salt Powdered (NATIONAL/SHAN) 800 gm Packet,Each,70.0,72.67,80.0,72.63,70.9,0.06,2.5,71.51,65.72,5.790000000000006,8.810103469263538
2025-10-16,27,Chilies Powder NATIONAL 200 gm Packet,Each,320.0,322.29,340.0,322.29,320.0,0.0,0.72,321.81,374.34,-52.52999999999997,-14.03269754768391
2025-10-16,28,Garlic (Lehsun),1 Kg,280.0,413.37,700.0,409.88,577.99,0.85,-28.48,538.57,518.54,20.030000000000086,3.862768542446119
2025-10-16,29,Tea Lipton Yellow Label 190 gm Packet,Each,447.0,447.06,447.5,447.06,544.71,0.0,-17.93,509.02,556.48,-47.460000000000036,-8.528608395629675
2025-10-16,30,Cooked Beef at Average Hotel,Per Plate,200.0,315.35,450.0,315.13,292.51,0.07,7.81,297.24,272.13,25.110000000000014,9.227207584610312
2025-10-16,31,Cooked Daal at Average Hotel,Per Plate,120.0,167.47,260.0,167.47,159.59,0.0,4.94,160.91,140.93,19.97999999999999,14.177251117576077
2025-10-16,32,Tea Prepared Ordinary,Per Cup,40.0,61.71,80.0,61.71,60.84,0.0,1.43,60.95,56.87,4.080000000000005,7.174257077545292
2025-10-16,33,Cigarettes Capstan 20'S Packet,Each,230.0,243.2,260.0,243.2,231.88,0.0,4.88,234.79,222.49,12.299999999999983,5.528338352285473
2025-10-16,34,"Long Cloth 57"" Gul Ahmed/Al Karam",1 mtr,400.0,660.47,800.0,660.47,617.0,0.0,7.05,625.57,568.18,57.3900000000001,10.10067232215144
2025-10-16,35,Shirting (Average Quality),1 mtr,220.0,502.98,900.0,502.61,475.67,0.07,5.74,480.39,415.53,64.86000000000001,15.608981300989115
2025-10-16,36,Lawn Printed Gul Ahmed/Al Karam,1 mtr,400.0,662.54,820.0,662.54,611.82,0.0,8.29,622.49,560.31,62.180000000000064,11.097428209384105
2025-10-16,37,Georgette (Average Quality),1 mtr,200.0,304.4,450.0,304.4,288.56,0.0,5.49,292.81,261.61,31.19999999999999,11.92614961201788
2025-10-16,38,Gents Sandal Bata,Pair,2499.0,2499.0,2499.0,2499.0,2499.0,0.0,0.0,2499.0,2298.72,200.2800000000002,8.71267487993319
2025-10-16,39,Gents Sponge Chappal Bata,Pair,599.0,599.0,599.0,599.0,599.0,0.0,0.0,599.0,599.0,0.0,0.0
2025-10-16,40,Ladies Sandal Bata,Pair,1399.0,1399.0,1399.0,1399.0,899.0,0.0,55.62,1185.21,822.91,362.30000000000007,44.026685785808894
2025-10-16,41,Electricity Charges for Q1*,Per Unit,4.83,4.83,4.83,4.83,6.55,0.0,-26.26,5.99,7.28,-1.29,-17.71978021978022
2025-10-16,42,Gas Charges for Q1,MMBTU,2566.5,2566.5,2566.5,2566.5,1976.5,0.0,29.85,1976.5,944.61,1031.8899999999999,109.23979208350536
2025-10-16,43,Firewood Whole,40 Kg,800.0,1369.23,2350.0,1363.84,1225.74,0.4,11.71,1273.03,1141.76,131.26999999999998,11.497162275784746
2025-10-16,44,Energy Saver Philips 14 Watt,Each,240.0,387.5,575.0,387.5,379.68,0.0,2.06,380.66,352.01,28.650000000000034,8.138973324621475
2025-10-16,45,Sufi Washing Soap 250 gm Cake,Each,125.0,133.24,150.0,133.14,128.89,0.08,3.37,130.71,129.09,1.6200000000000045,1.2549384150592573
2025-10-16,46,Match Box,Each,5.0,6.24,7.0,6.24,6.24,0.0,0.0,6.22,5.93,0.29000000000000004,4.890387858347395
2025-10-16,47,Petrol Super,Per Litre,263.93,264.74,266.78,270.39,248.18,-2.09,6.67,256.66,281.33,-24.66999999999996,-8.769061244801463
2025-10-16,48,Hi-Speed Diesel,Per Litre,275.88,277.04,279.6,278.57,252.43,-0.55,9.75,261.39,286.64,-25.25,-8.808958972927712
2025-10-16,49,LPG 11.67 kg Cylinder,Each,2684.0,3050.7,3400.0,3045.14,3159.32,0.18,-3.44,3235.35,3085.07,150.27999999999975,4.871202274178543
2025-10-16,50,Telephone Call Charges,Per Minute,1.79,1.79,1.79,1.79,1.79,0.0,0.0,1.79,1.79,0.0,0.0
2025-10-16,51,Toilet Soap LIFEBUOY 115 gm,Each,110.0,115.43,118.6,115.25,106.9,0.16,7.98,108.15,109.79,-1.6400000000000006,-1.4937608161034746
2025-10-23,1,Wheat Flour Bag,20 Kg,1810.0,2180.5,2800.0,2180.64,1843.43,-0.01,18.28,1742.07,2575.18,-833.1099999999999,-32.35152494194581
2025-10-23,2,Rice Basmati Broken (Average Quality),1 Kg,140.0,216.89,310.0,216.89,209.03,0.0,3.76,205.37,222.46,-17.090000000000003,-7.6822799604423295
2025-10-23,3,Rice IRRI-6/9 (Sindh/Punjab),1 Kg,110.0,157.4,200.0,159.29,162.68,-1.19,-3.25,159.01,165.12,-6.110000000000014,-3.70033914728684
2025-10-23,4,Bread plain (Small Size),Each,100.0,110.12,130.0,110.12,108.85,0.0,1.17,109.13,113.6,-4.469999999999999,-3.9348591549295833
2025-10-23,5,Beef with Bone (Average Quality),1 Kg,900.0,1141.48,1450.0,1136.18,1005.89,0.47,13.48,1034.77,847.36,187.40999999999997,22.116927870090635
2025-10-23,6,Mutton (Average Quality),1 Kg,1700.0,2094.59,2550.0,2089.03,1933.8,0.27,8.31,1965.06,1746.19,218.8699999999999,12.534145768788036
2025-10-23,7,Chicken Farm Broiler (Live),1 Kg,293.0,319.64,390.0,327.88,433.84,-2.51,-26.32,420.4,395.28,25.120000000000005,6.354988868650068
2025-10-23,8,Milk fresh (Un-boiled),1 Ltr,170.0,202.93,260.0,202.71,196.64,0.11,3.2,197.12,185.03,12.090000000000003,6.534075555315354
2025-10-23,9,Curd (Dahi) Loose,1 Kg,180.0,238.49,360.0,237.77,230.52,0.3,3.46,230.31,215.67,14.640000000000015,6.788148560300456
2025-10-23,10,Powdered Milk NIDO 390 gm Polybag,Each,1050.0,1112.43,1170.0,1105.97,1032.38,0.58,7.75,1034.91,819.69,215.22000000000003,26.256267613366035
2025-10-23,11,Eggs Hen (Farm),1 Dozen,320.0,336.34,360.0,328.53,307.44,2.38,9.4,290.19,298.22,-8.03000000000003,-2.6926430152236662
2025-10-23,12,Mustard Oil (Average Quality),1 Kg,440.0,539.67,680.0,539.53,514.96,0.03,4.8,534.48,508.77,25.710000000000036,5.053363995518609
2025-10-23,13,"Cooking Oil DALDA or Other Similar Brand (SN), 5 Litre Tin",Each,2850.0,2895.93,2965.0,2885.41,2650.72,0.36,9.25,2800.37,2810.06,-9.690000000000055,-0.3448324946798209
2025-10-23,14,Vegetable Ghee DALDA/HABIB 2.5 kg Tin,Each,1400.0,1483.59,1500.0,1478.88,1319.25,0.32,12.46,1408.25,1345.28,62.97000000000003,4.680809942911509
2025-10-23,15,Vegetable Ghee DALDA/HABIB or Other superior Quality 1 kg Pouch,Each,560.0,580.67,585.0,578.63,516.73,0.35,12.37,550.39,518.25,32.139999999999986,6.201640135069937
2025-10-23,16,Bananas (Kela) Local,1 Dozen,80.0,123.12,240.0,122.14,120.64,0.8,2.06,149.78,136.52,13.259999999999991,9.712862584236731
2025-10-23,17,Pulse Masoor (Washed),1 Kg,250.0,295.28,360.0,294.99,306.49,0.1,-3.66,303.7,320.39,-16.689999999999998,-5.209276194637781
2025-10-23,18,Pulse Moong (Washed),1 Kg,320.0,381.95,510.0,384.43,376.61,-0.65,1.42,377.95,292.91,85.03999999999996,29.032808712573797
2025-10-23,19,Pulse Mash (Washed),1 Kg,380.0,448.32,530.0,448.19,537.42,0.03,-16.58,507.5,530.09,-22.590000000000032,-4.261540493123817
2025-10-23,20,Pulse Gram,1 Kg,250.0,298.25,380.0,297.54,415.58,0.24,-28.23,348.88,251.64,97.24000000000001,38.64250516611031
2025-10-23,21,Potatoes,1 Kg,60.0,83.5,150.0,83.5,103.92,0.0,-19.65,85.66,82.44,3.219999999999999,3.9058709364386175
2025-10-23,22,Onions,1 Kg,65.0,109.12,160.0,103.31,147.58,5.62,-26.06,96.52,128.06,-31.540000000000006,-24.629080118694375
2025-10-23,23,Tomatoes,1 Kg,220.0,329.45,400.0,328.53,149.11,0.28,120.94,100.95,110.14,-9.189999999999998,-8.34392591247503
2025-10-23,24,Sugar Refined,1 Kg,177.0,188.81,210.0,185.04,134.08,2.04,40.82,151.12,146.05,5.069999999999993,3.4714138993495283
2025-10-23,25,Gur (Average Quality),1 Kg,200.0,249.72,300.0,249.91,211.16,-0.08,18.26,213.8,210.53,3.2700000000000102,1.5532228186006876
2025-10-23,26,Salt Powdered (NATIONAL/SHAN) 800 gm Packet,Each,70.0,72.67,80.0,72.67,70.9,0.0,2.5,71.51,65.72,5.790000000000006,8.810103469263538
2025-10-23,27,Chilies Powder NATIONAL 200 gm Packet,Each,320.0,322.29,340.0,322.29,320.0,0.0,0.72,321.81,374.34,-52.52999999999997,-14.03269754768391
2025-10-23,28,Garlic (Lehsun),1 Kg,280.0,417.21,700.0,413.37,595.18,0.93,-29.9,538.57,518.54,20.030000000000086,3.862768542446119
2025-10-23,29,Tea Lipton Yellow Label 190 gm Packet,Each,447.0,447.06,447.5,447.06,544.71,0.0,-17.93,509.02,556.48,-47.460000000000036,-8.528608395629675
2025-10-23,30,Cooked Beef at Average Hotel,Per Plate,200.0,315.35,450.0,315.35,293.31,0.0,7.51,297.24,272.13,25.110000000000014,9.227207584610312
2025-10-23,31,Cooked Daal at Average Hotel,Per Plate,120.0,167.47,260.0,167.47,160.61,0.0,4.27,160.91,140.93,19.97999999999999,14.177251117576077
2025-10-23,32,Tea Prepared Ordinary,Per Cup,40.0,61.71,80.0,61.71,60.84,0.0,1.43,60.95,56.87,4.080000000000005,7.174257077545292
2025-10-23,33,Cigarettes Capstan 20'S Packet,Each,230.0,243.2,260.0,243.2,232.06,0.0,4.8,234.79,222.49,12.299999999999983,5.528338352285473
2025-10-23,34,"Long Cloth 57"" Gul Ahmed/Al Karam",1 mtr,400.0,660.47,800.0,660.47,617.0,0.0,7.05,625.57,568.18,57.3900000000001,10.10067232215144
2025-10-23,35,Shirting (Average Quality),1 mtr,220.0,502.98,900.0,502.98,475.67,0.0,5.74,480.39,415.53,64.86000000000001,15.608981300989115
2025-10-23,36,Lawn Printed Gul Ahmed/Al Karam,1 mtr,400.0,662.54,820.0,662.54,611.82,0.0,8.29,622.49,560.31,62.180000000000064,11.097428209384105
2025-10-23,37,Georgette (Average Quality),1 mtr,200.0,304.4,450.0,304.4,288.56,0.0,5.49,292.81,261.61,31.19999999999999,11.92614961201788
2025-10-23,38,Gents Sandal Bata,Pair,2499.0,2499.0,2499.0,2499.0,2499.0,0.0,0.0,2499.0,2298.72,200.2800000000002,8.71267487993319
2025-10-23,39,Gents Sponge Chappal Bata,Pair,599.0,599.0,599.0,599.0,599.0,0.0,0.0,599.0,599.0,0.0,0.0
2025-10-23,40,Ladies Sandal Bata,Pair,1399.0,1399.0,1399.0,1399.0,899.0,0.0,55.62,1185.21,822.91,362.30000000000007,44.026685785808894
2025-10-23,41,Electricity Charges for Q1*,Per Unit,4.83,4.83,4.83,4.83,6.55,0.0,-26.26,5.99,7.28,-1.29,-17.71978021978022
2025-10-23,42,Gas Charges for Q1,MMBTU,2566.5,2566.5,2566.5,2566.5,1976.5,0.0,29.85,1976.5,944.61,1031.8899999999999,109.23979208350536
2025-10-23,43,Firewood Whole,40 Kg,900.0,1385.22,2350.0,1369.23,1229.33,1.17,12.68,1273.03,1141.76,131.26999999999998,11.497162275784746
2025-10-23,44,Energy Saver Philips 14 Watt,Each,240.0,397.24,575.0,387.5,379.68,2.51,4.62,380.66,352.01,28.650000000000034,8.138973324621475
2025-10-23,45,Sufi Washing Soap 250 gm Cake,Each,125.0,133.24,150.0,133.24,128.89,0.0,3.37,130.71,129.09,1.6200000000000045,1.2549384150592573
2025-10-23,46,Match Box,Each,5.0,6.24,7.0,6.24,6.24,0.0,0.0,6.22,5.93,0.29000000000000004,4.890387858347395
2025-10-23,47,Petrol Super,Per Litre,263.93,264.74,266.78,264.74,248.18,0.0,6.67,256.66,281.33,-24.66999999999996,-8.769061244801463
2025-10-23,48,Hi-Speed Diesel,Per Litre,275.88,277.04,279.6,277.04,252.43,0.0,9.75,261.39,286.64,-25.25,-8.808958972927712
2025-10-23,49,LPG 11.67 kg Cylinder,Each,2684.0,3046.92,3400.0,3050.7,3158.88,-0.12,-3.54,3235.35,3085.07,150.27999999999975,4.871202274178543
2025-10-23,50,Telephone Call Charges,Per Minute,1.79,1.79,1.79,1.79,1.79,0.0,0.0,1.79,1.79,0.0,0.0
2025-10-23,51,Toilet Soap LIFEBUOY 115 gm,Each,110.0,115.43,118.6,115.43,106.9,0.0,7.98,108.15,109.79,-1.6400000000000006,-1.4937608161034746
2025-10-30,1,Wheat Flour Bag,20 Kg,1810.0,2188.42,2800.0,2180.5,1835.42,0.36,19.23,1742.07,2575.18,-833.1099999999999,-32.35152494194581
2025-10-30,2,Rice Basmati Broken (Average Quality),1 Kg,140.0,216.89,310.0,216.89,208.41,0.0,4.07,205.37,222.46,-17.090000000000003,-7.6822799604423295
2025-10-30,3,Rice IRRI-6/9 (Sindh/Punjab),1 Kg,110.0,157.21,200.0,157.4,162.68,-0.12,-3.36,159.01,165.12,-6.110000000000014,-3.70033914728684
2025-10-30,4,Bread plain (Small Size),Each,100.0,110.12,130.0,110.12,108.85,0.0,1.17,109.13,113.6,-4.469999999999999,-3.9348591549295833
2025-10-30,5,Beef with Bone (Average Quality),1 Kg,900.0,1141.48,1450.0,1141.48,1006.42,0.0,13.42,1034.77,847.36,187.40999999999997,22.116927870090635
2025-10-30,6,Mutton (Average Quality),1 Kg,1700.0,2094.59,2550.0,2094.59,1933.8,0.0,8.31,1965.06,1746.19,218.8699999999999,12.534145768788036
2025-10-30,7,Chicken Farm Broiler (Live),1 Kg,298.0,327.32,390.0,319.64,387.98,2.4,-15.63,420.4,395.28,25.120000000000005,6.354988868650068
2025-10-30,8,Milk fresh (Un-boiled),1 Ltr,170.0,202.93,260.0,202.93,196.85,0.0,3.09,197.12,185.03,12.090000000000003,6.534075555315354
2025-10-30,9,Curd (Dahi) Loose,1 Kg,180.0,238.55,360.0,238.49,230.98,0.03,3.28,230.31,215.67,14.640000000000015,6.788148560300456
2025-10-30,10,Powdered Milk NIDO 390 gm Polybag,Each,1050.0,1114.83,1170.0,1112.43,1032.38,0.22,7.99,1034.91,819.69,215.22000000000003,26.256267613366035
2025-10-30,11,Eggs Hen (Farm),1 Dozen,330.0,347.24,370.0,336.34,317.9,3.24,9.23,290.19,298.22,-8.03000000000003,-2.6926430152236662
2025-10-30,12,Mustard Oil (Average Quality),1 Kg,440.0,540.14,680.0,539.67,522.63,0.09,3.35,534.48,508.77,25.710000000000036,5.053363995518609
2025-10-30,13,"Cooking Oil DALDA or Other Similar Brand (SN), 5 Litre Tin",Each,2850.0,2914.51,2965.0,2895.93,2650.72,0.64,9.95,2800.37,2810.06,-9.690000000000055,-0.3448324946798209
2025-10-30,14,Vegetable Ghee DALDA/HABIB 2.5 kg Tin,Each,1400.0,1489.49,1500.0,1483.59,1325.88,0.4,12.34,1408.25,1345.28,62.97000000000003,4.680809942911509
2025-10-30,15,Vegetable Ghee DALDA/HABIB or Other superior Quality 1 kg Pouch,Each,560.0,581.93,585.0,580.67,522.33,0.22,11.41,550.39,518.25,32.139999999999986,6.201640135069937
2025-10-30,16,Bananas (Kela) Local,1 Dozen,80.0,123.34,250.0,123.12,118.93,0.18,3.71,149.78,136.52,13.259999999999991,9.712862584236731
2025-10-30,17,Pulse Masoor (Washed),1 Kg,250.0,291.73,350.0,295.28,306.06,-1.2,-4.68,303.7,320.39,-16.689999999999998,-5.209276194637781
2025-10-30,18,Pulse Moong (Washed),1 Kg,320.0,379.47,490.0,381.95,381.41,-0.65,-0.51,377.95,292.91,85.03999999999996,29.032808712573797
2025-10-30,19,Pulse Mash (Washed),1 Kg,380.0,447.7,530.0,448.32,532.15,-0.14,-15.87,507.5,530.09,-22.590000000000032,-4.261540493123817
2025-10-30,20,Pulse Gram,1 Kg,240.0,293.31,380.0,298.25,413.84,-1.66,-29.12,348.88,251.64,97.24000000000001,38.64250516611031
2025-10-30,21,Potatoes,1 Kg,60.0,83.31,140.0,83.5,104.23,-0.23,-20.07,85.66,82.44,3.219999999999999,3.9058709364386175
2025-10-30,22,Onions,1 Kg,80.0,174.09,240.0,109.12,145.1,59.54,19.98,96.52,128.06,-31.540000000000006,-24.629080118694375
2025-10-30,23,Tomatoes,1 Kg,100.0,174.55,250.0,329.45,132.68,-47.02,31.56,100.95,110.14,-9.189999999999998,-8.34392591247503
2025-10-30,24,Sugar Refined,1 Kg,177.0,188.69,210.0,188.81,132.47,-0.06,42.44,151.12,146.05,5.069999999999993,3.4714138993495283
2025-10-30,25,Gur (Average Quality),1 Kg,200.0,248.32,300.0,249.72,209.71,-0.56,18.41,213.8,210.53,3.2700000000000102,1.5532228186006876
2025-10-30,26,Salt Powdered (NATIONAL/SHAN) 800 gm Packet,Each,70.0,72.67,80.0,72.67,70.9,0.0,2.5,71.51,65.72,5.790000000000006,8.810103469263538
2025-10-30,27,Chilies Powder NATIONAL 200 gm Packet,Each,320.0,322.29,340.0,322.29,320.0,0.0,0.72,321.81,374.34,-52.52999999999997,-14.03269754768391
2025-10-30,28,Garlic (Lehsun),1 Kg,280.0,424.39,700.0,417.21,612.74,1.72,-30.74,538.57,518.54,20.030000000000086,3.862768542446119
2025-10-30,29,Tea Lipton Yellow Label 190 gm Packet,Each,447.0,447.06,447.5,447.06,544.71,0.0,-17.93,509.02,556.48,-47.460000000000036,-8.528608395629675
2025-10-30,30,Cooked Beef at Average Hotel,Per Plate,200.0,315.49,450.0,315.35,293.31,0.04,7.56,297.24,272.13,25.110000000000014,9.227207584610312
2025-10-30,31,Cooked Daal at Average Hotel,Per Plate,120.0,167.47,260.0,167.47,160.61,0.0,4.27,160.91,140.93,19.97999999999999,14.177251117576077
2025-10-30,32,Tea Prepared Ordinary,Per Cup,40.0,61.71,80.0,61.71,60.84,0.0,1.43,60.95,56.87,4.080000000000005,7.174257077545292
2025-10-30,33,Cigarettes Capstan 20'S Packet,Each,230.0,243.2,260.0,243.2,232.06,0.0,4.8,234.79,222.49,12.299999999999983,5.528338352285473
2025-10-30,34,"Long Cloth 57"" Gul Ahmed/Al Karam",1 mtr,400.0,660.47,800.0,660.47,617.0,0.0,7.05,625.57,568.18,57.3900000000001,10.10067232215144
2025-10-30,35,Shirting (Average Quality),1 mtr,220.0,502.98,900.0,502.98,475.67,0.0,5.74,480.39,415.53,64.86000000000001,15.608981300989115
2025-10-30,36,Lawn Printed Gul Ahmed/Al Karam,1 mtr,400.0,662.54,820.0,662.54,611.82,0.0,8.29,622.49,560.31,62.180000000000064,11.097428209384105
2025-10-30,37,Georgette (Average Quality),1 mtr,200.0,304.4,450.0,304.4,288.56,0.0,5.49,292.81,261.61,31.19999999999999,11.92614961201788
2025-10-30,38,Gents Sandal Bata,Pair,2499.0,2499.0,2499.0,2499.0,2499.0,0.0,0.0,2499.0,2298.72,200.2800000000002,8.71267487993319
2025-10-30,39,Gents Sponge Chappal Bata,Pair,599.0,599.0,599.0,599.0,599.0,0.0,0.0,599.0,599.0,0.0,0.0
2025-10-30,40,Ladies Sandal Bata,Pair,1399.0,1399.0,1399.0,1399.0,899.0,0.0,55.62,1185.21,822.91,362.30000000000007,44.026685785808894
2025-10-30,41,Electricity Charges for Q1*,Per Unit,4.83,4.83,4.83,4.83,6.55,0.0,-26.26,5.99,7.28,-1.29,-17.71978021978022
2025-10-30,42,Gas Charges for Q1,MMBTU,2566.5,2566.5,2566.5,2566.5,1976.5,0.0,29.85,1976.5,944.61,1031.8899999999999,109.23979208350536
2025-10-30,43,Firewood Whole,40 Kg,900.0,1398.14,2350.0,1385.22,1242.72,0.93,12.51,1273.03,1141.76,131.26999999999998,11.497162275784746
2025-10-30,44,Energy Saver Philips 14 Watt,Each,240.0,397.24,575.0,397.24,379.68,0.0,4.62,380.66,352.01,28.650000000000034,8.138973324621475
2025-10-30,45,Sufi Washing Soap 250 gm Cake,Each,125.0,133.24,150.0,133.24,128.89,0.0,3.37,130.71,129.09,1.6200000000000045,1.2549384150592573
2025-10-30,46,Match Box,Each,5.0,6.24,7.0,6.24,6.24,0.0,0.0,6.22,5.93,0.29000000000000004,4.890387858347395
2025-10-30,47,Petrol Super,Per Litre,263.93,264.74,266.78,264.74,248.18,0.0,6.67,256.66,281.33,-24.66999999999996,-8.769061244801463
2025-10-30,48,Hi-Speed Diesel,Per Litre,275.88,277.04,279.6,277.04,252.43,0.0,9.75,261.39,286.64,-25.25,-8.808958972927712
2025-10-30,49,LPG 11.67 kg Cylinder,Each,2684.0,3028.55,3350.0,3046.92,3219.56,-0.6,-5.93,3235.35,3085.07,150.27999999999975,4.871202274178543
2025-10-30,50,Telephone Call Charges,Per Minute,1.79,1.79,1.79,1.79,1.79,0.0,0.0,1.79,1.79,0.0,0.0
2025-10-30,51,Toilet Soap LIFEBUOY 115 gm,Each,110.0,115.43,118.6,115.43,106.27,0.0,8.62,108.15,109.79,-1.6400000000000006,-1.4937608161034746
2025-11-06,1,Wheat Flour Bag,20 Kg,1810.0,2195.81,2750.0,2188.42,1837.47,0.34,19.5,1742.07,2575.18,-833.1099999999999,-32.35152494194581
2025-11-06,2,Rice Basmati Broken (Average Quality),1 Kg,140.0,216.38,310.0,216.89,208.37,-0.24,3.84,205.37,222.46,-17.090000000000003,-7.6822799604423295
2025-11-06,3,Rice IRRI-6/9 (Sindh/Punjab),1 Kg,110.0,157.21,200.0,157.21,161.98,0.0,-2.94,159.01,165.12,-6.110000000000014,-3.70033914728684
2025-11-06,4,Bread plain (Small Size),Each,100.0,110.73,130.0,110.12,108.85,0.55,1.73,109.13,113.6,-4.469999999999999,-3.9348591549295833
2025-11-06,5,Beef with Bone (Average Quality),1 Kg,900.0,1152.14,1450.0,1141.48,1009.88,0.93,14.09,1034.77,847.36,187.40999999999997,22.116927870090635
2025-11-06,6,Mutton (Average Quality),1 Kg,1700.0,2097.11,2550.0,2094.59,1939.54,0.12,8.12,1965.06,1746.19,218.8699999999999,12.534145768788036
2025-11-06,7,Chicken Farm Broiler (Live),1 Kg,300.0,325.11,390.0,327.32,383.19,-0.68,-15.16,420.4,395.28,25.120000000000005,6.354988868650068
2025-11-06,8,Milk fresh (Un-boiled),1 Ltr,170.0,202.93,260.0,202.93,196.85,0.0,3.09,197.12,185.03,12.090000000000003,6.534075555315354
2025-11-06,9,Curd (Dahi) Loose,1 Kg,180.0,238.55,360.0,238.55,230.98,0.0,3.28,230.31,215.67,14.640000000000015,6.788148560300456
2025-11-06,10,Powdered Milk NIDO 390 gm Polybag,Each,1080.0,1118.25,1170.0,1114.83,1034.92,0.31,8.05,1034.91,819.69,215.22000000000003,26.256267613366035
2025-11-06,11,Eggs Hen (Farm),1 Dozen,340.0,355.57,380.0,347.24,326.48,2.4,8.91,290.19,298.22,-8.03000000000003,-2.6926430152236662
2025-11-06,12,Mustard Oil (Average Quality),1 Kg,440.0,540.65,680.0,540.14,534.96,0.09,1.06,534.48,508.77,25.710000000000036,5.053363995518609
2025-11-06,13,"Cooking Oil DALDA or Other Similar Brand (SN), 5 Litre Tin",Each,2850.0,2920.67,2965.0,2914.51,2686.39,0.21,8.72,2800.37,2810.06,-9.690000000000055,-0.3448324946798209
2025-11-06,14,Vegetable Ghee DALDA/HABIB 2.5 kg Tin,Each,1400.0,1491.86,1500.0,1489.49,1337.69,0.16,11.53,1408.25,1345.28,62.97000000000003,4.680809942911509
2025-11-06,15,Vegetable Ghee DALDA/HABIB or Other superior Quality 1 kg Pouch,Each,560.0,581.97,585.0,581.93,530.09,0.01,9.79,550.39,518.25,32.139999999999986,6.201640135069937
2025-11-06,16,Bananas (Kela) Local,1 Dozen,80.0,126.2,260.0,123.34,115.8,2.32,8.98,149.78,136.52,13.259999999999991,9.712862584236731
2025-11-06,17,Pulse Masoor (Washed),1 Kg,250.0,290.12,350.0,291.73,305.23,-0.55,-4.95,303.7,320.39,-16.689999999999998,-5.209276194637781
2025-11-06,18,Pulse Moong (Washed),1 Kg,320.0,379.95,490.0,379.47,384.95,0.13,-1.3,377.95,292.91,85.03999999999996,29.032808712573797
2025-11-06,19,Pulse Mash (Washed),1 Kg,380.0,446.3,530.0,447.7,528.31,-0.31,-15.52,507.5,530.09,-22.590000000000032,-4.261540493123817
2025-11-06,20,Pulse Gram,1 Kg,240.0,288.67,380.0,293.31,411.34,-1.58,-29.82,348.88,251.64,97.24000000000001,38.64250516611031
2025-11-06,21,Potatoes,1 Kg,60.0,83.09,140.0,83.31,106.97,-0.26,-22.32,85.66,82.44,3.219999999999999,3.9058709364386175
2025-11-06,22,Onions,1 Kg,100.0,165.6,240.0,174.09,148.89,-4.88,11.22,96.52,128.06,-31.540000000000006,-24.629080118694375
2025-11-06,23,Tomatoes,1 Kg,60.0,108.34,240.0,174.55,134.9,-37.93,-19.69,100.95,110.14,-9.189999999999998,-8.34392591247503
2025-11-06,24,Sugar Refined,1 Kg,178.0,187.48,210.0,188.69,130.49,-0.64,43.67,151.12,146.05,5.069999999999993,3.4714138993495283
2025-11-06,25,Gur (Average Quality),1 Kg,200.0,246.84,300.0,248.32,207.64,-0.6,18.88,213.8,210.53,3.2700000000000102,1.5532228186006876
2025-11-06,26,Salt Powdered (NATIONAL/SHAN) 800 gm Packet,Each,70.0,72.67,80.0,72.67,70.9,0.0,2.5,71.51,65.72,5.790000000000006,8.810103469263538
2025-11-06,27,Chilies Powder NATIONAL 200 gm Packet,Each,320.0,322.29,340.0,322.29,320.0,0.0,0.72,321.81,374.34,-52.52999999999997,-14.03269754768391
2025-11-06,28,Garlic (Lehsun),1 Kg,280.0,410.69,700.0,424.39,617.97,-3.23,-33.54,538.57,518.54,20.030000000000086,3.862768542446119
2025-11-06,29,Tea Lipton Yellow Label 190 gm Packet,Each,447.0,447.06,447.5,447.06,543.78,0.0,-17.79,509.02,556.48,-47.460000000000036,-8.528608395629675
2025-11-06,30,Cooked Beef at Average Hotel,Per Plate,200.0,315.49,450.0,315.49,295.33,0.0,6.83,297.24,272.13,25.110000000000014,9.227207584610312
2025-11-06,31,Cooked Daal at Average Hotel,Per Plate,120.0,167.79,260.0,167.47,160.91,0.19,4.28,160.91,140.93,19.97999999999999,14.177251117576077
2025-11-06,32,Tea Prepared Ordinary,Per Cup,40.0,62.28,80.0,61.71,60.84,0.92,2.37,60.95,56.87,4.080000000000005,7.174257077545292
2025-11-06,33,Cigarettes Capstan 20'S Packet,Each,230.0,243.2,260.0,243.2,232.06,0.0,4.8,234.79,222.49,12.299999999999983,5.528338352285473
2025-11-06,34,"Long Cloth 57"" Gul Ahmed/Al Karam",1 mtr,400.0,660.47,800.0,660.47,617.0,0.0,7.05,625.57,568.18,57.3900000000001,10.10067232215144
2025-11-06,35,Shirting (Average Quality),1 mtr,220.0,502.98,900.0,502.98,475.67,0.0,5.74,480.39,415.53,64.86000000000001,15.608981300989115
2025-11-06,36,Lawn Printed Gul Ahmed/Al Karam,1 mtr,400.0,662.54,820.0,662.54,611.82,0.0,8.29,622.49,560.31,62.180000000000064,11.097428209384105
2025-11-06,37,Georgette (Average Quality),1 mtr,200.0,304.4,450.0,304.4,288.56,0.0,5.49,292.81,261.61,31.19999999999999,11.92614961201788
2025-11-06,38,Gents Sandal Bata,Pair,2499.0,2499.0,2499.0,2499.0,2499.0,0.0,0.0,2499.0,2298.72,200.2800000000002,8.71267487993319
2025-11-06,39,Gents Sponge Chappal Bata,Pair,599.0,599.0,599.0,599.0,599.0,0.0,0.0,599.0,599.0,0.0,0.0
2025-11-06,40,Ladies Sandal Bata,Pair,1399.0,1399.0,1399.0,1399.0,899.0,0.0,55.62,1185.21,822.91,362.30000000000007,44.026685785808894
2025-11-06,41,Electricity Charges for Q1*,Per Unit,4.83,4.83,4.83,4.83,6.55,0.0,-26.26,5.99,7.28,-1.29,-17.71978021978022
2025-11-06,42,Gas Charges for Q1,MMBTU,2566.5,2566.5,2566.5,2566.5,1976.5,0.0,29.85,1976.5,944.61,1031.8899999999999,109.23979208350536
2025-11-06,43,Firewood Whole,40 Kg,1000.0,1420.7,2350.0,1398.14,1243.48,1.61,14.25,1273.03,1141.76,131.26999999999998,11.497162275784746
2025-11-06,44,Energy Saver Philips 14 Watt,Each,240.0,397.24,575.0,397.24,379.68,0.0,4.62,380.66,352.01,28.650000000000034,8.138973324621475
2025-11-06,45,Sufi Washing Soap 250 gm Cake,Each,125.0,133.24,150.0,133.24,129.49,0.0,2.9,130.71,129.09,1.6200000000000045,1.2549384150592573
2025-11-06,46,Match Box,Each,5.0,6.24,7.0,6.24,6.24,0.0,0.0,6.22,5.93,0.29000000000000004,4.890387858347395
2025-11-06,47,Petrol Super,Per Litre,266.58,267.15,269.5,264.74,249.56,0.91,7.05,256.66,281.33,-24.66999999999996,-8.769061244801463
2025-11-06,48,Hi-Speed Diesel,Per Litre,279.57,280.13,282.1,277.04,256.32,1.12,9.29,261.39,286.64,-25.25,-8.808958972927712
2025-11-06,49,LPG 11.67 kg Cylinder,Each,2684.0,3023.99,3350.0,3028.55,3328.15,-0.15,-9.14,3235.35,3085.07,150.27999999999975,4.871202274178543
2025-11-06,50,Telephone Call Charges,Per Minute,1.79,1.79,1.79,1.79,1.79,0.0,0.0,1.79,1.79,0.0,0.0
2025-11-06,51,Toilet Soap LIFEBUOY 115 gm,Each,110.0,115.66,118.6,115.43,106.27,0.2,8.84,108.15,109.79,-1.6400000000000006,-1.4937608161034746
2025-11-13,1,Wheat Flour Bag,20 Kg,1810.0,2180.74,2600.0,2195.81,1837.25,-0.69,18.7,1742.07,2575.18,-833.1099999999999,-32.35152494194581
2025-11-13,2,Rice Basmati Broken (Average Quality),1 Kg,140.0,215.98,310.0,216.38,208.37,-0.18,3.65,205.37,222.46,-17.090000000000003,-7.6822799604423295
2025-11-13,3,Rice IRRI-6/9 (Sindh/Punjab),1 Kg,110.0,157.1,200.0,157.21,161.99,-0.07,-3.02,159.01,165.12,-6.110000000000014,-3.70033914728684
2025-11-13,4,Bread plain (Small Size),Each,100.0,110.73,130.0,110.73,108.85,0.0,1.73,109.13,113.6,-4.469999999999999,-3.9348591549295833
2025-11-13,5,Beef with Bone (Average Quality),1 Kg,900.0,1155.16,1450.0,1152.14,1010.69,0.26,14.29,1034.77,847.36,187.40999999999997,22.116927870090635
2025-11-13,6,Mutton (Average Quality),1 Kg,1700.0,2098.57,2550.0,2097.11,1940.2,0.07,8.16,1965.06,1746.19,218.8699999999999,12.534145768788036
2025-11-13,7,Chicken Farm Broiler (Live),1 Kg,360.0,391.21,460.0,325.11,382.93,20.33,2.16,420.4,395.28,25.120000000000005,6.354988868650068
2025-11-13,8,Milk fresh (Un-boiled),1 Ltr,170.0,202.93,260.0,202.93,196.92,0.0,3.05,197.12,185.03,12.090000000000003,6.534075555315354
2025-11-13,9,Curd (Dahi) Loose,1 Kg,180.0,238.55,360.0,238.55,230.98,0.0,3.28,230.31,215.67,14.640000000000015,6.788148560300456
2025-11-13,10,Powdered Milk NIDO 390 gm Polybag,Each,1080.0,1118.45,1170.0,1118.25,1034.92,0.02,8.07,1034.91,819.69,215.22000000000003,26.256267613366035
2025-11-13,11,Eggs Hen (Farm),1 Dozen,335.0,355.73,380.0,355.57,342.85,0.04,3.76,290.19,298.22,-8.03000000000003,-2.6926430152236662
2025-11-13,12,Mustard Oil (Average Quality),1 Kg,440.0,540.21,680.0,540.65,545.14,-0.08,-0.9,534.48,508.77,25.710000000000036,5.053363995518609
2025-11-13,13,"Cooking Oil DALDA or Other Similar Brand (SN), 5 Litre Tin",Each,2850.0,2931.76,2965.0,2920.67,2703.72,0.38,8.43,2800.37,2810.06,-9.690000000000055,-0.3448324946798209
2025-11-13,14,Vegetable Ghee DALDA/HABIB 2.5 kg Tin,Each,1400.0,1492.75,1500.0,1491.86,1345.67,0.06,10.93,1408.25,1345.28,62.97000000000003,4.680809942911509
2025-11-13,15,Vegetable Ghee DALDA/HABIB or Other superior Quality 1 kg Pouch,Each,560.0,582.32,585.0,581.97,540.02,0.06,7.83,550.39,518.25,32.139999999999986,6.201640135069937
2025-11-13,16,Bananas (Kela) Local,1 Dozen,80.0,129.13,260.0,126.2,115.59,2.32,11.71,149.78,136.52,13.259999999999991,9.712862584236731
2025-11-13,17,Pulse Masoor (Washed),1 Kg,250.0,291.09,350.0,290.12,307.72,0.33,-5.4,303.7,320.39,-16.689999999999998,-5.209276194637781
2025-11-13,18,Pulse Moong (Washed),1 Kg,320.0,378.92,490.0,379.95,384.97,-0.27,-1.57,377.95,292.91,85.03999999999996,29.032808712573797
2025-11-13,19,Pulse Mash (Washed),1 Kg,380.0,443.34,530.0,446.3,523.72,-0.66,-15.35,507.5,530.09,-22.590000000000032,-4.261540493123817
2025-11-13,20,Pulse Gram,1 Kg,240.0,281.13,380.0,288.67,401.01,-2.61,-29.89,348.88,251.64,97.24000000000001,38.64250516611031
2025-11-13,21,Potatoes,1 Kg,60.0,83.99,150.0,83.09,108.32,1.08,-22.46,85.66,82.44,3.219999999999999,3.9058709364386175
2025-11-13,22,Onions,1 Kg,100.0,154.58,220.0,165.6,148.99,-6.65,3.75,96.52,128.06,-31.540000000000006,-24.629080118694375
2025-11-13,23,Tomatoes,1 Kg,80.0,121.37,220.0,108.34,157.64,12.03,-23.01,100.95,110.14,-9.189999999999998,-8.34392591247503
2025-11-13,24,Sugar Refined,1 Kg,176.0,185.47,229.0,187.48,132.24,-1.07,40.25,151.12,146.05,5.069999999999993,3.4714138993495283
2025-11-13,25,Gur (Average Quality),1 Kg,200.0,242.45,300.0,246.84,208.17,-1.78,16.47,213.8,210.53,3.2700000000000102,1.5532228186006876
2025-11-13,26,Salt Powdered (NATIONAL/SHAN) 800 gm Packet,Each,60.0,71.36,80.0,72.67,71.46,-1.8,-0.14,71.51,65.72,5.790000000000006,8.810103469263538
2025-11-13,27,Chilies Powder NATIONAL 200 gm Packet,Each,320.0,322.29,340.0,322.29,320.0,0.0,0.72,321.81,374.34,-52.52999999999997,-14.03269754768391
2025-11-13,28,Garlic (Lehsun),1 Kg,280.0,410.63,700.0,410.69,644.54,-0.01,-36.29,538.57,518.54,20.030000000000086,3.862768542446119
2025-11-13,29,Tea Lipton Yellow Label 190 gm Packet,Each,447.0,447.06,447.5,447.06,543.78,0.0,-17.79,509.02,556.48,-47.460000000000036,-8.528608395629675
2025-11-13,30,Cooked Beef at Average Hotel,Per Plate,200.0,315.49,450.0,315.49,298.6,0.0,5.66,297.24,272.13,25.110000000000014,9.227207584610312
2025-11-13,31,Cooked Daal at Average Hotel,Per Plate,120.0,167.79,260.0,167.79,160.91,0.0,4.28,160.91,140.93,19.97999999999999,14.177251117576077
2025-11-13,32,Tea Prepared Ordinary,Per Cup,40.0,62.28,80.0,62.28,61.03,0.0,2.05,60.95,56.87,4.080000000000005,7.174257077545292
2025-11-13,33,Cigarettes Capstan 20'S Packet,Each,230.0,243.2,260.0,243.2,232.06,0.0,4.8,234.79,222.49,12.299999999999983,5.528338352285473
2025-11-13,34,"Long Cloth 57"" Gul Ahmed/Al Karam",1 mtr,400.0,660.47,800.0,660.47,617.0,0.0,7.05,625.57,568.18,57.3900000000001,10.10067232215144
2025-11-13,35,Shirting (Average Quality),1 mtr,220.0,504.81,900.0,502.98,476.23,0.36,6.0,480.39,415.53,64.86000000000001,15.608981300989115
2025-11-13,36,Lawn Printed Gul Ahmed/Al Karam,1 mtr,400.0,662.54,820.0,662.54,611.82,0.0,8.29,622.49,560.31,62.180000000000064,11.097428209384105
2025-11-13,37,Georgette (Average Quality),1 mtr,200.0,304.4,450.0,304.4,291.97,0.0,4.26,292.81,261.61,31.19999999999999,11.92614961201788
2025-11-13,38,Gents Sandal Bata,Pair,2499.0,2499.0,2499.0,2499.0,2499.0,0.0,0.0,2499.0,2298.72,200.2800000000002,8.71267487993319
2025-11-13,39,Gents Sponge Chappal Bata,Pair,599.0,599.0,599.0,599.0,599.0,0.0,0.0,599.0,599.0,0.0,0.0
2025-11-13,40,Ladies Sandal Bata,Pair,1399.0,1399.0,1399.0,1399.0,899.0,0.0,55.62,1185.21,822.91,362.30000000000007,44.026685785808894
2025-11-13,41,Electricity Charges for Q1*,Per Unit,4.83,4.83,4.83,4.83,6.55,0.0,-26.26,5.99,7.28,-1.29,-17.71978021978022
2025-11-13,42,Gas Charges for Q1,MMBTU,2566.5,2566.5,2566.5,2566.5,1976.5,0.0,29.85,1976.5,944.61,1031.8899999999999,109.23979208350536
2025-11-13,43,Firewood Whole,40 Kg,1000.0,1424.43,2350.0,1420.7,1269.22,0.26,12.23,1273.03,1141.76,131.26999999999998,11.497162275784746
2025-11-13,44,Energy Saver Philips 14 Watt,Each,240.0,397.24,575.0,397.24,379.68,0.0,4.62,380.66,352.01,28.650000000000034,8.138973324621475
2025-11-13,45,Sufi Washing Soap 250 gm Cake,Each,125.0,133.24,150.0,133.24,129.49,0.0,2.9,130.71,129.09,1.6200000000000045,1.2549384150592573
2025-11-13,46,Match Box,Each,5.0,6.24,7.0,6.24,6.24,0.0,0.0,6.22,5.93,0.29000000000000004,4.890387858347395
2025-11-13,47,Petrol Super,Per Litre,266.58,267.15,269.5,267.15,249.56,0.0,7.05,256.66,281.33,-24.66999999999996,-8.769061244801463
2025-11-13,48,Hi-Speed Diesel,Per Litre,279.57,280.13,282.1,280.13,256.32,0.0,9.29,261.39,286.64,-25.25,-8.808958972927712
2025-11-13,49,LPG 11.67 kg Cylinder,Each,2800.0,3083.59,3350.0,3023.99,3464.75,1.97,-11.0,3235.35,3085.07,150.27999999999975,4.871202274178543
2025-11-13,50,Telephone Call Charges,Per Minute,1.79,1.79,1.79,1.79,1.79,0.0,0.0,1.79,1.79,0.0,0.0
2025-11-13,51,Toilet Soap LIFEBUOY 115 gm,Each,110.0,115.66,118.6,115.66,105.23,0.0,9.91,108.15,109.79,-1.6400000000000006,-1.4937608161034746
2025-11-20,1,Wheat Flour Bag,20 Kg,1810.0,2149.93,2550.0,2180.74,1832.71,-1.41,17.31,1742.07,2575.18,-833.1099999999999,-32.35152494194581
2025-11-20,2,Rice Basmati Broken (Average Quality),1 Kg,140.0,215.78,310.0,215.98,207.54,-0.09,3.97,205.37,222.46,-17.090000000000003,-7.6822799604423295
2025-11-20,3,Rice IRRI-6/9 (Sindh/Punjab),1 Kg,110.0,156.75,200.0,157.1,161.64,-0.22,-3.03,159.01,165.12,-6.110000000000014,-3.70033914728684
2025-11-20,4,Bread plain (Small Size),Each,100.0,110.73,130.0,110.73,108.85,0.0,1.73,109.13,113.6,-4.469999999999999,-3.9348591549295833
2025-11-20,5,Beef with Bone (Average Quality),1 Kg,900.0,1157.17,1450.0,1155.16,1019.95,0.17,13.45,1034.77,847.36,187.40999999999997,22.116927870090635
2025-11-20,6,Mutton (Average Quality),1 Kg,1700.0,2100.83,2550.0,2098.57,1957.4,0.11,7.33,1965.06,1746.19,218.8699999999999,12.534145768788036
2025-11-20,7,Chicken Farm Broiler (Live),1 Kg,328.0,359.65,450.0,391.21,371.57,-8.07,-3.21,420.4,395.28,25.120000000000005,6.354988868650068
2025-11-20,8,Milk fresh (Un-boiled),1 Ltr,170.0,202.93,260.0,202.93,197.04,0.0,2.99,197.12,185.03,12.090000000000003,6.534075555315354
2025-11-20,9,Curd (Dahi) Loose,1 Kg,180.0,238.55,360.0,238.55,231.06,0.0,3.24,230.31,215.67,14.640000000000015,6.788148560300456
2025-11-20,10,Powdered Milk NIDO 390 gm Polybag,Each,1080.0,1119.52,1170.0,1118.45,1034.92,0.1,8.17,1034.91,819.69,215.22000000000003,26.256267613366035
2025-11-20,11,Eggs Hen (Farm),1 Dozen,330.0,354.01,400.0,355.73,353.67,-0.48,0.1,290.19,298.22,-8.03000000000003,-2.6926430152236662
2025-11-20,12,Mustard Oil (Average Quality),1 Kg,440.0,540.89,680.0,540.21,552.11,0.13,-2.03,534.48,508.77,25.710000000000036,5.053363995518609
2025-11-20,13,"Cooking Oil DALDA or Other Similar Brand (SN), 5 Litre Tin",Each,2850.0,2932.01,2965.0,2931.76,2721.17,0.01,7.75,2800.37,2810.06,-9.690000000000055,-0.3448324946798209
2025-11-20,14,Vegetable Ghee DALDA/HABIB 2.5 kg Tin,Each,1400.0,1492.75,1500.0,1492.75,1368.97,0.0,9.04,1408.25,1345.28,62.97000000000003,4.680809942911509
2025-11-20,15,Vegetable Ghee DALDA/HABIB or Other superior Quality 1 kg Pouch,Each,560.0,583.54,592.0,582.32,552.46,0.21,5.63,550.39,518.25,32.139999999999986,6.201640135069937
2025-11-20,16,Bananas (Kela) Local,1 Dozen,90.0,130.06,250.0,129.13,116.32,0.72,11.81,149.78,136.52,13.259999999999991,9.712862584236731
2025-11-20,17,Pulse Masoor (Washed),1 Kg,260.0,290.28,350.0,291.09,305.82,-0.28,-5.08,303.7,320.39,-16.689999999999998,-5.209276194637781
2025-11-20,18,Pulse Moong (Washed),1 Kg,260.0,372.8,490.0,378.92,386.02,-1.62,-3.42,377.95,292.91,85.03999999999996,29.032808712573797
2025-11-20,19,Pulse Mash (Washed),1 Kg,380.0,442.66,530.0,443.34,522.52,-0.15,-15.28,507.5,530.09,-22.590000000000032,-4.261540493123817
2025-11-20,20,Pulse Gram,1 Kg,240.0,278.86,380.0,281.13,394.18,-0.81,-29.26,348.88,251.64,97.24000000000001,38.64250516611031
2025-11-20,21,Potatoes,1 Kg,60.0,79.21,140.0,83.99,112.45,-5.69,-29.56,85.66,82.44,3.219999999999999,3.9058709364386175
2025-11-20,22,Onions,1 Kg,100.0,135.45,200.0,154.58,150.45,-12.38,-9.97,96.52,128.06,-31.540000000000006,-24.629080118694375
2025-11-20,23,Tomatoes,1 Kg,110.0,190.59,280.0,121.37,190.3,57.03,0.15,100.95,110.14,-9.189999999999998,-8.34392591247503
2025-11-20,24,Sugar Refined,1 Kg,179.0,189.61,214.0,185.47,131.88,2.23,43.77,151.12,146.05,5.069999999999993,3.4714138993495283
2025-11-20,25,Gur (Average Quality),1 Kg,190.0,241.98,300.0,242.45,207.98,-0.19,16.35,213.8,210.53,3.2700000000000102,1.5532228186006876
2025-11-20,26,Salt Powdered (NATIONAL/SHAN) 800 gm Packet,Each,60.0,70.17,80.0,71.36,71.46,-1.67,-1.81,71.51,65.72,5.790000000000006,8.810103469263538
2025-11-20,27,Chilies Powder NATIONAL 200 gm Packet,Each,320.0,322.29,340.0,322.29,320.0,0.0,0.72,321.81,374.34,-52.52999999999997,-14.03269754768391
2025-11-20,28,Garlic (Lehsun),1 Kg,280.0,421.36,800.0,410.63,666.57,2.61,-36.79,538.57,518.54,20.030000000000086,3.862768542446119
2025-11-20,29,Tea Lipton Yellow Label 190 gm Packet,Each,447.0,447.06,447.5,447.06,543.78,0.0,-17.79,509.02,556.48,-47.460000000000036,-8.528608395629675
2025-11-20,30,Cooked Beef at Average Hotel,Per Plate,200.0,315.49,450.0,315.49,298.6,0.0,5.66,297.24,272.13,25.110000000000014,9.227207584610312
2025-11-20,31,Cooked Daal at Average Hotel,Per Plate,120.0,167.79,260.0,167.79,160.91,0.0,4.28,160.91,140.93,19.97999999999999,14.177251117576077
2025-11-20,32,Tea Prepared Ordinary,Per Cup,40.0,62.65,80.0,62.28,61.03,0.59,2.65,60.95,56.87,4.080000000000005,7.174257077545292
2025-11-20,33,Cigarettes Capstan 20'S Packet,Each,230.0,243.2,260.0,243.2,232.06,0.0,4.8,234.79,222.49,12.299999999999983,5.528338352285473
2025-11-20,34,"Long Cloth 57"" Gul Ahmed/Al Karam",1 mtr,400.0,660.47,800.0,660.47,617.0,0.0,7.05,625.57,568.18,57.3900000000001,10.10067232215144
2025-11-20,35,Shirting (Average Quality),1 mtr,220.0,506.07,900.0,504.81,476.44,0.25,6.22,480.39,415.53,64.86000000000001,15.608981300989115
2025-11-20,36,Lawn Printed Gul Ahmed/Al Karam,1 mtr,400.0,662.54,820.0,662.54,611.82,0.0,8.29,622.49,560.31,62.180000000000064,11.097428209384105
2025-11-20,37,Georgette (Average Quality),1 mtr,200.0,306.83,450.0,304.4,291.97,0.8,5.09,292.81,261.61,31.19999999999999,11.92614961201788
2025-11-20,38,Gents Sandal Bata,Pair,2499.0,2499.0,2499.0,2499.0,2499.0,0.0,0.0,2499.0,2298.72,200.2800000000002,8.71267487993319
2025-11-20,39,Gents Sponge Chappal Bata,Pair,599.0,599.0,599.0,599.0,599.0,0.0,0.0,599.0,599.0,0.0,0.0
2025-11-20,40,Ladies Sandal Bata,Pair,1399.0,1399.0,1399.0,1399.0,1399.0,0.0,0.0,1185.21,822.91,362.30000000000007,44.026685785808894
2025-11-20,41,Electricity Charges for Q1*,Per Unit,4.83,4.83,4.83,4.83,6.55,0.0,-26.26,5.99,7.28,-1.29,-17.71978021978022
2025-11-20,42,Gas Charges for Q1,MMBTU,2566.5,2566.5,2566.5,2566.5,1976.5,0.0,29.85,1976.5,944.61,1031.8899999999999,109.23979208350536
2025-11-20,43,Firewood Whole,40 Kg,1000.0,1428.07,2350.0,1424.43,1269.22,0.26,12.52,1273.03,1141.76,131.26999999999998,11.497162275784746
2025-11-20,44,Energy Saver Philips 14 Watt,Each,240.0,397.24,575.0,397.24,379.68,0.0,4.62,380.66,352.01,28.650000000000034,8.138973324621475
2025-11-20,45,Sufi Washing Soap 250 gm Cake,Each,125.0,133.24,150.0,133.24,129.49,0.0,2.9,130.71,129.09,1.6200000000000045,1.2549384150592573
2025-11-20,46,Match Box,Each,5.0,6.24,7.0,6.24,6.24,0.0,0.0,6.22,5.93,0.29000000000000004,4.890387858347395
2025-11-20,47,Petrol Super,Per Litre,266.58,267.15,269.5,267.15,249.56,0.0,7.05,256.66,281.33,-24.66999999999996,-8.769061244801463
2025-11-20,48,Hi-Speed Diesel,Per Litre,285.34,286.2,288.2,280.13,256.32,2.17,11.66,261.39,286.64,-25.25,-8.808958972927712
2025-11-20,49,LPG 11.67 kg Cylinder,Each,2917.0,3242.61,3618.0,3083.59,3437.15,5.16,-5.66,3235.35,3085.07,150.27999999999975,4.871202274178543
2025-11-20,50,Telephone Call Charges,Per Minute,1.79,1.79,1.79,1.79,1.79,0.0,0.0,1.79,1.79,0.0,0.0
2025-11-20,51,Toilet Soap LIFEBUOY 115 gm,Each,110.0,115.66,118.6,115.66,104.55,0.0,10.63,108.15,109.79,-1.6400000000000006,-1.4937608161034746
2025-11-27,1,Wheat Flour Bag,20 Kg,1810.0,2134.85,2550.0,2149.93,1834.91,-0.7,16.35,1742.07,2575.18,-833.1099999999999,-32.35152494194581
2025-11-27,2,Rice Basmati Broken (Average Quality),1 Kg,140.0,215.78,310.0,215.78,205.15,0.0,5.18,205.37,222.46,-17.090000000000003,-7.6822799604423295
2025-11-27,3,Rice IRRI-6/9 (Sindh/Punjab),1 Kg,110.0,156.75,200.0,156.75,161.64,0.0,-3.03,159.01,165.12,-6.110000000000014,-3.70033914728684
2025-11-27,4,Bread plain (Small Size),Each,100.0,110.73,130.0,110.73,108.85,0.0,1.73,109.13,113.6,-4.469999999999999,-3.9348591549295833
2025-11-27,5,Beef with Bone (Average Quality),1 Kg,900.0,1157.32,1450.0,1157.17,1020.02,0.01,13.46,1034.77,847.36,187.40999999999997,22.116927870090635
2025-11-27,6,Mutton (Average Quality),1 Kg,1700.0,2100.99,2550.0,2100.83,1957.4,0.01,7.34,1965.06,1746.19,218.8699999999999,12.534145768788036
2025-11-27,7,Chicken Farm Broiler (Live),1 Kg,300.0,357.99,450.0,359.65,357.54,-0.46,0.13,420.4,395.28,25.120000000000005,6.354988868650068
2025-11-27,8,Milk fresh (Un-boiled),1 Ltr,170.0,202.93,260.0,202.93,197.04,0.0,2.99,197.12,185.03,12.090000000000003,6.534075555315354
2025-11-27,9,Curd (Dahi) Loose,1 Kg,180.0,238.55,360.0,238.55,231.06,0.0,3.24,230.31,215.67,14.640000000000015,6.788148560300456
2025-11-27,10,Powdered Milk NIDO 390 gm Polybag,Each,1080.0,1124.33,1170.0,1119.52,1034.92,0.43,8.64,1034.91,819.69,215.22000000000003,26.256267613366035
2025-11-27,11,Eggs Hen (Farm),1 Dozen,330.0,351.36,380.0,354.01,355.98,-0.75,-1.3,290.19,298.22,-8.03000000000003,-2.6926430152236662
2025-11-27,12,Mustard Oil (Average Quality),1 Kg,440.0,540.89,680.0,540.89,557.12,0.0,-2.91,534.48,508.77,25.710000000000036,5.053363995518609
2025-11-27,13,"Cooking Oil DALDA or Other Similar Brand (SN), 5 Litre Tin",Each,2850.0,2950.8,3109.37,2932.01,2742.2,0.64,7.61,2800.37,2810.06,-9.690000000000055,-0.3448324946798209
2025-11-27,14,Vegetable Ghee DALDA/HABIB 2.5 kg Tin,Each,1400.0,1509.4,1588.54,1492.75,1382.57,1.12,9.17,1408.25,1345.28,62.97000000000003,4.680809942911509
2025-11-27,15,Vegetable Ghee DALDA/HABIB or Other superior Quality 1 kg Pouch,Each,560.0,585.77,592.0,583.54,557.58,0.38,5.06,550.39,518.25,32.139999999999986,6.201640135069937
2025-11-27,16,Bananas (Kela) Local,1 Dozen,80.0,130.9,250.0,130.06,117.64,0.65,11.27,149.78,136.52,13.259999999999991,9.712862584236731
2025-11-27,17,Pulse Masoor (Washed),1 Kg,260.0,289.53,350.0,290.28,301.6,-0.26,-4.0,303.7,320.39,-16.689999999999998,-5.209276194637781
2025-11-27,18,Pulse Moong (Washed),1 Kg,320.0,379.97,490.0,372.8,385.05,1.92,-1.32,377.95,292.91,85.03999999999996,29.032808712573797
2025-11-27,19,Pulse Mash (Washed),1 Kg,380.0,441.93,530.0,442.66,519.75,-0.16,-14.97,507.5,530.09,-22.590000000000032,-4.261540493123817
2025-11-27,20,Pulse Gram,1 Kg,240.0,275.56,350.0,278.86,387.88,-1.18,-28.96,348.88,251.64,97.24000000000001,38.64250516611031
2025-11-27,21,Potatoes,1 Kg,40.0,75.58,140.0,79.21,116.21,-4.58,-34.96,85.66,82.44,3.219999999999999,3.9058709364386175
2025-11-27,22,Onions,1 Kg,80.0,121.79,190.0,135.45,150.45,-10.08,-19.05,96.52,128.06,-31.540000000000006,-24.629080118694375
2025-11-27,23,Tomatoes,1 Kg,80.0,136.48,240.0,190.59,186.05,-28.39,-26.64,100.95,110.14,-9.189999999999998,-8.34392591247503
2025-11-27,24,Sugar Refined,1 Kg,179.0,189.98,220.0,189.61,131.85,0.2,44.09,151.12,146.05,5.069999999999993,3.4714138993495283
2025-11-27,25,Gur (Average Quality),1 Kg,200.0,240.33,300.0,241.98,206.76,-0.68,16.24,213.8,210.53,3.2700000000000102,1.5532228186006876
2025-11-27,26,Salt Powdered (NATIONAL/SHAN) 800 gm Packet,Each,60.0,68.44,80.0,70.17,71.46,-2.47,-4.23,71.51,65.72,5.790000000000006,8.810103469263538
2025-11-27,27,Chilies Powder NATIONAL 200 gm Packet,Each,320.0,322.29,340.0,322.29,320.0,0.0,0.72,321.81,374.34,-52.52999999999997,-14.03269754768391
2025-11-27,28,Garlic (Lehsun),1 Kg,280.0,416.64,700.0,421.36,677.85,-1.12,-38.54,538.57,518.54,20.030000000000086,3.862768542446119
2025-11-27,29,Tea Lipton Yellow Label 190 gm Packet,Each,447.0,447.06,447.5,447.06,543.78,0.0,-17.79,509.02,556.48,-47.460000000000036,-8.528608395629675
2025-11-27,30,Cooked Beef at Average Hotel,Per Plate,200.0,315.49,450.0,315.49,298.6,0.0,5.66,297.24,272.13,25.110000000000014,9.227207584610312
2025-11-27,31,Cooked Daal at Average Hotel,Per Plate,120.0,167.79,260.0,167.79,160.91,0.0,4.28,160.91,140.93,19.97999999999999,14.177251117576077
2025-11-27,32,Tea Prepared Ordinary,Per Cup,40.0,62.65,80.0,62.65,61.03,0.0,2.65,60.95,56.87,4.080000000000005,7.174257077545292
2025-11-27,33,Cigarettes Capstan 20'S Packet,Each,230.0,243.81,260.0,243.2,232.06,0.25,5.06,234.79,222.49,12.299999999999983,5.528338352285473
2025-11-27,34,"Long Cloth 57"" Gul Ahmed/Al Karam",1 mtr,400.0,660.47,800.0,660.47,617.0,0.0,7.05,625.57,568.18,57.3900000000001,10.10067232215144
2025-11-27,35,Shirting (Average Quality),1 mtr,220.0,506.6,900.0,506.07,476.44,0.1,6.33,480.39,415.53,64.86000000000001,15.608981300989115
2025-11-27,36,Lawn Printed Gul Ahmed/Al Karam,1 mtr,400.0,662.54,820.0,662.54,611.82,0.0,8.29,622.49,560.31,62.180000000000064,11.097428209384105
2025-11-27,37,Georgette (Average Quality),1 mtr,200.0,306.83,450.0,306.83,291.97,0.0,5.09,292.81,261.61,31.19999999999999,11.92614961201788
2025-11-27,38,Gents Sandal Bata,Pair,2499.0,2499.0,2499.0,2499.0,2499.0,0.0,0.0,2499.0,2298.72,200.2800000000002,8.71267487993319
2025-11-27,39,Gents Sponge Chappal Bata,Pair,599.0,599.0,599.0,599.0,599.0,0.0,0.0,599.0,599.0,0.0,0.0
2025-11-27,40,Ladies Sandal Bata,Pair,1399.0,1399.0,1399.0,1399.0,1399.0,0.0,0.0,1185.21,822.91,362.30000000000007,44.026685785808894
2025-11-27,41,Electricity Charges for Q1*,Per Unit,6.0,6.0,6.0,5.4,6.55,11.11,-8.4,5.99,7.28,-1.29,-17.71978021978022
2025-11-27,42,Gas Charges for Q1,MMBTU,2566.5,2566.5,2566.5,2566.5,1976.5,0.0,29.85,1976.5,944.61,1031.8899999999999,109.23979208350536
2025-11-27,43,Firewood Whole,40 Kg,1000.0,1430.97,2350.0,1428.07,1269.22,0.2,12.74,1273.03,1141.76,131.26999999999998,11.497162275784746
2025-11-27,44,Energy Saver Philips 14 Watt,Each,240.0,397.24,575.0,397.24,379.68,0.0,4.62,380.66,352.01,28.650000000000034,8.138973324621475
2025-11-27,45,Sufi Washing Soap 250 gm Cake,Each,125.0,133.24,150.0,133.24,130.18,0.0,2.35,130.71,129.09,1.6200000000000045,1.2549384150592573
2025-11-27,46,Match Box,Each,5.0,6.24,7.0,6.24,6.24,0.0,0.0,6.22,5.93,0.29000000000000004,4.890387858347395
2025-11-27,47,Petrol Super,Per Litre,266.58,267.15,269.5,267.15,249.56,0.0,7.05,256.66,281.33,-24.66999999999996,-8.769061244801463
2025-11-27,48,Hi-Speed Diesel,Per Litre,285.34,286.2,288.2,286.2,256.32,0.0,11.66,261.39,286.64,-25.25,-8.808958972927712
2025-11-27,49,LPG 11.67 kg Cylinder,Each,2917.5,3356.33,3734.0,3242.61,3443.92,3.51,-2.54,3235.35,3085.07,150.27999999999975,4.871202274178543
2025-11-27,50,Telephone Call Charges,Per Minute,1.79,1.79,1.79,1.79,1.79,0.0,0.0,1.79,1.79,0.0,0.0
2025-11-27,51,Toilet Soap LIFEBUOY 115 gm,Each,110.0,115.66,118.6,115.66,104.55,0.0,10.63,108.15,109.79,-1.6400000000000006,-1.4937608161034746
2025-12-11,1,Wheat Flour Bag,20 Kg,1810.0,2202.31,2693.33,2140.73,1811.23,2.88,21.59,1742.07,2575.18,-833.1099999999999,-32.35152494194581
2025-12-11,2,Rice Basmati Broken (Average Quality),1 Kg,140.0,214.81,300.0,214.81,204.2,0.0,5.2,205.37,222.46,-17.090000000000003,-7.6822799604423295
2025-12-11,3,Rice IRRI-6/9 (Sindh/Punjab),1 Kg,110.0,156.75,200.0,156.75,159.85,0.0,-1.94,159.01,165.12,-6.110000000000014,-3.70033914728684
2025-12-11,4,Bread plain (Small Size),Each,100.0,111.36,130.0,111.36,108.85,0.0,2.31,109.13,113.6,-4.469999999999999,-3.9348591549295833
2025-12-11,5,Beef with Bone (Average Quality),1 Kg,900.0,1157.64,1450.0,1157.64,1020.64,0.0,13.42,1034.77,847.36,187.40999999999997,22.116927870090635
2025-12-11,6,Mutton (Average Quality),1 Kg,1700.0,2100.99,2550.0,2100.99,1960.56,0.0,7.16,1965.06,1746.19,218.8699999999999,12.534145768788036
2025-12-11,7,Chicken Farm Broiler (Live),1 Kg,333.0,363.21,450.0,342.04,334.38,6.19,8.62,420.4,395.28,25.120000000000005,6.354988868650068
2025-12-11,8,Milk fresh (Un-boiled),1 Ltr,170.0,202.96,260.0,202.96,197.04,0.0,3.0,197.12,185.03,12.090000000000003,6.534075555315354
2025-12-11,9,Curd (Dahi) Loose,1 Kg,180.0,238.55,360.0,238.55,231.06,0.0,3.24,230.31,215.67,14.640000000000015,6.788148560300456
2025-12-11,10,Powdered Milk NIDO 390 gm Polybag,Each,1080.0,1132.84,1180.0,1128.41,1034.92,0.39,9.46,1034.91,819.69,215.22000000000003,26.256267613366035
2025-12-11,11,Eggs Hen (Farm),1 Dozen,330.0,357.51,380.0,354.22,347.69,0.93,2.82,290.19,298.22,-8.03000000000003,-2.6926430152236662
2025-12-11,12,Mustard Oil (Average Quality),1 Kg,440.0,539.95,680.0,539.95,565.08,0.0,-4.45,534.48,508.77,25.710000000000036,5.053363995518609
2025-12-11,13,"Cooking Oil DALDA or Other Similar Brand (SN), 5 Litre Tin",Each,2850.0,3017.85,3110.0,2996.25,2796.4,0.72,7.92,2800.37,2810.06,-9.690000000000055,-0.3448324946798209
2025-12-11,14,Vegetable Ghee DALDA/HABIB 2.5 kg Tin,Each,1400.0,1523.63,1588.54,1513.03,1438.2,0.7,5.94,1408.25,1345.28,62.97000000000003,4.680809942911509
2025-12-11,15,Vegetable Ghee DALDA/HABIB or Other superior Quality 1 kg Pouch,Each,560.0,588.66,592.0,588.12,566.47,0.09,3.92,550.39,518.25,32.139999999999986,6.201640135069937
2025-12-11,16,Bananas (Kela) Local,1 Dozen,70.0,129.94,260.0,131.27,120.55,-1.01,7.79,149.78,136.52,13.259999999999991,9.712862584236731
2025-12-11,17,Pulse Masoor (Washed),1 Kg,240.0,285.38,340.0,285.67,300.26,-0.1,-4.96,303.7,320.39,-16.689999999999998,-5.209276194637781
2025-12-11,18,Pulse Moong (Washed),1 Kg,330.0,380.8,470.0,379.39,387.69,0.37,-1.78,377.95,292.91,85.03999999999996,29.032808712573797
2025-12-11,19,Pulse Mash (Washed),1 Kg,380.0,440.3,530.0,440.46,508.04,-0.04,-13.33,507.5,530.09,-22.590000000000032,-4.261540493123817
2025-12-11,20,Pulse Gram,1 Kg,230.0,270.32,350.0,271.3,380.44,-0.36,-28.95,348.88,251.64,97.24000000000001,38.64250516611031
2025-12-11,21,Potatoes,1 Kg,40.0,69.15,140.0,70.35,120.45,-1.71,-42.59,85.66,82.44,3.219999999999999,3.9058709364386175
2025-12-11,22,Onions,1 Kg,70.0,102.32,160.0,106.67,146.66,-4.08,-30.23,96.52,128.06,-31.540000000000006,-24.629080118694375
2025-12-11,23,Tomatoes,1 Kg,40.0,79.95,150.0,95.38,134.94,-16.18,-40.75,100.95,110.14,-9.189999999999998,-8.34392591247503
2025-12-11,24,Sugar Refined,1 Kg,160.0,174.68,210.0,183.7,134.08,-4.91,30.28,151.12,146.05,5.069999999999993,3.4714138993495283
2025-12-11,25,Gur (Average Quality),1 Kg,200.0,237.74,300.0,237.92,206.81,-0.08,14.96,213.8,210.53,3.2700000000000102,1.5532228186006876
2025-12-11,26,Salt Powdered (NATIONAL/SHAN) 800 gm Packet,Each,60.0,67.83,80.0,67.83,71.46,0.0,-5.08,71.51,65.72,5.790000000000006,8.810103469263538
2025-12-11,27,Chilies Powder NATIONAL 200 gm Packet,Each,320.0,322.29,340.0,322.29,320.0,0.0,0.72,321.81,374.34,-52.52999999999997,-14.03269754768391
2025-12-11,28,Garlic (Lehsun),1 Kg,280.0,424.87,700.0,424.4,679.31,0.11,-37.46,538.57,518.54,20.030000000000086,3.862768542446119
2025-12-11,29,Tea Lipton Yellow Label 190 gm Packet,Each,447.0,447.06,447.5,447.06,543.78,0.0,-17.79,509.02,556.48,-47.460000000000036,-8.528608395629675
2025-12-11,30,Cooked Beef at Average Hotel,Per Plate,200.0,315.49,450.0,315.49,298.6,0.0,5.66,297.24,272.13,25.110000000000014,9.227207584610312
2025-12-11,31,Cooked Daal at Average Hotel,Per Plate,120.0,167.79,260.0,167.79,161.88,0.0,3.65,160.91,140.93,19.97999999999999,14.177251117576077
2025-12-11,32,Tea Prepared Ordinary,Per Cup,50.0,63.0,80.0,62.65,61.03,0.56,3.23,60.95,56.87,4.080000000000005,7.174257077545292
2025-12-11,33,Cigarettes Capstan 20'S Packet,Each,230.0,244.43,260.0,244.43,232.88,0.0,4.96,234.79,222.49,12.299999999999983,5.528338352285473
2025-12-11,34,"Long Cloth 57"" Gul Ahmed/Al Karam",1 mtr,400.0,660.47,800.0,660.47,617.0,0.0,7.05,625.57,568.18,57.3900000000001,10.10067232215144
2025-12-11,35,Shirting (Average Quality),1 mtr,220.0,506.6,900.0,506.6,476.44,0.0,6.33,480.39,415.53,64.86000000000001,15.608981300989115
2025-12-11,36,Lawn Printed Gul Ahmed/Al Karam,1 mtr,400.0,662.54,820.0,662.54,611.82,0.0,8.29,622.49,560.31,62.180000000000064,11.097428209384105
2025-12-11,37,Georgette (Average Quality),1 mtr,200.0,306.83,450.0,306.83,291.97,0.0,5.09,292.81,261.61,31.19999999999999,11.92614961201788
2025-12-11,38,Gents Sandal Bata,Pair,2499.0,2499.0,2499.0,2499.0,2499.0,0.0,0.0,2499.0,2298.72,200.2800000000002,8.71267487993319
2025-12-11,39,Gents Sponge Chappal Bata,Pair,599.0,599.0,599.0,599.0,599.0,0.0,0.0,599.0,599.0,0.0,0.0
2025-12-11,40,Ladies Sandal Bata,Pair,1399.0,1399.0,1399.0,1399.0,1399.0,0.0,0.0,1185.21,822.91,362.30000000000007,44.026685785808894
2025-12-11,41,Electricity Charges for Q1*,Per Unit,6.0,6.0,6.0,6.0,6.55,0.0,-8.4,5.99,7.28,-1.29,-17.71978021978022
2025-12-11,42,Gas Charges for Q1,MMBTU,2566.5,2566.5,2566.5,2566.5,1976.5,0.0,29.85,1976.5,944.61,1031.8899999999999,109.23979208350536
2025-12-11,43,Firewood Whole,40 Kg,1000.0,1432.18,2350.0,1430.97,1268.95,0.08,12.86,1273.03,1141.76,131.26999999999998,11.497162275784746
2025-12-11,44,Energy Saver Philips 14 Watt,Each,240.0,397.24,575.0,397.24,380.86,0.0,4.3,380.66,352.01,28.650000000000034,8.138973324621475
2025-12-11,45,Sufi Washing Soap 250 gm Cake,Each,125.0,133.51,150.0,133.24,131.22,0.2,1.75,130.71,129.09,1.6200000000000045,1.2549384150592573
2025-12-11,46,Match Box,Each,5.0,6.24,7.0,6.24,6.24,0.0,0.0,6.22,5.93,0.29000000000000004,4.890387858347395
2025-12-11,47,Petrol Super,Per Litre,264.2,265.19,267.26,265.19,253.26,0.0,4.71,256.66,281.33,-24.66999999999996,-8.769061244801463
2025-12-11,48,Hi-Speed Diesel,Per Litre,280.56,281.42,283.4,281.42,259.57,0.0,8.42,261.39,286.64,-25.25,-8.808958972927712
2025-12-11,49,LPG 11.67 kg Cylinder,Each,3034.2,3471.28,3850.0,3473.94,3447.28,-0.08,0.7,3235.35,3085.07,150.27999999999975,4.871202274178543
2025-12-11,50,Telephone Call Charges,Per Minute,1.79,1.79,1.79,1.79,1.79,0.0,0.0,1.79,1.79,0.0,0.0
2025-12-11,51,Toilet Soap LIFEBUOY 115 gm,Each,110.0,115.66,118.6,115.66,104.55,0.0,10.63,108.15,109.79,-1.6400000000000006,-1.4937608161034746
2025-12-18,1,Wheat Flour Bag,20 Kg,1810.0,2202.41,2666.67,2202.31,1797.53,0.0,22.52,1742.07,2575.18,-833.1099999999999,-32.35152494194581
2025-12-18,2,Rice Basmati Broken (Average Quality),1 Kg,140.0,214.81,300.0,214.81,203.64,0.0,5.49,205.37,222.46,-17.090000000000003,-7.6822799604423295
2025-12-18,3,Rice IRRI-6/9 (Sindh/Punjab),1 Kg,110.0,156.51,200.0,156.75,159.85,-0.15,-2.09,159.01,165.12,-6.110000000000014,-3.70033914728684
2025-12-18,4,Bread plain (Small Size),Each,100.0,111.36,130.0,111.36,108.83,0.0,2.32,109.13,113.6,-4.469999999999999,-3.9348591549295833
2025-12-18,5,Beef with Bone (Average Quality),1 Kg,900.0,1160.31,1450.0,1157.64,1020.86,0.23,13.66,1034.77,847.36,187.40999999999997,22.116927870090635
2025-12-18,6,Mutton (Average Quality),1 Kg,1700.0,2104.72,2550.0,2100.99,1960.56,0.18,7.35,1965.06,1746.19,218.8699999999999,12.534145768788036
2025-12-18,7,Chicken Farm Broiler (Live),1 Kg,358.0,403.55,500.0,363.21,334.13,11.11,20.78,420.4,395.28,25.120000000000005,6.354988868650068
2025-12-18,8,Milk fresh (Un-boiled),1 Ltr,170.0,203.09,260.0,202.96,197.04,0.06,3.07,197.12,185.03,12.090000000000003,6.534075555315354
2025-12-18,9,Curd (Dahi) Loose,1 Kg,180.0,239.21,360.0,238.55,231.06,0.28,3.53,230.31,215.67,14.640000000000015,6.788148560300456
2025-12-18,10,Powdered Milk NIDO 390 gm Polybag,Each,1080.0,1133.23,1180.0,1132.84,1034.92,0.03,9.5,1034.91,819.69,215.22000000000003,26.256267613366035
2025-12-18,11,Eggs Hen (Farm),1 Dozen,350.0,367.82,390.0,357.51,338.24,2.88,8.75,290.19,298.22,-8.03000000000003,-2.6926430152236662
2025-12-18,12,Mustard Oil (Average Quality),1 Kg,450.0,541.28,680.0,539.95,569.25,0.25,-4.91,534.48,508.77,25.710000000000036,5.053363995518609
2025-12-18,13,"Cooking Oil DALDA or Other Similar Brand (SN), 5 Litre Tin",Each,2850.0,3027.51,3110.0,3017.85,2818.47,0.32,7.42,2800.37,2810.06,-9.690000000000055,-0.3448324946798209
2025-12-18,14,Vegetable Ghee DALDA/HABIB 2.5 kg Tin,Each,1400.0,1525.08,1588.54,1523.63,1451.86,0.1,5.04,1408.25,1345.28,62.97000000000003,4.680809942911509
2025-12-18,15,Vegetable Ghee DALDA/HABIB or Other superior Quality 1 kg Pouch,Each,560.0,589.53,592.0,588.66,567.87,0.15,3.81,550.39,518.25,32.139999999999986,6.201640135069937
2025-12-18,16,Bananas (Kela) Local,1 Dozen,80.0,129.25,260.0,129.94,119.87,-0.53,7.83,149.78,136.52,13.259999999999991,9.712862584236731
2025-12-18,17,Pulse Masoor (Washed),1 Kg,240.0,282.6,340.0,285.38,299.87,-0.97,-5.76,303.7,320.39,-16.689999999999998,-5.209276194637781
2025-12-18,18,Pulse Moong (Washed),1 Kg,340.0,381.97,470.0,380.8,386.63,0.31,-1.21,377.95,292.91,85.03999999999996,29.032808712573797
2025-12-18,19,Pulse Mash (Washed),1 Kg,360.0,434.64,530.0,440.3,506.75,-1.29,-14.23,507.5,530.09,-22.590000000000032,-4.261540493123817
2025-12-18,20,Pulse Gram,1 Kg,230.0,267.66,350.0,270.32,376.71,-0.98,-28.95,348.88,251.64,97.24000000000001,38.64250516611031
2025-12-18,21,Potatoes,1 Kg,40.0,63.35,100.0,69.15,115.84,-8.39,-45.31,85.66,82.44,3.219999999999999,3.9058709364386175
2025-12-18,22,Onions,1 Kg,60.0,98.72,150.0,102.32,140.56,-3.52,-29.77,96.52,128.06,-31.540000000000006,-24.629080118694375
2025-12-18,23,Tomatoes,1 Kg,35.0,70.85,140.0,79.95,211.4,-11.38,-66.49,100.95,110.14,-9.189999999999998,-8.34392591247503
2025-12-18,24,Sugar Refined,1 Kg,155.0,166.78,198.0,174.68,134.39,-4.52,24.1,151.12,146.05,5.069999999999993,3.4714138993495283
2025-12-18,25,Gur (Average Quality),1 Kg,190.0,235.25,290.0,237.74,207.39,-1.05,13.43,213.8,210.53,3.2700000000000102,1.5532228186006876
2025-12-18,26,Salt Powdered (NATIONAL/SHAN) 800 gm Packet,Each,60.0,67.07,80.0,67.83,71.46,-1.12,-6.14,71.51,65.72,5.790000000000006,8.810103469263538
2025-12-18,27,Chilies Powder NATIONAL 200 gm Packet,Each,320.0,332.21,380.0,322.29,320.0,3.08,3.82,321.81,374.34,-52.52999999999997,-14.03269754768391
2025-12-18,28,Garlic (Lehsun),1 Kg,280.0,419.52,700.0,424.87,688.85,-1.26,-39.1,538.57,518.54,20.030000000000086,3.862768542446119
2025-12-18,29,Tea Lipton Yellow Label 190 gm Packet,Each,447.0,447.06,447.5,447.06,543.78,0.0,-17.79,509.02,556.48,-47.460000000000036,-8.528608395629675
2025-12-18,30,Cooked Beef at Average Hotel,Per Plate,200.0,315.49,450.0,315.49,298.6,0.0,5.66,297.24,272.13,25.110000000000014,9.227207584610312
2025-12-18,31,Cooked Daal at Average Hotel,Per Plate,120.0,167.79,260.0,167.79,162.2,0.0,3.45,160.91,140.93,19.97999999999999,14.177251117576077
2025-12-18,32,Tea Prepared Ordinary,Per Cup,50.0,63.0,80.0,63.0,61.03,0.0,3.23,60.95,56.87,4.080000000000005,7.174257077545292
2025-12-18,33,Cigarettes Capstan 20'S Packet,Each,230.0,244.43,260.0,244.43,232.88,0.0,4.96,234.79,222.49,12.299999999999983,5.528338352285473
2025-12-18,34,"Long Cloth 57"" Gul Ahmed/Al Karam",1 mtr,400.0,660.47,800.0,660.47,617.61,0.0,6.94,625.57,568.18,57.3900000000001,10.10067232215144
2025-12-18,35,Shirting (Average Quality),1 mtr,220.0,514.9,900.0,506.6,476.44,1.64,8.07,480.39,415.53,64.86000000000001,15.608981300989115
2025-12-18,36,Lawn Printed Gul Ahmed/Al Karam,1 mtr,400.0,662.54,820.0,662.54,611.82,0.0,8.29,622.49,560.31,62.180000000000064,11.097428209384105
2025-12-18,37,Georgette (Average Quality),1 mtr,200.0,306.83,450.0,306.83,292.34,0.0,4.96,292.81,261.61,31.19999999999999,11.92614961201788
2025-12-18,38,Gents Sandal Bata,Pair,2499.0,2499.0,2499.0,2499.0,2499.0,0.0,0.0,2499.0,2298.72,200.2800000000002,8.71267487993319
2025-12-18,39,Gents Sponge Chappal Bata,Pair,599.0,599.0,599.0,599.0,599.0,0.0,0.0,599.0,599.0,0.0,0.0
2025-12-18,40,Ladies Sandal Bata,Pair,1399.0,1399.0,1399.0,1399.0,1399.0,0.0,0.0,1185.21,822.91,362.30000000000007,44.026685785808894
2025-12-18,41,Electricity Charges for Q1*,Per Unit,6.0,6.0,6.0,6.0,6.55,0.0,-8.4,5.99,7.28,-1.29,-17.71978021978022
2025-12-18,42,Gas Charges for Q1,MMBTU,2566.5,2566.5,2566.5,2566.5,1976.5,0.0,29.85,1976.5,944.61,1031.8899999999999,109.23979208350536
2025-12-18,43,Firewood Whole,40 Kg,1000.0,1444.53,2350.0,1432.18,1288.85,0.86,12.08,1273.03,1141.76,131.26999999999998,11.497162275784746
2025-12-18,44,Energy Saver Philips 14 Watt,Each,240.0,398.48,580.0,397.24,380.86,0.31,4.63,380.66,352.01,28.650000000000034,8.138973324621475
2025-12-18,45,Sufi Washing Soap 250 gm Cake,Each,125.0,133.51,150.0,133.51,131.22,0.0,1.75,130.71,129.09,1.6200000000000045,1.2549384150592573
2025-12-18,46,Match Box,Each,5.0,6.24,7.0,6.24,6.24,0.0,0.0,6.22,5.93,0.29000000000000004,4.890387858347395
2025-12-18,47,Petrol Super,Per Litre,264.2,265.19,267.26,265.19,253.26,0.0,4.71,256.66,281.33,-24.66999999999996,-8.769061244801463
2025-12-18,48,Hi-Speed Diesel,Per Litre,266.41,267.34,269.4,281.42,256.53,-5.0,4.21,261.39,286.64,-25.25,-8.808958972927712
2025-12-18,49,LPG 11.67 kg Cylinder,Each,3034.2,3466.57,3850.0,3471.28,3471.89,-0.14,-0.15,3235.35,3085.07,150.27999999999975,4.871202274178543
2025-12-18,50,Telephone Call Charges,Per Minute,1.79,1.79,1.79,1.79,1.79,0.0,0.0,1.79,1.79,0.0,0.0
2025-12-18,51,Toilet Soap LIFEBUOY 115 gm,Each,110.0,115.79,118.6,115.66,104.89,0.11,10.39,108.15,109.79,-1.6400000000000006,-1.4937608161034746
2025-12-24,1,Wheat Flour Bag,20 Kg,1810.0,2199.85,2650.0,2202.41,1794.93,-0.12,22.56,1742.07,2575.18,-833.1099999999999,-32.35152494194581
2025-12-24,2,Rice Basmati Broken (Average Quality),1 Kg,140.0,214.45,300.0,214.81,203.34,-0.17,5.46,205.37,222.46,-17.090000000000003,-7.6822799604423295
2025-12-24,3,Rice IRRI-6/9 (Sindh/Punjab),1 Kg,110.0,156.51,200.0,156.51,159.05,0.0,-1.6,159.01,165.12,-6.110000000000014,-3.70033914728684
2025-12-24,4,Bread plain (Small Size),Each,100.0,111.36,130.0,111.36,108.83,0.0,2.32,109.13,113.6,-4.469999999999999,-3.9348591549295833
2025-12-24,5,Beef with Bone (Average Quality),1 Kg,900.0,1160.46,1450.0,1160.31,1026.85,0.01,13.01,1034.77,847.36,187.40999999999997,22.116927870090635
2025-12-24,6,Mutton (Average Quality),1 Kg,1700.0,2109.44,2550.0,2104.72,1963.52,0.22,7.43,1965.06,1746.19,218.8699999999999,12.534145768788036
2025-12-24,7,Chicken Farm Broiler (Live),1 Kg,388.0,424.89,520.0,403.55,409.22,5.29,3.83,420.4,395.28,25.120000000000005,6.354988868650068
2025-12-24,8,Milk fresh (Un-boiled),1 Ltr,170.0,203.51,260.0,203.09,197.04,0.21,3.28,197.12,185.03,12.090000000000003,6.534075555315354
2025-12-24,9,Curd (Dahi) Loose,1 Kg,180.0,239.21,360.0,239.21,231.06,0.0,3.53,230.31,215.67,14.640000000000015,6.788148560300456
2025-12-24,10,Powdered Milk NIDO 390 gm Polybag,Each,1080.0,1133.3,1180.0,1133.23,1034.92,0.01,9.51,1034.91,819.69,215.22000000000003,26.256267613366035
2025-12-24,11,Eggs Hen (Farm),1 Dozen,350.0,369.96,400.0,367.82,337.22,0.58,9.71,290.19,298.22,-8.03000000000003,-2.6926430152236662
2025-12-24,12,Mustard Oil (Average Quality),1 Kg,460.0,541.83,680.0,541.28,573.17,0.1,-5.47,534.48,508.77,25.710000000000036,5.053363995518609
2025-12-24,13,"Cooking Oil DALDA or Other Similar Brand (SN), 5 Litre Tin",Each,2850.0,3027.51,3110.0,3027.51,2839.23,0.0,6.63,2800.37,2810.06,-9.690000000000055,-0.3448324946798209
2025-12-24,14,Vegetable Ghee DALDA/HABIB 2.5 kg Tin,Each,1400.0,1533.55,1588.54,1525.08,1465.14,0.56,4.67,1408.25,1345.28,62.97000000000003,4.680809942911509
2025-12-24,15,Vegetable Ghee DALDA/HABIB or Other superior Quality 1 kg Pouch,Each,560.0,589.54,592.0,589.53,574.51,0.0,2.62,550.39,518.25,32.139999999999986,6.201640135069937
2025-12-24,16,Bananas (Kela) Local,1 Dozen,80.0,132.43,260.0,129.25,119.05,2.46,11.24,149.78,136.52,13.259999999999991,9.712862584236731
2025-12-24,17,Pulse Masoor (Washed),1 Kg,240.0,280.51,330.0,282.6,300.41,-0.74,-6.62,303.7,320.39,-16.689999999999998,-5.209276194637781
2025-12-24,18,Pulse Moong (Washed),1 Kg,340.0,383.82,470.0,381.97,387.88,0.48,-1.05,377.95,292.91,85.03999999999996,29.032808712573797
2025-12-24,19,Pulse Mash (Washed),1 Kg,360.0,434.54,530.0,434.64,500.26,-0.02,-13.14,507.5,530.09,-22.590000000000032,-4.261540493123817
2025-12-24,20,Pulse Gram,1 Kg,220.0,262.94,350.0,267.66,373.79,-1.76,-29.66,348.88,251.64,97.24000000000001,38.64250516611031
2025-12-24,21,Potatoes,1 Kg,30.0,56.78,100.0,63.35,113.08,-10.37,-49.79,85.66,82.44,3.219999999999999,3.9058709364386175
2025-12-24,22,Onions,1 Kg,60.0,91.39,140.0,98.72,129.13,-7.43,-29.23,96.52,128.06,-31.540000000000006,-24.629080118694375
2025-12-24,23,Tomatoes,1 Kg,30.0,64.02,130.0,70.85,255.27,-9.64,-74.92,100.95,110.14,-9.189999999999998,-8.34392591247503
2025-12-24,24,Sugar Refined,1 Kg,146.0,159.74,190.0,166.78,137.33,-4.22,16.32,151.12,146.05,5.069999999999993,3.4714138993495283
2025-12-24,25,Gur (Average Quality),1 Kg,180.0,234.1,290.0,235.25,208.16,-0.49,12.46,213.8,210.53,3.2700000000000102,1.5532228186006876
2025-12-24,26,Salt Powdered (NATIONAL/SHAN) 800 gm Packet,Each,60.0,67.07,80.0,67.07,71.46,0.0,-6.14,71.51,65.72,5.790000000000006,8.810103469263538
2025-12-24,27,Chilies Powder NATIONAL 200 gm Packet,Each,320.0,352.99,380.0,332.21,320.0,6.26,10.31,321.81,374.34,-52.52999999999997,-14.03269754768391
2025-12-24,28,Garlic (Lehsun),1 Kg,280.0,425.81,700.0,419.52,688.64,1.5,-38.17,538.57,518.54,20.030000000000086,3.862768542446119
2025-12-24,29,Tea Lipton Yellow Label 190 gm Packet,Each,447.0,447.06,447.5,447.06,543.78,0.0,-17.79,509.02,556.48,-47.460000000000036,-8.528608395629675
2025-12-24,30,Cooked Beef at Average Hotel,Per Plate,200.0,315.49,450.0,315.49,300.67,0.0,4.93,297.24,272.13,25.110000000000014,9.227207584610312
2025-12-24,31,Cooked Daal at Average Hotel,Per Plate,120.0,167.79,260.0,167.79,162.24,0.0,3.42,160.91,140.93,19.97999999999999,14.177251117576077
2025-12-24,32,Tea Prepared Ordinary,Per Cup,50.0,63.0,80.0,63.0,61.03,0.0,3.23,60.95,56.87,4.080000000000005,7.174257077545292
2025-12-24,33,Cigarettes Capstan 20'S Packet,Each,230.0,244.43,260.0,244.43,232.88,0.0,4.96,234.79,222.49,12.299999999999983,5.528338352285473
2025-12-24,34,"Long Cloth 57"" Gul Ahmed/Al Karam",1 mtr,400.0,660.47,800.0,660.47,617.61,0.0,6.94,625.57,568.18,57.3900000000001,10.10067232215144
2025-12-24,35,Shirting (Average Quality),1 mtr,220.0,514.9,900.0,514.9,476.44,0.0,8.07,480.39,415.53,64.86000000000001,15.608981300989115
2025-12-24,36,Lawn Printed Gul Ahmed/Al Karam,1 mtr,400.0,662.54,820.0,662.54,611.82,0.0,8.29,622.49,560.31,62.180000000000064,11.097428209384105
2025-12-24,37,Georgette (Average Quality),1 mtr,200.0,306.83,450.0,306.83,292.34,0.0,4.96,292.81,261.61,31.19999999999999,11.92614961201788
2025-12-24,38,Gents Sandal Bata,Pair,2499.0,2499.0,2499.0,2499.0,2499.0,0.0,0.0,2499.0,2298.72,200.2800000000002,8.71267487993319
2025-12-24,39,Gents Sponge Chappal Bata,Pair,599.0,599.0,599.0,599.0,599.0,0.0,0.0,599.0,599.0,0.0,0.0
2025-12-24,40,Ladies Sandal Bata,Pair,1399.0,1399.0,1399.0,1399.0,1399.0,0.0,0.0,1185.21,822.91,362.30000000000007,44.026685785808894
2025-12-24,41,Electricity Charges for Q1*,Per Unit,6.1,6.1,6.1,6.0,6.55,1.67,-6.87,5.99,7.28,-1.29,-17.71978021978022
2025-12-24,42,Gas Charges for Q1,MMBTU,2566.5,2566.5,2566.5,2566.5,1976.5,0.0,29.85,1976.5,944.61,1031.8899999999999,109.23979208350536
2025-12-24,43,Firewood Whole,40 Kg,1000.0,1444.53,2350.0,1444.53,1301.12,0.0,11.02,1273.03,1141.76,131.26999999999998,11.497162275784746
2025-12-24,44,Energy Saver Philips 14 Watt,Each,240.0,398.48,580.0,398.48,380.86,0.0,4.63,380.66,352.01,28.650000000000034,8.138973324621475
2025-12-24,45,Sufi Washing Soap 250 gm Cake,Each,125.0,133.51,150.0,133.51,131.34,0.0,1.65,130.71,129.09,1.6200000000000045,1.2549384150592573
2025-12-24,46,Match Box,Each,5.0,6.24,7.0,6.24,6.24,0.0,0.0,6.22,5.93,0.29000000000000004,4.890387858347395
2025-12-24,47,Petrol Super,Per Litre,264.2,265.19,267.26,265.19,253.26,0.0,4.71,256.66,281.33,-24.66999999999996,-8.769061244801463
2025-12-24,48,Hi-Speed Diesel,Per Litre,266.41,267.34,269.4,267.34,256.53,0.0,4.21,261.39,286.64,-25.25,-8.808958972927712
2025-12-24,49,LPG 11.67 kg Cylinder,Each,3034.2,3439.56,3850.0,3466.57,3478.13,-0.78,-1.11,3235.35,3085.07,150.27999999999975,4.871202274178543
2025-12-24,50,Telephone Call Charges,Per Minute,1.79,1.79,1.79,1.79,1.79,0.0,0.0,1.79,1.79,0.0,0.0
2025-12-24,51,Toilet Soap LIFEBUOY 115 gm,Each,110.0,115.79,118.6,115.79,104.89,0.0,10.39,108.15,109.79,-1.6400000000000006,-1.4937608161034746
2026-02-26,1,Wheat Flour Bag,20 Kg,1810.0,2275.92,2900.0,2308.03,1757.27,-1.39,29.51,1742.07,2575.18,-833.1099999999999,-32.35152494194581
2026-02-26,2,Rice Basmati Broken (Average Quality),1 Kg,140.0,215.83,300.0,216.26,205.93,-0.2,4.81,205.37,222.46,-17.090000000000003,-7.6822799604423295
2026-02-26,3,Rice IRRI-6/9 (Sindh/Punjab),1 Kg,110.0,155.17,200.0,155.47,158.21,-0.19,-1.92,159.01,165.12,-6.110000000000014,-3.70033914728684
2026-02-26,4,Bread plain (Small Size),Each,100.0,110.68,130.0,111.93,107.62,-1.12,2.84,109.13,113.6,-4.469999999999999,-3.9348591549295833
2026-02-26,5,Beef with Bone (Average Quality),1 Kg,1000.0,1184.09,1500.0,1181.16,1060.14,0.25,11.69,1034.77,847.36,187.40999999999997,22.116927870090635
2026-02-26,6,Mutton (Average Quality),1 Kg,1800.0,2167.32,2750.0,2153.81,1988.73,0.63,8.98,1965.06,1746.19,218.8699999999999,12.534145768788036
2026-02-26,7,Chicken Farm Broiler (Live),1 Kg,303.0,339.17,420.0,372.85,481.43,-9.03,-29.55,420.4,395.28,25.120000000000005,6.354988868650068
2026-02-26,8,Milk fresh (Un-boiled),1 Ltr,170.0,203.63,260.0,203.51,199.25,0.06,2.2,197.12,185.03,12.090000000000003,6.534075555315354
2026-02-26,9,Curd (Dahi) Loose,1 Kg,180.0,239.89,360.0,239.29,231.2,0.25,3.76,230.31,215.67,14.640000000000015,6.788148560300456
2026-02-26,10,Powdered Milk NIDO 390 gm Polybag,Each,1100.0,1141.72,1180.0,1138.74,1036.42,0.26,10.16,1034.91,819.69,215.22000000000003,26.256267613366035
2026-02-26,11,Eggs Hen (Farm),1 Dozen,210.0,239.91,320.0,248.43,286.37,-3.43,-16.22,290.19,298.22,-8.03000000000003,-2.6926430152236662
2026-02-26,12,Mustard Oil (Average Quality),1 Kg,460.0,552.67,720.0,552.96,558.92,-0.05,-1.12,534.48,508.77,25.710000000000036,5.053363995518609
2026-02-26,13,"Cooking Oil DALDA or Other Similar Brand (SN), 5 Litre Tin",Each,2850.0,2995.93,3110.0,2995.93,2931.75,0.0,2.19,2800.37,2810.06,-9.690000000000055,-0.3448324946798209
2026-02-26,14,Vegetable Ghee DALDA/HABIB 2.5 kg Tin,Each,1400.0,1513.26,1578.88,1513.26,1492.9,0.0,1.36,1408.25,1345.28,62.97000000000003,4.680809942911509
2026-02-26,15,Vegetable Ghee DALDA/HABIB or Other superior Quality 1 kg Pouch,Each,560.0,588.43,592.0,588.43,581.16,0.0,1.25,550.39,518.25,32.139999999999986,6.201640135069937
2026-02-26,16,Bananas (Kela) Local,1 Dozen,100.0,204.93,400.0,196.12,183.41,4.49,11.73,149.78,136.52,13.259999999999991,9.712862584236731
2026-02-26,17,Pulse Masoor (Washed),1 Kg,220.0,263.16,320.0,261.94,298.81,0.47,-11.93,303.7,320.39,-16.689999999999998,-5.209276194637781
2026-02-26,18,Pulse Moong (Washed),1 Kg,340.0,390.35,470.0,392.66,400.53,-0.59,-2.54,377.95,292.91,85.03999999999996,29.032808712573797
2026-02-26,19,Pulse Mash (Washed),1 Kg,400.0,460.48,540.0,458.64,477.77,0.4,-3.62,507.5,530.09,-22.590000000000032,-4.261540493123817
2026-02-26,20,Pulse Gram,1 Kg,210.0,250.39,340.0,252.37,328.33,-0.78,-23.74,348.88,251.64,97.24000000000001,38.64250516611031
2026-02-26,21,Potatoes,1 Kg,20.0,32.81,70.0,36.71,69.15,-10.62,-52.55,85.66,82.44,3.219999999999999,3.9058709364386175
2026-02-26,22,Onions,1 Kg,40.0,65.78,110.0,71.07,88.55,-7.44,-25.71,96.52,128.06,-31.540000000000006,-24.629080118694375
2026-02-26,23,Tomatoes,1 Kg,40.0,71.09,120.0,101.08,60.85,-29.67,16.83,100.95,110.14,-9.189999999999998,-8.34392591247503
2026-02-26,24,Sugar Refined,1 Kg,140.0,151.84,170.0,153.05,157.68,-0.79,-3.7,151.12,146.05,5.069999999999993,3.4714138993495283
2026-02-26,25,Gur (Average Quality),1 Kg,160.0,225.31,290.0,225.39,207.92,-0.04,8.36,213.8,210.53,3.2700000000000102,1.5532228186006876
2026-02-26,26,Salt Powdered (NATIONAL/SHAN) 800 gm Packet,Each,60.0,63.0,80.0,63.0,72.02,0.0,-12.52,71.51,65.72,5.790000000000006,8.810103469263538
2026-02-26,27,Chilies Powder NATIONAL 200 gm Packet,Each,320.0,368.65,380.0,368.65,320.0,0.0,15.2,321.81,374.34,-52.52999999999997,-14.03269754768391
2026-02-26,28,Garlic (Lehsun),1 Kg,310.0,517.59,760.0,513.41,701.14,0.81,-26.18,538.57,518.54,20.030000000000086,3.862768542446119
2026-02-26,29,Tea Lipton Yellow Label 190 gm Packet,Each,447.0,447.06,447.5,447.06,485.11,0.0,-7.84,509.02,556.48,-47.460000000000036,-8.528608395629675
2026-02-26,30,Cooked Beef at Average Hotel,Per Plate,200.0,316.13,450.0,316.13,300.67,0.0,5.14,297.24,272.13,25.110000000000014,9.227207584610312
2026-02-26,31,Cooked Daal at Average Hotel,Per Plate,120.0,168.08,260.0,168.08,163.53,0.0,2.78,160.91,140.93,19.97999999999999,14.177251117576077
2026-02-26,32,Tea Prepared Ordinary,Per Cup,50.0,63.46,80.0,63.46,61.37,0.0,3.41,60.95,56.87,4.080000000000005,7.174257077545292
2026-02-26,33,Cigarettes Capstan 20'S Packet,Each,240.0,245.33,260.0,245.33,236.43,0.0,3.76,234.79,222.49,12.299999999999983,5.528338352285473
2026-02-26,34,"Long Cloth 57"" Gul Ahmed/Al Karam",1 mtr,400.0,667.0,800.0,662.35,619.12,0.7,7.73,625.57,568.18,57.3900000000001,10.10067232215144
2026-02-26,35,Shirting (Average Quality),1 mtr,230.0,530.84,900.0,523.71,479.97,1.36,10.6,480.39,415.53,64.86000000000001,15.608981300989115
2026-02-26,36,Lawn Printed Gul Ahmed/Al Karam,1 mtr,400.0,665.52,820.0,662.62,611.82,0.44,8.78,622.49,560.31,62.180000000000064,11.097428209384105
2026-02-26,37,Georgette (Average Quality),1 mtr,200.0,309.01,450.0,309.01,293.97,0.0,5.12,292.81,261.61,31.19999999999999,11.92614961201788
2026-02-26,38,Gents Sandal Bata,Pair,2499.0,2499.0,2499.0,2499.0,2499.0,0.0,0.0,2499.0,2298.72,200.2800000000002,8.71267487993319
2026-02-26,39,Gents Sponge Chappal Bata,Pair,599.0,599.0,599.0,599.0,599.0,0.0,0.0,599.0,599.0,0.0,0.0
2026-02-26,40,Ladies Sandal Bata,Pair,1399.0,1399.0,1399.0,1399.0,1399.0,0.0,0.0,1185.21,822.91,362.30000000000007,44.026685785808894
2026-02-26,41,Electricity Charges for Q1*,Per Unit,7.04,7.04,7.04,7.04,6.0,0.0,17.33,5.99,7.28,-1.29,-17.71978021978022
2026-02-26,42,Gas Charges for Q1,MMBTU,2566.5,2566.5,2566.5,2566.5,1976.5,0.0,29.85,1976.5,944.61,1031.8899999999999,109.23979208350536
2026-02-26,43,Firewood Whole,40 Kg,1000.0,1473.46,2350.0,1473.46,1322.7,0.0,11.4,1273.03,1141.76,131.26999999999998,11.497162275784746
2026-02-26,44,Energy Saver Philips 14 Watt,Each,240.0,398.48,580.0,398.48,380.86,0.0,4.63,380.66,352.01,28.650000000000034,8.138973324621475
2026-02-26,45,Sufi Washing Soap 250 gm Cake,Each,125.0,133.51,150.0,133.51,132.0,0.0,1.14,130.71,129.09,1.6200000000000045,1.2549384150592573
2026-02-26,46,Match Box,Each,5.0,6.24,7.0,6.24,6.24,0.0,0.0,6.22,5.93,0.29000000000000004,4.890387858347395
2026-02-26,47,Petrol Super,Per Litre,258.17,259.78,261.87,259.78,257.38,0.0,0.93,256.66,281.33,-24.66999999999996,-8.769061244801463
2026-02-26,48,Hi-Speed Diesel,Per Litre,275.7,277.31,279.4,277.31,265.11,0.0,4.6,261.39,286.64,-25.25,-8.808958972927712
2026-02-26,49,LPG 11.67 kg Cylinder,Each,3150.9,3559.63,3968.0,3529.42,3133.51,0.86,13.6,3235.35,3085.07,150.27999999999975,4.871202274178543
2026-02-26,50,Telephone Call Charges,Per Minute,1.79,1.79,1.79,1.79,1.79,0.0,0.0,1.79,1.79,0.0,0.0
2026-02-26,51,Toilet Soap LIFEBUOY 115 gm,Each,110.0,115.79,118.6,115.79,108.6,0.0,6.62,108.15,109.79,-1.6400000000000006,-1.4937608161034746
2026-03-11,1,Wheat Flour Bag,20 Kg,1810.0,2249.91,2813.33,2221.39,1761.23,1.28,27.75,1742.07,2575.18,-833.1099999999999,-32.35152494194581
2026-03-11,2,Rice Basmati Broken (Average Quality),1 Kg,140.0,215.83,300.0,215.83,202.64,0.0,6.51,205.37,222.46,-17.090000000000003,-7.6822799604423295
2026-03-11,3,Rice IRRI-6/9 (Sindh/Punjab),1 Kg,110.0,154.87,200.0,155.17,158.15,-0.19,-2.07,159.01,165.12,-6.110000000000014,-3.70033914728684
2026-03-11,4,Bread plain (Small Size),Each,100.0,110.68,130.0,110.68,108.23,0.0,2.26,109.13,113.6,-4.469999999999999,-3.9348591549295833
2026-03-11,5,Beef with Bone (Average Quality),1 Kg,1000.0,1194.76,1500.0,1191.9,1066.76,0.24,12.0,1034.77,847.36,187.40999999999997,22.116927870090635
2026-03-11,6,Mutton (Average Quality),1 Kg,1800.0,2187.07,2750.0,2181.35,1995.29,0.26,9.61,1965.06,1746.19,218.8699999999999,12.534145768788036
2026-03-11,7,Chicken Farm Broiler (Live),1 Kg,348.0,377.13,450.0,374.65,509.11,0.66,-25.92,420.4,395.28,25.120000000000005,6.354988868650068
2026-03-11,8,Milk fresh (Un-boiled),1 Ltr,170.0,203.79,260.0,203.63,197.88,0.08,2.99,197.12,185.03,12.090000000000003,6.534075555315354
2026-03-11,9,Curd (Dahi) Loose,1 Kg,180.0,239.89,360.0,239.89,228.88,0.0,4.81,230.31,215.67,14.640000000000015,6.788148560300456
2026-03-11,10,Powdered Milk NIDO 390 gm Polybag,Each,1100.0,1141.72,1180.0,1141.72,1037.01,0.0,10.1,1034.91,819.69,215.22000000000003,26.256267613366035
2026-03-11,11,Eggs Hen (Farm),1 Dozen,190.0,220.35,270.0,220.4,289.04,-0.02,-23.76,290.19,298.22,-8.03000000000003,-2.6926430152236662
2026-03-11,12,Mustard Oil (Average Quality),1 Kg,450.0,553.08,720.0,553.97,556.6,-0.16,-0.63,534.48,508.77,25.710000000000036,5.053363995518609
2026-03-11,13,"Cooking Oil DALDA or Other Similar Brand (SN), 5 Litre Tin",Each,2850.0,2984.89,3110.0,2984.89,2924.27,0.0,2.07,2800.37,2810.06,-9.690000000000055,-0.3448324946798209
2026-03-11,14,Vegetable Ghee DALDA/HABIB 2.5 kg Tin,Each,1400.0,1510.5,1578.88,1510.5,1484.54,0.0,1.75,1408.25,1345.28,62.97000000000003,4.680809942911509
2026-03-11,15,Vegetable Ghee DALDA/HABIB or Other superior Quality 1 kg Pouch,Each,560.0,588.43,592.0,588.43,578.32,0.0,1.75,550.39,518.25,32.139999999999986,6.201640135069937
2026-03-11,16,Bananas (Kela) Local,1 Dozen,120.0,215.89,400.0,212.83,213.54,1.44,1.1,149.78,136.52,13.259999999999991,9.712862584236731
2026-03-11,17,Pulse Masoor (Washed),1 Kg,220.0,262.34,320.0,262.83,293.7,-0.19,-10.68,303.7,320.39,-16.689999999999998,-5.209276194637781
2026-03-11,18,Pulse Moong (Washed),1 Kg,340.0,388.22,460.0,388.68,396.72,-0.12,-2.14,377.95,292.91,85.03999999999996,29.032808712573797
2026-03-11,19,Pulse Mash (Washed),1 Kg,400.0,465.37,540.0,462.84,462.04,0.55,0.72,507.5,530.09,-22.590000000000032,-4.261540493123817
2026-03-11,20,Pulse Gram,1 Kg,210.0,249.4,340.0,249.15,310.83,0.1,-19.76,348.88,251.64,97.24000000000001,38.64250516611031
2026-03-11,21,Potatoes,1 Kg,20.0,30.25,70.0,31.14,62.91,-2.86,-51.92,85.66,82.44,3.219999999999999,3.9058709364386175
2026-03-11,22,Onions,1 Kg,40.0,67.73,120.0,61.78,69.63,9.63,-2.73,96.52,128.06,-31.540000000000006,-24.629080118694375
2026-03-11,23,Tomatoes,1 Kg,35.0,61.61,120.0,63.95,80.03,-3.66,-23.02,100.95,110.14,-9.189999999999998,-8.34392591247503
2026-03-11,24,Sugar Refined,1 Kg,140.0,151.24,170.0,151.37,171.9,-0.09,-12.02,151.12,146.05,5.069999999999993,3.4714138993495283
2026-03-11,25,Gur (Average Quality),1 Kg,160.0,225.99,290.0,225.99,211.01,0.0,7.1,213.8,210.53,3.2700000000000102,1.5532228186006876
2026-03-11,26,Salt Powdered (NATIONAL/SHAN) 800 gm Packet,Each,60.0,63.0,80.0,63.0,72.02,0.0,-12.52,71.51,65.72,5.790000000000006,8.810103469263538
2026-03-11,27,Chilies Powder NATIONAL 200 gm Packet,Each,320.0,368.65,380.0,368.65,320.0,0.0,15.2,321.81,374.34,-52.52999999999997,-14.03269754768391
2026-03-11,28,Garlic (Lehsun),1 Kg,320.0,521.76,800.0,523.96,638.27,-0.42,-18.25,538.57,518.54,20.030000000000086,3.862768542446119
2026-03-11,29,Tea Lipton Yellow Label 190 gm Packet,Each,447.0,447.06,447.5,447.06,458.18,0.0,-2.43,509.02,556.48,-47.460000000000036,-8.528608395629675
2026-03-11,30,Cooked Beef at Average Hotel,Per Plate,200.0,316.2,450.0,316.13,300.67,0.02,5.17,297.24,272.13,25.110000000000014,9.227207584610312
2026-03-11,31,Cooked Daal at Average Hotel,Per Plate,120.0,168.08,260.0,168.08,163.53,0.0,2.78,160.91,140.93,19.97999999999999,14.177251117576077
2026-03-11,32,Tea Prepared Ordinary,Per Cup,50.0,63.46,80.0,63.46,61.13,0.0,3.81,60.95,56.87,4.080000000000005,7.174257077545292
2026-03-11,33,Cigarettes Capstan 20'S Packet,Each,240.0,245.92,260.0,245.92,237.21,0.0,3.67,234.79,222.49,12.299999999999983,5.528338352285473
2026-03-11,34,"Long Cloth 57"" Gul Ahmed/Al Karam",1 mtr,400.0,667.0,800.0,667.0,620.18,0.0,7.55,625.57,568.18,57.3900000000001,10.10067232215144
2026-03-11,35,Shirting (Average Quality),1 mtr,230.0,530.84,900.0,530.84,480.05,0.0,10.58,480.39,415.53,64.86000000000001,15.608981300989115
2026-03-11,36,Lawn Printed Gul Ahmed/Al Karam,1 mtr,400.0,668.36,820.0,668.36,615.21,0.0,8.64,622.49,560.31,62.180000000000064,11.097428209384105
2026-03-11,37,Georgette (Average Quality),1 mtr,200.0,309.01,450.0,309.01,297.86,0.0,3.74,292.81,261.61,31.19999999999999,11.92614961201788
2026-03-11,38,Gents Sandal Bata,Pair,2499.0,2499.0,2499.0,2499.0,2499.0,0.0,0.0,2499.0,2298.72,200.2800000000002,8.71267487993319
2026-03-11,39,Gents Sponge Chappal Bata,Pair,599.0,599.0,599.0,599.0,599.0,0.0,0.0,599.0,599.0,0.0,0.0
2026-03-11,40,Ladies Sandal Bata,Pair,1399.0,1399.0,1399.0,1399.0,1399.0,0.0,0.0,1185.21,822.91,362.30000000000007,44.026685785808894
2026-03-11,41,Electricity Charges for Q1*,Per Unit,7.04,7.04,7.04,7.04,6.0,0.0,17.33,5.99,7.28,-1.29,-17.71978021978022
2026-03-11,42,Gas Charges for Q1,MMBTU,2566.5,2566.5,2566.5,2566.5,1976.5,0.0,29.85,1976.5,944.61,1031.8899999999999,109.23979208350536
2026-03-11,43,Firewood Whole,40 Kg,1000.0,1479.06,2350.0,1473.46,1322.7,0.38,11.82,1273.03,1141.76,131.26999999999998,11.497162275784746
2026-03-11,44,Energy Saver Philips 14 Watt,Each,240.0,398.48,580.0,398.48,380.86,0.0,4.63,380.66,352.01,28.650000000000034,8.138973324621475
2026-03-11,45,Sufi Washing Soap 250 gm Cake,Each,125.0,133.51,150.0,133.51,132.0,0.0,1.14,130.71,129.09,1.6200000000000045,1.2549384150592573
2026-03-11,46,Match Box,Each,5.0,6.24,7.0,6.24,6.24,0.0,0.0,6.22,5.93,0.29000000000000004,4.890387858347395
2026-03-11,47,Petrol Super,Per Litre,321.17,322.9,324.95,267.74,256.77,20.6,25.75,256.66,281.33,-24.66999999999996,-8.769061244801463
2026-03-11,48,Hi-Speed Diesel,Per Litre,335.86,337.6,339.7,282.42,259.82,19.54,29.94,261.39,286.64,-25.25,-8.808958972927712
2026-03-11,49,LPG 11.67 kg Cylinder,Each,3800.0,4215.56,4668.0,3759.44,3262.51,12.13,29.21,3235.35,3085.07,150.27999999999975,4.871202274178543
2026-03-11,50,Telephone Call Charges,Per Minute,1.79,1.79,1.79,1.79,1.79,0.0,0.0,1.79,1.79,0.0,0.0
2026-03-11,51,Toilet Soap LIFEBUOY 115 gm,Each,110.0,115.79,118.6,115.79,108.6,0.0,6.62,108.15,109.79,-1.6400000000000006,-1.4937608161034746
2026-03-26,1,Wheat Flour Bag,20 Kg,1810.0,2204.03,2740.0,2226.3,1752.55,-1.0,25.76,1742.07,2575.18,-833.1099999999999,-32.35152494194581
2026-03-26,2,Rice Basmati Broken (Average Quality),1 Kg,140.0,215.83,300.0,215.83,202.64,0.0,6.51,205.37,222.46,-17.090000000000003,-7.6822799604423295
2026-03-26,3,Rice IRRI-6/9 (Sindh/Punjab),1 Kg,110.0,154.6,200.0,154.87,158.06,-0.17,-2.19,159.01,165.12,-6.110000000000014,-3.70033914728684
2026-03-26,4,Bread plain (Small Size),Each,100.0,111.87,130.0,111.87,108.83,0.0,2.79,109.13,113.6,-4.469999999999999,-3.9348591549295833
2026-03-26,5,Beef with Bone (Average Quality),1 Kg,1000.0,1212.97,1550.0,1194.76,1072.64,1.52,13.08,1034.77,847.36,187.40999999999997,22.116927870090635
2026-03-26,6,Mutton (Average Quality),1 Kg,1800.0,2242.89,2800.0,2187.07,1995.29,2.55,12.41,1965.06,1746.19,218.8699999999999,12.534145768788036
2026-03-26,7,Chicken Farm Broiler (Live),1 Kg,378.0,440.01,530.0,404.79,499.67,8.7,-11.94,420.4,395.28,25.120000000000005,6.354988868650068
2026-03-26,8,Milk fresh (Un-boiled),1 Ltr,170.0,203.79,260.0,203.79,197.88,0.0,2.99,197.12,185.03,12.090000000000003,6.534075555315354
2026-03-26,9,Curd (Dahi) Loose,1 Kg,180.0,239.96,360.0,239.91,229.42,0.02,4.59,230.31,215.67,14.640000000000015,6.788148560300456
2026-03-26,10,Powdered Milk NIDO 390 gm Polybag,Each,1100.0,1141.72,1180.0,1141.72,1037.01,0.0,10.1,1034.91,819.69,215.22000000000003,26.256267613366035
2026-03-26,11,Eggs Hen (Farm),1 Dozen,205.0,228.86,260.0,221.03,264.97,3.54,-13.63,290.19,298.22,-8.03000000000003,-2.6926430152236662
2026-03-26,12,Mustard Oil (Average Quality),1 Kg,440.0,558.26,720.0,555.37,552.53,0.52,1.04,534.48,508.77,25.710000000000036,5.053363995518609
2026-03-26,13,"Cooking Oil DALDA or Other Similar Brand (SN), 5 Litre Tin",Each,2850.0,2985.78,3110.0,2984.89,2919.73,0.03,2.26,2800.37,2810.06,-9.690000000000055,-0.3448324946798209
2026-03-26,14,Vegetable Ghee DALDA/HABIB 2.5 kg Tin,Each,1500.0,1517.23,1578.88,1510.5,1485.98,0.45,2.1,1408.25,1345.28,62.97000000000003,4.680809942911509
2026-03-26,15,Vegetable Ghee DALDA/HABIB or Other superior Quality 1 kg Pouch,Each,590.0,590.35,592.0,588.43,578.32,0.33,2.08,550.39,518.25,32.139999999999986,6.201640135069937
2026-03-26,16,Bananas (Kela) Local,1 Dozen,120.0,205.31,360.0,214.98,207.39,-4.5,-1.0,149.78,136.52,13.259999999999991,9.712862584236731
2026-03-26,17,Pulse Masoor (Washed),1 Kg,220.0,259.9,320.0,258.83,294.06,0.41,-11.62,303.7,320.39,-16.689999999999998,-5.209276194637781
2026-03-26,18,Pulse Moong (Washed),1 Kg,340.0,388.21,470.0,388.86,395.96,-0.17,-1.96,377.95,292.91,85.03999999999996,29.032808712573797
2026-03-26,19,Pulse Mash (Washed),1 Kg,400.0,467.61,540.0,465.56,464.35,0.44,0.7,507.5,530.09,-22.590000000000032,-4.261540493123817
2026-03-26,20,Pulse Gram,1 Kg,210.0,250.52,320.0,249.13,303.81,0.56,-17.54,348.88,251.64,97.24000000000001,38.64250516611031
2026-03-26,21,Potatoes,1 Kg,20.0,32.81,70.0,30.35,60.44,8.11,-45.71,85.66,82.44,3.219999999999999,3.9058709364386175
2026-03-26,22,Onions,1 Kg,50.0,77.97,150.0,66.02,62.34,18.1,25.07,96.52,128.06,-31.540000000000006,-24.629080118694375
2026-03-26,23,Tomatoes,1 Kg,40.0,85.67,220.0,76.92,81.51,11.38,5.1,100.95,110.14,-9.189999999999998,-8.34392591247503
2026-03-26,24,Sugar Refined,1 Kg,140.0,149.66,170.0,150.09,168.8,-0.29,-11.34,151.12,146.05,5.069999999999993,3.4714138993495283
2026-03-26,25,Gur (Average Quality),1 Kg,160.0,224.06,290.0,224.52,210.77,-0.2,6.31,213.8,210.53,3.2700000000000102,1.5532228186006876
2026-03-26,26,Salt Powdered (NATIONAL/SHAN) 800 gm Packet,Each,60.0,63.0,80.0,63.0,72.04,0.0,-12.55,71.51,65.72,5.790000000000006,8.810103469263538
2026-03-26,27,Chilies Powder NATIONAL 200 gm Packet,Each,320.0,368.65,380.0,368.65,320.0,0.0,15.2,321.81,374.34,-52.52999999999997,-14.03269754768391
2026-03-26,28,Garlic (Lehsun),1 Kg,250.0,513.0,800.0,496.93,589.11,3.23,-12.92,538.57,518.54,20.030000000000086,3.862768542446119
2026-03-26,29,Tea Lipton Yellow Label 190 gm Packet,Each,447.0,447.06,447.5,447.06,452.21,0.0,-1.14,509.02,556.48,-47.460000000000036,-8.528608395629675
2026-03-26,30,Cooked Beef at Average Hotel,Per Plate,200.0,316.91,450.0,316.91,300.67,0.0,5.4,297.24,272.13,25.110000000000014,9.227207584610312
2026-03-26,31,Cooked Daal at Average Hotel,Per Plate,120.0,169.18,260.0,169.18,163.53,0.0,3.46,160.91,140.93,19.97999999999999,14.177251117576077
2026-03-26,32,Tea Prepared Ordinary,Per Cup,50.0,63.46,80.0,63.46,61.13,0.0,3.81,60.95,56.87,4.080000000000005,7.174257077545292
2026-03-26,33,Cigarettes Capstan 20'S Packet,Each,240.0,247.52,260.0,246.91,237.85,0.25,4.07,234.79,222.49,12.299999999999983,5.528338352285473
2026-03-26,34,"Long Cloth 57"" Gul Ahmed/Al Karam",1 mtr,400.0,670.02,800.0,668.87,629.62,0.17,6.42,625.57,568.18,57.3900000000001,10.10067232215144
2026-03-26,35,Shirting (Average Quality),1 mtr,230.0,532.48,900.0,531.71,480.24,0.14,10.88,480.39,415.53,64.86000000000001,15.608981300989115
2026-03-26,36,Lawn Printed Gul Ahmed/Al Karam,1 mtr,400.0,669.09,820.0,669.07,636.96,0.0,5.04,622.49,560.31,62.180000000000064,11.097428209384105
2026-03-26,37,Georgette (Average Quality),1 mtr,200.0,311.41,450.0,310.22,297.94,0.38,4.52,292.81,261.61,31.19999999999999,11.92614961201788
2026-03-26,38,Gents Sandal Bata,Pair,2499.0,2499.0,2499.0,2499.0,2499.0,0.0,0.0,2499.0,2298.72,200.2800000000002,8.71267487993319
2026-03-26,39,Gents Sponge Chappal Bata,Pair,599.0,599.0,599.0,599.0,599.0,0.0,0.0,599.0,599.0,0.0,0.0
2026-03-26,40,Ladies Sandal Bata,Pair,1399.0,1399.0,1399.0,1399.0,1399.0,0.0,0.0,1185.21,822.91,362.30000000000007,44.026685785808894
2026-03-26,41,Electricity Charges for Q1*,Per Unit,7.47,7.47,7.47,7.04,6.0,6.11,24.5,5.99,7.28,-1.29,-17.71978021978022
2026-03-26,42,Gas Charges for Q1,MMBTU,2566.5,2566.5,2566.5,2566.5,1976.5,0.0,29.85,1976.5,944.61,1031.8899999999999,109.23979208350536
2026-03-26,43,Firewood Whole,40 Kg,1000.0,1489.35,2350.0,1484.35,1314.71,0.34,13.28,1273.03,1141.76,131.26999999999998,11.497162275784746
2026-03-26,44,Energy Saver Philips 14 Watt,Each,240.0,402.11,580.0,402.11,380.86,0.0,5.58,380.66,352.01,28.650000000000034,8.138973324621475
2026-03-26,45,Sufi Washing Soap 250 gm Cake,Each,125.0,133.51,150.0,133.51,132.0,0.0,1.14,130.71,129.09,1.6200000000000045,1.2549384150592573
2026-03-26,46,Match Box,Each,5.0,6.24,7.0,6.24,6.24,0.0,0.0,6.22,5.93,0.29000000000000004,4.890387858347395
2026-03-26,47,Petrol Super,Per Litre,321.17,322.9,324.95,322.9,256.77,0.0,25.75,256.66,281.33,-24.66999999999996,-8.769061244801463
2026-03-26,48,Hi-Speed Diesel,Per Litre,335.86,337.6,339.7,337.6,259.82,0.0,29.94,261.39,286.64,-25.25,-8.808958972927712
2026-03-26,49,LPG 11.67 kg Cylinder,Each,3900.0,4514.99,5135.0,4102.81,3351.19,10.05,34.73,3235.35,3085.07,150.27999999999975,4.871202274178543
2026-03-26,50,Telephone Call Charges,Per Minute,1.79,1.79,1.79,1.79,1.79,0.0,0.0,1.79,1.79,0.0,0.0
2026-03-26,51,Toilet Soap LIFEBUOY 115 gm,Each,110.0,115.79,118.6,115.79,108.6,0.0,6.62,108.15,109.79,-1.6400000000000006,-1.4937608161034746
2026-04-02,1,Wheat Flour Bag,20 Kg,1810.0,2183.75,2650.0,2204.03,1749.11,-0.92,24.85,1742.07,2575.18,-833.1099999999999,-32.35152494194581
2026-04-02,2,Rice Basmati Broken (Average Quality),1 Kg,140.0,215.83,300.0,215.83,202.64,0.0,6.51,205.37,222.46,-17.090000000000003,-7.6822799604423295
2026-04-02,3,Rice IRRI-6/9 (Sindh/Punjab),1 Kg,110.0,154.6,200.0,154.6,158.06,0.0,-2.19,159.01,165.12,-6.110000000000014,-3.70033914728684
2026-04-02,4,Bread plain (Small Size),Each,100.0,111.87,130.0,111.87,108.83,0.0,2.79,109.13,113.6,-4.469999999999999,-3.9348591549295833
2026-04-02,5,Beef with Bone (Average Quality),1 Kg,1000.0,1217.72,1550.0,1212.97,1078.2,0.39,12.94,1034.77,847.36,187.40999999999997,22.116927870090635
2026-04-02,6,Mutton (Average Quality),1 Kg,1800.0,2277.36,2900.0,2242.89,1997.62,1.54,14.0,1965.06,1746.19,218.8699999999999,12.534145768788036
2026-04-02,7,Chicken Farm Broiler (Live),1 Kg,408.0,449.38,530.0,440.01,535.48,2.13,-16.08,420.4,395.28,25.120000000000005,6.354988868650068
2026-04-02,8,Milk fresh (Un-boiled),1 Ltr,170.0,205.07,260.0,203.79,198.37,0.63,3.38,197.12,185.03,12.090000000000003,6.534075555315354
2026-04-02,9,Curd (Dahi) Loose,1 Kg,180.0,241.41,400.0,239.96,229.42,0.6,5.23,230.31,215.67,14.640000000000015,6.788148560300456
2026-04-02,10,Powdered Milk NIDO 390 gm Polybag,Each,1100.0,1141.72,1180.0,1141.72,1036.87,0.0,10.11,1034.91,819.69,215.22000000000003,26.256267613366035
2026-04-02,11,Eggs Hen (Farm),1 Dozen,220.0,233.96,250.0,228.86,252.29,2.23,-7.27,290.19,298.22,-8.03000000000003,-2.6926430152236662
2026-04-02,12,Mustard Oil (Average Quality),1 Kg,440.0,556.41,720.0,558.26,555.92,-0.33,0.09,534.48,508.77,25.710000000000036,5.053363995518609
2026-04-02,13,"Cooking Oil DALDA or Other Similar Brand (SN), 5 Litre Tin",Each,2850.0,2985.78,3110.0,2985.78,2919.73,0.0,2.26,2800.37,2810.06,-9.690000000000055,-0.3448324946798209
2026-04-02,14,Vegetable Ghee DALDA/HABIB 2.5 kg Tin,Each,1500.0,1517.23,1578.88,1517.23,1485.98,0.0,2.1,1408.25,1345.28,62.97000000000003,4.680809942911509
2026-04-02,15,Vegetable Ghee DALDA/HABIB or Other superior Quality 1 kg Pouch,Each,590.0,590.35,592.0,590.35,578.32,0.0,2.08,550.39,518.25,32.139999999999986,6.201640135069937
2026-04-02,16,Bananas (Kela) Local,1 Dozen,100.0,204.29,360.0,205.31,196.31,-0.5,4.06,149.78,136.52,13.259999999999991,9.712862584236731
2026-04-02,17,Pulse Masoor (Washed),1 Kg,220.0,260.63,320.0,259.9,293.91,0.28,-11.32,303.7,320.39,-16.689999999999998,-5.209276194637781
2026-04-02,18,Pulse Moong (Washed),1 Kg,340.0,388.87,470.0,388.21,395.44,0.17,-1.66,377.95,292.91,85.03999999999996,29.032808712573797
2026-04-02,19,Pulse Mash (Washed),1 Kg,400.0,475.76,560.0,467.61,463.69,1.74,2.6,507.5,530.09,-22.590000000000032,-4.261540493123817
2026-04-02,20,Pulse Gram,1 Kg,210.0,250.59,320.0,250.52,303.83,0.03,-17.52,348.88,251.64,97.24000000000001,38.64250516611031
2026-04-02,21,Potatoes,1 Kg,20.0,32.41,70.0,32.81,64.37,-1.22,-49.65,85.66,82.44,3.219999999999999,3.9058709364386175
2026-04-02,22,Onions,1 Kg,50.0,77.03,140.0,77.97,65.52,-1.21,17.57,96.52,128.06,-31.540000000000006,-24.629080118694375
2026-04-02,23,Tomatoes,1 Kg,40.0,80.5,160.0,85.67,82.05,-6.03,-1.89,100.95,110.14,-9.189999999999998,-8.34392591247503
2026-04-02,24,Sugar Refined,1 Kg,140.0,149.43,170.0,149.66,168.81,-0.15,-11.48,151.12,146.05,5.069999999999993,3.4714138993495283
2026-04-02,25,Gur (Average Quality),1 Kg,160.0,224.17,290.0,224.06,212.1,0.05,5.69,213.8,210.53,3.2700000000000102,1.5532228186006876
2026-04-02,26,Salt Powdered (NATIONAL/SHAN) 800 gm Packet,Each,60.0,63.0,80.0,63.0,72.04,0.0,-12.55,71.51,65.72,5.790000000000006,8.810103469263538
2026-04-02,27,Chilies Powder NATIONAL 200 gm Packet,Each,320.0,368.65,380.0,368.65,320.0,0.0,15.2,321.81,374.34,-52.52999999999997,-14.03269754768391
2026-04-02,28,Garlic (Lehsun),1 Kg,250.0,495.64,800.0,513.0,553.12,-3.38,-10.39,538.57,518.54,20.030000000000086,3.862768542446119
2026-04-02,29,Tea Lipton Yellow Label 190 gm Packet,Each,447.0,447.06,447.5,447.06,452.21,0.0,-1.14,509.02,556.48,-47.460000000000036,-8.528608395629675
2026-04-02,30,Cooked Beef at Average Hotel,Per Plate,200.0,316.91,450.0,316.91,300.67,0.0,5.4,297.24,272.13,25.110000000000014,9.227207584610312
2026-04-02,31,Cooked Daal at Average Hotel,Per Plate,120.0,169.18,260.0,169.18,163.53,0.0,3.46,160.91,140.93,19.97999999999999,14.177251117576077
2026-04-02,32,Tea Prepared Ordinary,Per Cup,50.0,63.46,80.0,63.46,61.13,0.0,3.81,60.95,56.87,4.080000000000005,7.174257077545292
2026-04-02,33,Cigarettes Capstan 20'S Packet,Each,240.0,247.52,260.0,247.52,238.05,0.0,3.98,234.79,222.49,12.299999999999983,5.528338352285473
2026-04-02,34,"Long Cloth 57"" Gul Ahmed/Al Karam",1 mtr,400.0,670.02,800.0,670.02,631.62,0.0,6.08,625.57,568.18,57.3900000000001,10.10067232215144
2026-04-02,35,Shirting (Average Quality),1 mtr,230.0,534.64,900.0,532.48,480.24,0.41,11.33,480.39,415.53,64.86000000000001,15.608981300989115
2026-04-02,36,Lawn Printed Gul Ahmed/Al Karam,1 mtr,400.0,669.76,820.0,669.09,641.47,0.1,4.41,622.49,560.31,62.180000000000064,11.097428209384105
2026-04-02,37,Georgette (Average Quality),1 mtr,200.0,312.71,450.0,311.41,297.94,0.42,4.96,292.81,261.61,31.19999999999999,11.92614961201788
2026-04-02,38,Gents Sandal Bata,Pair,2499.0,2499.0,2499.0,2499.0,2499.0,0.0,0.0,2499.0,2298.72,200.2800000000002,8.71267487993319
2026-04-02,39,Gents Sponge Chappal Bata,Pair,599.0,599.0,599.0,599.0,599.0,0.0,0.0,599.0,599.0,0.0,0.0
2026-04-02,40,Ladies Sandal Bata,Pair,1399.0,1399.0,1399.0,1399.0,1399.0,0.0,0.0,1185.21,822.91,362.30000000000007,44.026685785808894
2026-04-02,41,Electricity Charges for Q1*,Per Unit,7.47,7.47,7.47,7.47,6.0,0.0,24.5,5.99,7.28,-1.29,-17.71978021978022
2026-04-02,42,Gas Charges for Q1,MMBTU,2566.5,2566.5,2566.5,2566.5,1976.5,0.0,29.85,1976.5,944.61,1031.8899999999999,109.23979208350536
2026-04-02,43,Firewood Whole,40 Kg,1000.0,1486.57,2350.0,1489.35,1316.27,-0.19,12.94,1273.03,1141.76,131.26999999999998,11.497162275784746
2026-04-02,44,Energy Saver Philips 14 Watt,Each,240.0,402.11,580.0,402.11,380.86,0.0,5.58,380.66,352.01,28.650000000000034,8.138973324621475
2026-04-02,45,Sufi Washing Soap 250 gm Cake,Each,125.0,133.51,150.0,133.51,132.0,0.0,1.14,130.71,129.09,1.6200000000000045,1.2549384150592573
2026-04-02,46,Match Box,Each,5.0,6.24,7.0,6.24,6.24,0.0,0.0,6.22,5.93,0.29000000000000004,4.890387858347395
2026-04-02,47,Petrol Super,Per Litre,321.17,322.9,324.95,322.9,255.92,0.0,26.17,256.66,281.33,-24.66999999999996,-8.769061244801463
2026-04-02,48,Hi-Speed Diesel,Per Litre,335.86,337.6,339.7,337.6,259.82,0.0,29.94,261.39,286.64,-25.25,-8.808958972927712
2026-04-02,49,LPG 11.67 kg Cylinder,Each,4000.0,5114.65,5602.0,4514.99,3327.84,13.28,53.69,3235.35,3085.07,150.27999999999975,4.871202274178543
2026-04-02,50,Telephone Call Charges,Per Minute,1.79,1.79,1.79,1.79,1.79,0.0,0.0,1.79,1.79,0.0,0.0
2026-04-02,51,Toilet Soap LIFEBUOY 115 gm,Each,110.0,115.79,118.6,115.79,108.6,0.0,6.62,108.15,109.79,-1.6400000000000006,-1.4937608161034746
2026-04-09,1,Wheat Flour Bag,20 Kg,1810.0,2167.78,2650.0,2183.75,1666.23,-0.73,30.1,1742.07,2575.18,-833.1099999999999,-32.35152494194581
2026-04-09,2,Rice Basmati Broken (Average Quality),1 Kg,140.0,215.83,300.0,215.83,201.34,0.0,7.2,205.37,222.46,-17.090000000000003,-7.6822799604423295
2026-04-09,3,Rice IRRI-6/9 (Sindh/Punjab),1 Kg,110.0,154.6,200.0,154.6,156.19,0.0,-1.02,159.01,165.12,-6.110000000000014,-3.70033914728684
2026-04-09,4,Bread plain (Small Size),Each,100.0,112.4,130.0,111.87,108.83,0.47,3.28,109.13,113.6,-4.469999999999999,-3.9348591549295833
2026-04-09,5,Beef with Bone (Average Quality),1 Kg,1000.0,1230.77,1550.0,1217.72,1080.14,1.07,13.95,1034.77,847.36,187.40999999999997,22.116927870090635
2026-04-09,6,Mutton (Average Quality),1 Kg,1800.0,2301.38,2900.0,2277.36,2001.53,1.05,14.98,1965.06,1746.19,218.8699999999999,12.534145768788036
2026-04-09,7,Chicken Farm Broiler (Live),1 Kg,410.0,444.67,530.0,449.38,492.4,-1.05,-9.69,420.4,395.28,25.120000000000005,6.354988868650068
2026-04-09,8,Milk fresh (Un-boiled),1 Ltr,170.0,205.23,260.0,205.07,198.37,0.08,3.46,197.12,185.03,12.090000000000003,6.534075555315354
2026-04-09,9,Curd (Dahi) Loose,1 Kg,190.0,242.3,400.0,241.41,230.78,0.37,4.99,230.31,215.67,14.640000000000015,6.788148560300456
2026-04-09,10,Powdered Milk NIDO 390 gm Polybag,Each,1100.0,1142.95,1200.0,1141.72,1036.87,0.11,10.23,1034.91,819.69,215.22000000000003,26.256267613366035
2026-04-09,11,Eggs Hen (Farm),1 Dozen,220.0,242.78,300.0,233.96,233.63,3.77,3.92,290.19,298.22,-8.03000000000003,-2.6926430152236662
2026-04-09,12,Mustard Oil (Average Quality),1 Kg,440.0,557.97,720.0,556.41,546.61,0.28,2.08,534.48,508.77,25.710000000000036,5.053363995518609
2026-04-09,13,"Cooking Oil DALDA or Other Similar Brand (SN), 5 Litre Tin",Each,2850.0,2983.62,3110.0,2985.78,2919.73,-0.07,2.19,2800.37,2810.06,-9.690000000000055,-0.3448324946798209
2026-04-09,14,Vegetable Ghee DALDA/HABIB 2.5 kg Tin,Each,1500.0,1513.53,1525.0,1517.23,1485.98,-0.24,1.85,1408.25,1345.28,62.97000000000003,4.680809942911509
2026-04-09,15,Vegetable Ghee DALDA/HABIB or Other superior Quality 1 kg Pouch,Each,590.0,591.9,600.0,590.35,578.32,0.26,2.35,550.39,518.25,32.139999999999986,6.201640135069937
2026-04-09,16,Bananas (Kela) Local,1 Dozen,100.0,197.36,350.0,204.29,183.11,-3.39,7.78,149.78,136.52,13.259999999999991,9.712862584236731
2026-04-09,17,Pulse Masoor (Washed),1 Kg,220.0,260.68,320.0,260.63,294.62,0.02,-11.52,303.7,320.39,-16.689999999999998,-5.209276194637781
2026-04-09,18,Pulse Moong (Washed),1 Kg,340.0,389.39,470.0,388.87,396.82,0.13,-1.87,377.95,292.91,85.03999999999996,29.032808712573797
2026-04-09,19,Pulse Mash (Washed),1 Kg,400.0,475.42,570.0,475.76,464.37,-0.07,2.38,507.5,530.09,-22.590000000000032,-4.261540493123817
2026-04-09,20,Pulse Gram,1 Kg,210.0,250.65,320.0,250.59,308.78,0.02,-18.83,348.88,251.64,97.24000000000001,38.64250516611031
2026-04-09,21,Potatoes,1 Kg,20.0,33.75,80.0,32.41,62.87,4.13,-46.32,85.66,82.44,3.219999999999999,3.9058709364386175
2026-04-09,22,Onions,1 Kg,40.0,79.99,160.0,77.03,58.05,3.84,37.8,96.52,128.06,-31.540000000000006,-24.629080118694375
2026-04-09,23,Tomatoes,1 Kg,40.0,88.03,180.0,80.5,71.53,9.35,23.07,100.95,110.14,-9.189999999999998,-8.34392591247503
2026-04-09,24,Sugar Refined,1 Kg,140.0,149.56,170.0,149.43,169.04,0.09,-11.52,151.12,146.05,5.069999999999993,3.4714138993495283
2026-04-09,25,Gur (Average Quality),1 Kg,160.0,224.14,290.0,224.17,213.08,-0.01,5.19,213.8,210.53,3.2700000000000102,1.5532228186006876
2026-04-09,26,Salt Powdered (NATIONAL/SHAN) 800 gm Packet,Each,60.0,63.0,80.0,63.0,72.23,0.0,-12.78,71.51,65.72,5.790000000000006,8.810103469263538
2026-04-09,27,Chilies Powder NATIONAL 200 gm Packet,Each,320.0,368.65,380.0,368.65,320.0,0.0,15.2,321.81,374.34,-52.52999999999997,-14.03269754768391
2026-04-09,28,Garlic (Lehsun),1 Kg,250.0,476.9,800.0,495.64,471.64,-3.78,1.12,538.57,518.54,20.030000000000086,3.862768542446119
2026-04-09,29,Tea Lipton Yellow Label 190 gm Packet,Each,447.0,447.06,447.5,447.06,452.21,0.0,-1.14,509.02,556.48,-47.460000000000036,-8.528608395629675
2026-04-09,30,Cooked Beef at Average Hotel,Per Plate,200.0,318.4,450.0,316.91,302.44,0.47,5.28,297.24,272.13,25.110000000000014,9.227207584610312
2026-04-09,31,Cooked Daal at Average Hotel,Per Plate,120.0,170.67,260.0,169.18,163.53,0.88,4.37,160.91,140.93,19.97999999999999,14.177251117576077
2026-04-09,32,Tea Prepared Ordinary,Per Cup,50.0,63.73,80.0,63.46,61.13,0.43,4.25,60.95,56.87,4.080000000000005,7.174257077545292
2026-04-09,33,Cigarettes Capstan 20'S Packet,Each,240.0,247.52,260.0,247.52,238.19,0.0,3.92,234.79,222.49,12.299999999999983,5.528338352285473
2026-04-09,34,"Long Cloth 57"" Gul Ahmed/Al Karam",1 mtr,400.0,671.31,800.0,670.02,635.06,0.19,5.71,625.57,568.18,57.3900000000001,10.10067232215144
2026-04-09,35,Shirting (Average Quality),1 mtr,230.0,535.09,900.0,534.64,480.24,0.08,11.42,480.39,415.53,64.86000000000001,15.608981300989115
2026-04-09,36,Lawn Printed Gul Ahmed/Al Karam,1 mtr,400.0,670.97,820.0,669.76,641.47,0.18,4.6,622.49,560.31,62.180000000000064,11.097428209384105
2026-04-09,37,Georgette (Average Quality),1 mtr,200.0,314.77,450.0,312.71,297.94,0.66,5.65,292.81,261.61,31.19999999999999,11.92614961201788
2026-04-09,38,Gents Sandal Bata,Pair,2499.0,2499.0,2499.0,2499.0,2499.0,0.0,0.0,2499.0,2298.72,200.2800000000002,8.71267487993319
2026-04-09,39,Gents Sponge Chappal Bata,Pair,599.0,599.0,599.0,599.0,599.0,0.0,0.0,599.0,599.0,0.0,0.0
2026-04-09,40,Ladies Sandal Bata,Pair,1399.0,1399.0,1399.0,1399.0,1399.0,0.0,0.0,1185.21,822.91,362.30000000000007,44.026685785808894
2026-04-09,41,Electricity Charges for Q1*,Per Unit,7.47,7.47,7.47,7.47,6.0,0.0,24.5,5.99,7.28,-1.29,-17.71978021978022
2026-04-09,42,Gas Charges for Q1,MMBTU,2566.5,2566.5,2566.5,2566.5,1976.5,0.0,29.85,1976.5,944.61,1031.8899999999999,109.23979208350536
2026-04-09,43,Firewood Whole,40 Kg,1000.0,1490.71,2350.0,1486.57,1316.27,0.28,13.25,1273.03,1141.76,131.26999999999998,11.497162275784746
2026-04-09,44,Energy Saver Philips 14 Watt,Each,240.0,402.11,580.0,402.11,380.86,0.0,5.58,380.66,352.01,28.650000000000034,8.138973324621475
2026-04-09,45,Sufi Washing Soap 250 gm Cake,Each,125.0,134.06,150.0,133.51,132.0,0.41,1.56,130.71,129.09,1.6200000000000045,1.2549384150592573
2026-04-09,46,Match Box,Each,5.0,6.24,7.0,6.24,6.24,0.0,0.0,6.22,5.93,0.29000000000000004,4.890387858347395
2026-04-09,47,Petrol Super,Per Litre,378.41,380.56,383.69,322.9,255.92,17.86,48.7,256.66,281.33,-24.66999999999996,-8.769061244801463
2026-04-09,48,Hi-Speed Diesel,Per Litre,520.35,522.29,524.4,337.6,259.82,54.71,101.02,261.39,286.64,-25.25,-8.808958972927712
2026-04-09,49,LPG 11.67 kg Cylinder,Each,5200.0,5555.08,6000.0,5114.65,3349.2,8.61,65.86,3235.35,3085.07,150.27999999999975,4.871202274178543
2026-04-09,50,Telephone Call Charges,Per Minute,1.79,1.79,1.79,1.79,1.79,0.0,0.0,1.79,1.79,0.0,0.0
2026-04-09,51,Toilet Soap LIFEBUOY 115 gm,Each,110.0,115.79,118.6,115.79,108.6,0.0,6.62,108.15,109.79,-1.6400000000000006,-1.4937608161034746
2026-05-21,1,Wheat Flour Bag,20 Kg,2160.0,2416.78,2700.0,2373.06,1515.7,1.84,59.45,1742.07,2575.18,-833.1099999999999,-32.35152494194581
2026-05-21,2,Rice Basmati Broken (Average Quality),1 Kg,140.0,216.2,290.0,216.14,199.98,0.03,8.11,205.37,222.46,-17.090000000000003,-7.6822799604423295
2026-05-21,3,Rice IRRI-6/9 (Sindh/Punjab),1 Kg,110.0,153.5,200.0,153.47,152.7,0.02,0.52,159.01,165.12,-6.110000000000014,-3.70033914728684
2026-05-21,4,Bread plain (Small Size),Each,100.0,118.13,130.0,118.04,108.83,0.08,8.55,109.13,113.6,-4.469999999999999,-3.9348591549295833
2026-05-21,5,Beef with Bone (Average Quality),1 Kg,1000.0,1249.66,1550.0,1248.65,1106.65,0.08,12.92,1034.77,847.36,187.40999999999997,22.116927870090635
2026-05-21,6,Mutton (Average Quality),1 Kg,1800.0,2354.14,2900.0,2346.89,2031.97,0.31,15.86,1965.06,1746.19,218.8699999999999,12.534145768788036
2026-05-21,7,Chicken Farm Broiler (Live),1 Kg,320.0,364.8,450.0,398.96,466.43,-8.56,-21.79,420.4,395.28,25.120000000000005,6.354988868650068
2026-05-21,8,Milk fresh (Un-boiled),1 Ltr,170.0,212.77,260.0,212.14,198.74,0.3,7.06,197.12,185.03,12.090000000000003,6.534075555315354
2026-05-21,9,Curd (Dahi) Loose,1 Kg,190.0,250.31,400.0,249.45,231.62,0.34,8.07,230.31,215.67,14.640000000000015,6.788148560300456
2026-05-21,10,Powdered Milk NIDO 390 gm Polybag,Each,1100.0,1149.32,1200.0,1146.3,1057.42,0.26,8.69,1034.91,819.69,215.22000000000003,26.256267613366035
2026-05-21,11,Eggs Hen (Farm),1 Dozen,200.0,235.77,270.0,236.0,312.14,-0.1,-24.47,290.19,298.22,-8.03000000000003,-2.6926430152236662
2026-05-21,12,Mustard Oil (Average Quality),1 Kg,440.0,551.93,720.0,551.55,524.98,0.07,5.13,534.48,508.77,25.710000000000036,5.053363995518609
2026-05-21,13,"Cooking Oil DALDA or Other Similar Brand (SN), 5 Litre Tin",Each,2925.0,3023.48,3110.0,3013.18,2896.65,0.34,4.38,2800.37,2810.06,-9.690000000000055,-0.3448324946798209
2026-05-21,14,Vegetable Ghee DALDA/HABIB 2.5 kg Tin,Each,1500.0,1523.64,1550.0,1520.14,1471.25,0.23,3.56,1408.25,1345.28,62.97000000000003,4.680809942911509
2026-05-21,15,Vegetable Ghee DALDA/HABIB or Other superior Quality 1 kg Pouch,Each,590.0,596.99,600.0,595.81,568.06,0.2,5.09,550.39,518.25,32.139999999999986,6.201640135069937
2026-05-21,16,Bananas (Kela) Local,1 Dozen,100.0,195.75,360.0,196.11,177.07,-0.18,10.55,149.78,136.52,13.259999999999991,9.712862584236731
2026-05-21,17,Pulse Masoor (Washed),1 Kg,220.0,258.64,320.0,258.64,293.35,0.0,-11.83,303.7,320.39,-16.689999999999998,-5.209276194637781
2026-05-21,18,Pulse Moong (Washed),1 Kg,280.0,385.73,470.0,391.4,402.68,-1.45,-4.21,377.95,292.91,85.03999999999996,29.032808712573797
2026-05-21,19,Pulse Mash (Washed),1 Kg,380.0,465.55,540.0,465.58,458.27,-0.01,1.59,507.5,530.09,-22.590000000000032,-4.261540493123817
2026-05-21,20,Pulse Gram,1 Kg,200.0,246.83,320.0,247.48,315.81,-0.26,-21.84,348.88,251.64,97.24000000000001,38.64250516611031
2026-05-21,21,Potatoes,1 Kg,25.0,35.83,70.0,35.52,61.8,0.87,-42.02,85.66,82.44,3.219999999999999,3.9058709364386175
2026-05-21,22,Onions,1 Kg,50.0,73.61,120.0,69.39,43.73,6.08,68.33,96.52,128.06,-31.540000000000006,-24.629080118694375
2026-05-21,23,Tomatoes,1 Kg,40.0,68.18,130.0,63.62,50.66,7.17,34.58,100.95,110.14,-9.189999999999998,-8.34392591247503
2026-05-21,24,Sugar Refined,1 Kg,140.0,148.93,160.0,148.85,175.11,0.05,-14.95,151.12,146.05,5.069999999999993,3.4714138993495283
2026-05-21,25,Gur (Average Quality),1 Kg,160.0,223.76,290.0,223.61,221.59,0.07,0.98,213.8,210.53,3.2700000000000102,1.5532228186006876
2026-05-21,26,Salt Powdered (NATIONAL/SHAN) 800 gm Packet,Each,60.0,62.97,80.0,62.97,72.6,0.0,-13.26,71.51,65.72,5.790000000000006,8.810103469263538
2026-05-21,27,Chilies Powder NATIONAL 200 gm Packet,Each,320.0,368.65,380.0,368.65,320.0,0.0,15.2,321.81,374.34,-52.52999999999997,-14.03269754768391
2026-05-21,28,Garlic (Lehsun),1 Kg,200.0,407.15,700.0,422.03,359.06,-3.53,13.39,538.57,518.54,20.030000000000086,3.862768542446119
2026-05-21,29,Tea Lipton Yellow Label 190 gm Packet,Each,447.0,447.06,447.5,447.06,447.07,0.0,0.0,509.02,556.48,-47.460000000000036,-8.528608395629675
2026-05-21,30,Cooked Beef at Average Hotel,Per Plate,200.0,320.98,450.0,320.31,306.79,0.21,4.63,297.24,272.13,25.110000000000014,9.227207584610312
2026-05-21,31,Cooked Daal at Average Hotel,Per Plate,130.0,172.65,260.0,171.42,164.44,0.72,4.99,160.91,140.93,19.97999999999999,14.177251117576077
2026-05-21,32,Tea Prepared Ordinary,Per Cup,50.0,64.54,80.0,64.27,61.14,0.42,5.56,60.95,56.87,4.080000000000005,7.174257077545292
2026-05-21,33,Cigarettes Capstan 20'S Packet,Each,240.0,248.31,260.0,248.31,239.99,0.0,3.47,234.79,222.49,12.299999999999983,5.528338352285473
2026-05-21,34,"Long Cloth 57"" Gul Ahmed/Al Karam",1 mtr,400.0,685.73,800.0,679.17,655.45,0.97,4.62,625.57,568.18,57.3900000000001,10.10067232215144
2026-05-21,35,Shirting (Average Quality),1 mtr,230.0,536.98,900.0,536.21,497.93,0.14,7.84,480.39,415.53,64.86000000000001,15.608981300989115
2026-05-21,36,Lawn Printed Gul Ahmed/Al Karam,1 mtr,400.0,678.48,900.0,678.09,656.27,0.06,3.38,622.49,560.31,62.180000000000064,11.097428209384105
2026-05-21,37,Georgette (Average Quality),1 mtr,200.0,317.89,490.0,314.91,301.9,0.95,5.3,292.81,261.61,31.19999999999999,11.92614961201788
2026-05-21,38,Gents Sandal Bata,Pair,2499.0,2499.0,2499.0,2499.0,2499.0,0.0,0.0,2499.0,2298.72,200.2800000000002,8.71267487993319
2026-05-21,39,Gents Sponge Chappal Bata,Pair,699.0,699.0,699.0,699.0,599.0,0.0,16.69,599.0,599.0,0.0,0.0
2026-05-21,40,Ladies Sandal Bata,Pair,1499.0,1499.0,1499.0,1499.0,1399.0,0.0,7.15,1185.21,822.91,362.30000000000007,44.026685785808894
2026-05-21,41,Electricity Charges for Q1*,Per Unit,6.95,6.95,6.95,7.4,4.85,-6.08,43.3,5.99,7.28,-1.29,-17.71978021978022
2026-05-21,42,Gas Charges for Q1,MMBTU,2566.5,2566.5,2566.5,2566.5,1976.5,0.0,29.85,1976.5,944.61,1031.8899999999999,109.23979208350536
2026-05-21,43,Firewood Whole,40 Kg,900.0,1490.46,2350.0,1490.46,1316.32,0.0,13.23,1273.03,1141.76,131.26999999999998,11.497162275784746
2026-05-21,44,Energy Saver Philips 14 Watt,Each,240.0,402.11,580.0,402.11,382.86,0.0,5.03,380.66,352.01,28.650000000000034,8.138973324621475
2026-05-21,45,Sufi Washing Soap 250 gm Cake,Each,125.0,137.56,160.0,137.49,132.0,0.05,4.21,130.71,129.09,1.6200000000000045,1.2549384150592573
2026-05-21,46,Match Box,Each,5.0,6.24,7.0,6.24,6.24,0.0,0.0,6.22,5.93,0.29000000000000004,4.890387858347395
2026-05-21,47,Petrol Super,Per Litre,409.78,411.76,414.4,416.8,253.79,-1.21,62.24,256.66,281.33,-24.66999999999996,-8.769061244801463
2026-05-21,48,Hi-Speed Diesel,Per Litre,409.58,411.59,414.2,416.62,255.8,-1.21,60.9,261.39,286.64,-25.25,-8.808958972927712
2026-05-21,49,LPG 11.67 kg Cylinder,Each,4318.0,4753.64,5450.0,4795.34,3153.78,-0.87,50.73,3235.35,3085.07,150.27999999999975,4.871202274178543
2026-05-21,50,Telephone Call Charges,Per Minute,1.79,1.79,1.79,1.79,1.79,0.0,0.0,1.79,1.79,0.0,0.0
2026-05-21,51,Toilet Soap LIFEBUOY 115 gm,Each,110.0,116.28,118.6,116.28,111.48,0.0,4.31,108.15,109.79,-1.6400000000000006,-1.4937608161034746
2026-06-04,1,Wheat Flour Bag,20 Kg,2160.0,2431.05,2800.0,2416.78,1520.57,0.59,59.88,1742.07,2575.18,-833.1099999999999,-32.35152494194581
2026-06-04,2,Rice Basmati Broken (Average Quality),1 Kg,140.0,216.2,290.0,216.2,202.27,0.0,6.89,205.37,222.46,-17.090000000000003,-7.6822799604423295
2026-06-04,3,Rice IRRI-6/9 (Sindh/Punjab),1 Kg,110.0,153.97,200.0,153.5,152.8,0.31,0.77,159.01,165.12,-6.110000000000014,-3.70033914728684
2026-06-04,4,Bread plain (Small Size),Each,100.0,118.13,130.0,118.13,108.83,0.0,8.55,109.13,113.6,-4.469999999999999,-3.9348591549295833
2026-06-04,5,Beef with Bone (Average Quality),1 Kg,1000.0,1249.38,1550.0,1249.66,1106.88,-0.02,12.87,1034.77,847.36,187.40999999999997,22.116927870090635
2026-06-04,6,Mutton (Average Quality),1 Kg,1800.0,2354.14,2900.0,2354.14,2031.97,0.0,15.86,1965.06,1746.19,218.8699999999999,12.534145768788036
2026-06-04,7,Chicken Farm Broiler (Live),1 Kg,288.0,330.22,450.0,364.8,378.87,-9.48,-12.84,420.4,395.28,25.120000000000005,6.354988868650068
2026-06-04,8,Milk fresh (Un-boiled),1 Ltr,170.0,214.07,270.0,212.77,199.67,0.61,7.21,197.12,185.03,12.090000000000003,6.534075555315354
2026-06-04,9,Curd (Dahi) Loose,1 Kg,190.0,250.35,400.0,250.31,231.62,0.02,8.09,230.31,215.67,14.640000000000015,6.788148560300456
2026-06-04,10,Powdered Milk NIDO 390 gm Polybag,Each,1100.0,1151.97,1200.0,1149.32,1055.3,0.23,9.16,1034.91,819.69,215.22000000000003,26.256267613366035
2026-06-04,11,Eggs Hen (Farm),1 Dozen,200.0,237.04,260.0,235.77,323.27,0.54,-26.67,290.19,298.22,-8.03000000000003,-2.6926430152236662
2026-06-04,12,Mustard Oil (Average Quality),1 Kg,440.0,551.71,720.0,551.93,527.06,-0.04,4.68,534.48,508.77,25.710000000000036,5.053363995518609
2026-06-04,13,"Cooking Oil DALDA or Other Similar Brand (SN), 5 Litre Tin",Each,2965.0,3042.82,3110.0,3023.48,2895.98,0.64,5.07,2800.37,2810.06,-9.690000000000055,-0.3448324946798209
2026-06-04,14,Vegetable Ghee DALDA/HABIB 2.5 kg Tin,Each,1500.0,1537.49,1565.0,1523.64,1467.35,0.91,4.78,1408.25,1345.28,62.97000000000003,4.680809942911509
2026-06-04,15,Vegetable Ghee DALDA/HABIB or Other superior Quality 1 kg Pouch,Each,590.0,599.7,610.0,596.99,566.7,0.45,5.82,550.39,518.25,32.139999999999986,6.201640135069937
2026-06-04,16,Bananas (Kela) Local,1 Dozen,100.0,198.1,360.0,195.75,181.16,1.2,9.35,149.78,136.52,13.259999999999991,9.712862584236731
2026-06-04,17,Pulse Masoor (Washed),1 Kg,220.0,258.72,320.0,258.64,295.69,0.03,-12.5,303.7,320.39,-16.689999999999998,-5.209276194637781
2026-06-04,18,Pulse Moong (Washed),1 Kg,330.0,385.29,460.0,385.73,403.47,-0.11,-4.51,377.95,292.91,85.03999999999996,29.032808712573797
2026-06-04,19,Pulse Mash (Washed),1 Kg,360.0,463.95,540.0,465.55,461.38,-0.34,0.56,507.5,530.09,-22.590000000000032,-4.261540493123817
2026-06-04,20,Pulse Gram,1 Kg,200.0,245.89,320.0,246.83,317.72,-0.38,-22.61,348.88,251.64,97.24000000000001,38.64250516611031
2026-06-04,21,Potatoes,1 Kg,25.0,43.68,90.0,35.83,70.95,21.91,-38.44,85.66,82.44,3.219999999999999,3.9058709364386175
2026-06-04,22,Onions,1 Kg,70.0,94.34,150.0,73.61,47.01,28.16,100.68,96.52,128.06,-31.540000000000006,-24.629080118694375
2026-06-04,23,Tomatoes,1 Kg,40.0,74.7,120.0,68.18,61.93,9.56,20.62,100.95,110.14,-9.189999999999998,-8.34392591247503
2026-06-04,24,Sugar Refined,1 Kg,140.0,149.32,160.0,148.93,176.84,0.26,-15.56,151.12,146.05,5.069999999999993,3.4714138993495283
2026-06-04,25,Gur (Average Quality),1 Kg,160.0,224.92,290.0,223.76,225.1,0.52,-0.08,213.8,210.53,3.2700000000000102,1.5532228186006876
2026-06-04,26,Salt Powdered (NATIONAL/SHAN) 800 gm Packet,Each,60.0,62.97,80.0,62.97,72.6,0.0,-13.26,71.51,65.72,5.790000000000006,8.810103469263538
2026-06-04,27,Chilies Powder NATIONAL 200 gm Packet,Each,320.0,368.65,380.0,368.65,320.0,0.0,15.2,321.81,374.34,-52.52999999999997,-14.03269754768391
2026-06-04,28,Garlic (Lehsun),1 Kg,180.0,369.96,650.0,407.15,345.57,-9.13,7.06,538.57,518.54,20.030000000000086,3.862768542446119
2026-06-04,29,Tea Lipton Yellow Label 190 gm Packet,Each,447.0,447.06,447.5,447.06,447.07,0.0,0.0,509.02,556.48,-47.460000000000036,-8.528608395629675
2026-06-04,30,Cooked Beef at Average Hotel,Per Plate,200.0,320.98,450.0,320.98,306.79,0.0,4.63,297.24,272.13,25.110000000000014,9.227207584610312
2026-06-04,31,Cooked Daal at Average Hotel,Per Plate,130.0,173.23,260.0,172.65,164.47,0.34,5.33,160.91,140.93,19.97999999999999,14.177251117576077
2026-06-04,32,Tea Prepared Ordinary,Per Cup,50.0,64.78,80.0,64.54,61.14,0.37,5.95,60.95,56.87,4.080000000000005,7.174257077545292
2026-06-04,33,Cigarettes Capstan 20'S Packet,Each,240.0,249.73,270.0,248.31,240.59,0.57,3.8,234.79,222.49,12.299999999999983,5.528338352285473
2026-06-04,34,"Long Cloth 57"" Gul Ahmed/Al Karam",1 mtr,400.0,685.73,800.0,685.73,655.45,0.0,4.62,625.57,568.18,57.3900000000001,10.10067232215144
2026-06-04,35,Shirting (Average Quality),1 mtr,230.0,536.98,900.0,536.98,498.69,0.0,7.68,480.39,415.53,64.86000000000001,15.608981300989115
2026-06-04,36,Lawn Printed Gul Ahmed/Al Karam,1 mtr,400.0,678.48,900.0,678.48,656.27,0.0,3.38,622.49,560.31,62.180000000000064,11.097428209384105
2026-06-04,37,Georgette (Average Quality),1 mtr,200.0,317.89,490.0,317.89,301.9,0.0,5.3,292.81,261.61,31.19999999999999,11.92614961201788
2026-06-04,38,Gents Sandal Bata,Pair,2499.0,2499.0,2499.0,2499.0,2499.0,0.0,0.0,2499.0,2298.72,200.2800000000002,8.71267487993319
2026-06-04,39,Gents Sponge Chappal Bata,Pair,699.0,699.0,699.0,699.0,599.0,0.0,16.69,599.0,599.0,0.0,0.0
2026-06-04,40,Ladies Sandal Bata,Pair,1499.0,1499.0,1499.0,1499.0,1399.0,0.0,7.15,1185.21,822.91,362.30000000000007,44.026685785808894
2026-06-04,41,Electricity Charges for Q1*,Per Unit,6.95,6.95,6.95,6.95,4.36,0.0,59.4,5.99,7.28,-1.29,-17.71978021978022
2026-06-04,42,Gas Charges for Q1,MMBTU,2566.5,2566.5,2566.5,2566.5,1976.5,0.0,29.85,1976.5,944.61,1031.8899999999999,109.23979208350536
2026-06-04,43,Firewood Whole,40 Kg,900.0,1490.36,2350.0,1490.46,1316.32,-0.01,13.22,1273.03,1141.76,131.26999999999998,11.497162275784746
2026-06-04,44,Energy Saver Philips 14 Watt,Each,240.0,402.11,580.0,402.11,382.86,0.0,5.03,380.66,352.01,28.650000000000034,8.138973324621475
2026-06-04,45,Sufi Washing Soap 250 gm Cake,Each,125.0,138.5,160.0,137.56,132.0,0.68,4.92,130.71,129.09,1.6200000000000045,1.2549384150592573
2026-06-04,46,Match Box,Each,5.0,6.24,7.0,6.24,6.24,0.0,0.0,6.22,5.93,0.29000000000000004,4.890387858347395
2026-06-04,47,Petrol Super,Per Litre,381.78,383.76,386.68,411.76,254.82,-6.8,50.6,256.66,281.33,-24.66999999999996,-8.769061244801463
2026-06-04,48,Hi-Speed Diesel,Per Litre,380.78,382.75,385.68,411.59,255.8,-7.01,49.63,261.39,286.64,-25.25,-8.808958972927712
2026-06-04,49,LPG 11.67 kg Cylinder,Each,4434.6,4784.8,5450.0,4753.64,3045.96,0.66,57.09,3235.35,3085.07,150.27999999999975,4.871202274178543
2026-06-04,50,Telephone Call Charges,Per Minute,1.79,1.79,1.79,1.79,1.79,0.0,0.0,1.79,1.79,0.0,0.0
2026-06-04,51,Toilet Soap LIFEBUOY 115 gm,Each,110.0,116.34,118.6,116.28,111.48,0.05,4.36,108.15,109.79,-1.6400000000000006,-1.4937608161034746
2026-06-11,1,Wheat Flour Bag,20 Kg,2160.0,2425.83,2800.0,2431.05,1519.75,-0.21,59.62,1742.07,2575.18,-833.1099999999999,-32.35152494194581
2026-06-11,2,Rice Basmati Broken (Average Quality),1 Kg,140.0,216.2,290.0,216.2,202.77,0.0,6.62,205.37,222.46,-17.090000000000003,-7.6822799604423295
2026-06-11,3,Rice IRRI-6/9 (Sindh/Punjab),1 Kg,110.0,153.99,200.0,153.97,152.8,0.01,0.78,159.01,165.12,-6.110000000000014,-3.70033914728684
2026-06-11,4,Bread plain (Small Size),Each,100.0,118.25,130.0,118.13,108.83,0.1,8.66,109.13,113.6,-4.469999999999999,-3.9348591549295833
2026-06-11,5,Beef with Bone (Average Quality),1 Kg,1000.0,1249.38,1550.0,1249.38,1106.88,0.0,12.87,1034.77,847.36,187.40999999999997,22.116927870090635
2026-06-11,6,Mutton (Average Quality),1 Kg,1800.0,2354.14,2900.0,2354.14,2034.13,0.0,15.73,1965.06,1746.19,218.8699999999999,12.534145768788036
2026-06-11,7,Chicken Farm Broiler (Live),1 Kg,258.0,311.29,450.0,330.22,335.97,-5.73,-7.35,420.4,395.28,25.120000000000005,6.354988868650068
2026-06-11,8,Milk fresh (Un-boiled),1 Ltr,170.0,214.52,270.0,214.07,199.81,0.21,7.36,197.12,185.03,12.090000000000003,6.534075555315354
2026-06-11,9,Curd (Dahi) Loose,1 Kg,190.0,250.35,400.0,250.35,232.21,0.0,7.81,230.31,215.67,14.640000000000015,6.788148560300456
2026-06-11,10,Powdered Milk NIDO 390 gm Polybag,Each,1100.0,1151.97,1200.0,1151.97,1062.99,0.0,8.37,1034.91,819.69,215.22000000000003,26.256267613366035
2026-06-11,11,Eggs Hen (Farm),1 Dozen,180.0,214.23,250.0,237.04,325.44,-9.62,-34.17,290.19,298.22,-8.03000000000003,-2.6926430152236662
2026-06-11,12,Mustard Oil (Average Quality),1 Kg,430.0,550.78,720.0,551.71,527.48,-0.17,4.42,534.48,508.77,25.710000000000036,5.053363995518609
2026-06-11,13,"Cooking Oil DALDA or Other Similar Brand (SN), 5 Litre Tin",Each,2970.0,3051.03,3110.0,3042.82,2890.11,0.27,5.57,2800.37,2810.06,-9.690000000000055,-0.3448324946798209
2026-06-11,14,Vegetable Ghee DALDA/HABIB 2.5 kg Tin,Each,1500.0,1543.67,1565.0,1537.49,1464.43,0.4,5.41,1408.25,1345.28,62.97000000000003,4.680809942911509
2026-06-11,15,Vegetable Ghee DALDA/HABIB or Other superior Quality 1 kg Pouch,Each,590.0,601.12,610.0,599.7,567.83,0.24,5.86,550.39,518.25,32.139999999999986,6.201640135069937
2026-06-11,16,Bananas (Kela) Local,1 Dozen,100.0,197.73,360.0,198.1,185.23,-0.19,6.75,149.78,136.52,13.259999999999991,9.712862584236731
2026-06-11,17,Pulse Masoor (Washed),1 Kg,220.0,258.86,320.0,258.72,294.41,0.05,-12.07,303.7,320.39,-16.689999999999998,-5.209276194637781
2026-06-11,18,Pulse Moong (Washed),1 Kg,330.0,385.23,460.0,385.29,404.07,-0.02,-4.66,377.95,292.91,85.03999999999996,29.032808712573797
2026-06-11,19,Pulse Mash (Washed),1 Kg,360.0,462.88,540.0,463.95,456.13,-0.23,1.48,507.5,530.09,-22.590000000000032,-4.261540493123817
2026-06-11,20,Pulse Gram,1 Kg,200.0,245.53,320.0,245.89,317.04,-0.15,-22.56,348.88,251.64,97.24000000000001,38.64250516611031
2026-06-11,21,Potatoes,1 Kg,25.0,44.29,90.0,43.68,77.41,1.4,-42.79,85.66,82.44,3.219999999999999,3.9058709364386175
2026-06-11,22,Onions,1 Kg,70.0,89.99,140.0,94.34,48.53,-4.61,85.43,96.52,128.06,-31.540000000000006,-24.629080118694375
2026-06-11,23,Tomatoes,1 Kg,70.0,101.14,160.0,74.7,74.15,35.39,36.4,100.95,110.14,-9.189999999999998,-8.34392591247503
2026-06-11,24,Sugar Refined,1 Kg,140.0,149.32,160.0,149.32,177.16,0.0,-15.71,151.12,146.05,5.069999999999993,3.4714138993495283
2026-06-11,25,Gur (Average Quality),1 Kg,160.0,225.15,290.0,224.92,226.26,0.1,-0.49,213.8,210.53,3.2700000000000102,1.5532228186006876
2026-06-11,26,Salt Powdered (NATIONAL/SHAN) 800 gm Packet,Each,60.0,62.97,80.0,62.97,72.6,0.0,-13.26,71.51,65.72,5.790000000000006,8.810103469263538
2026-06-11,27,Chilies Powder NATIONAL 200 gm Packet,Each,320.0,368.65,380.0,368.65,320.0,0.0,15.2,321.81,374.34,-52.52999999999997,-14.03269754768391
2026-06-11,28,Garlic (Lehsun),1 Kg,180.0,366.33,620.0,369.96,325.89,-0.98,12.41,538.57,518.54,20.030000000000086,3.862768542446119
2026-06-11,29,Tea Lipton Yellow Label 190 gm Packet,Each,447.0,447.06,447.5,447.06,447.07,0.0,0.0,509.02,556.48,-47.460000000000036,-8.528608395629675
2026-06-11,30,Cooked Beef at Average Hotel,Per Plate,200.0,320.98,450.0,320.98,306.79,0.0,4.63,297.24,272.13,25.110000000000014,9.227207584610312
2026-06-11,31,Cooked Daal at Average Hotel,Per Plate,130.0,173.23,260.0,173.23,164.47,0.0,5.33,160.91,140.93,19.97999999999999,14.177251117576077
2026-06-11,32,Tea Prepared Ordinary,Per Cup,50.0,64.78,80.0,64.78,61.14,0.0,5.95,60.95,56.87,4.080000000000005,7.174257077545292
2026-06-11,33,Cigarettes Capstan 20'S Packet,Each,240.0,250.87,270.0,249.73,240.59,0.46,4.27,234.79,222.49,12.299999999999983,5.528338352285473
2026-06-11,34,"Long Cloth 57"" Gul Ahmed/Al Karam",1 mtr,400.0,685.73,800.0,685.73,655.45,0.0,4.62,625.57,568.18,57.3900000000001,10.10067232215144
2026-06-11,35,Shirting (Average Quality),1 mtr,230.0,536.98,900.0,536.98,498.69,0.0,7.68,480.39,415.53,64.86000000000001,15.608981300989115
2026-06-11,36,Lawn Printed Gul Ahmed/Al Karam,1 mtr,400.0,678.48,900.0,678.48,656.27,0.0,3.38,622.49,560.31,62.180000000000064,11.097428209384105
2026-06-11,37,Georgette (Average Quality),1 mtr,200.0,317.89,490.0,317.89,301.9,0.0,5.3,292.81,261.61,31.19999999999999,11.92614961201788
2026-06-11,38,Gents Sandal Bata,Pair,2499.0,2499.0,2499.0,2499.0,2499.0,0.0,0.0,2499.0,2298.72,200.2800000000002,8.71267487993319
2026-06-11,39,Gents Sponge Chappal Bata,Pair,699.0,699.0,699.0,699.0,599.0,0.0,16.69,599.0,599.0,0.0,0.0
2026-06-11,40,Ladies Sandal Bata,Pair,1499.0,1499.0,1499.0,1499.0,1399.0,0.0,7.15,1185.21,822.91,362.30000000000007,44.026685785808894
2026-06-11,41,Electricity Charges for Q1*,Per Unit,6.95,6.95,6.95,6.95,4.36,0.0,59.4,5.99,7.28,-1.29,-17.71978021978022
2026-06-11,42,Gas Charges for Q1,MMBTU,2566.5,2566.5,2566.5,2566.5,1976.5,0.0,29.85,1976.5,944.61,1031.8899999999999,109.23979208350536
2026-06-11,43,Firewood Whole,40 Kg,900.0,1490.36,2350.0,1490.36,1316.32,0.0,13.22,1273.03,1141.76,131.26999999999998,11.497162275784746
2026-06-11,44,Energy Saver Philips 14 Watt,Each,240.0,402.11,580.0,402.11,382.86,0.0,5.03,380.66,352.01,28.650000000000034,8.138973324621475
2026-06-11,45,Sufi Washing Soap 250 gm Cake,Each,125.0,138.5,160.0,138.5,132.0,0.0,4.92,130.71,129.09,1.6200000000000045,1.2549384150592573
2026-06-11,46,Match Box,Each,5.0,6.24,7.0,6.24,6.24,0.0,0.0,6.22,5.93,0.29000000000000004,4.890387858347395
2026-06-11,47,Petrol Super,Per Litre,377.78,379.77,382.68,383.76,254.82,-1.04,49.03,256.66,281.33,-24.66999999999996,-8.769061244801463
2026-06-11,48,Hi-Speed Diesel,Per Litre,380.78,382.75,385.68,382.75,255.8,0.0,49.63,261.39,286.64,-25.25,-8.808958972927712
2026-06-11,49,LPG 11.67 kg Cylinder,Each,4668.0,5312.41,5951.7,4784.8,3045.2,11.03,74.45,3235.35,3085.07,150.27999999999975,4.871202274178543
2026-06-11,50,Telephone Call Charges,Per Minute,1.79,1.79,1.79,1.79,1.79,0.0,0.0,1.79,1.79,0.0,0.0
2026-06-11,51,Toilet Soap LIFEBUOY 115 gm,Each,110.0,116.34,118.6,116.34,111.48,0.0,4.36,108.15,109.79,-1.6400000000000006,-1.4937608161034746
2026-07-30,1,Wheat Flour Bag,20 Kg,2200.0,2634.04,3133.33,2582.5,1474.42,2.0,78.65,2109.18,1742.07,367.1099999999999,21.07320601353561
2026-07-30,2,Rice Basmati Broken (Average Quality),1 Kg,140.0,217.53,300.0,217.51,207.53,0.01,4.82,214.54,205.37,9.169999999999987,4.465111749525235
2026-07-30,3,Rice IRRI-6/9 (Sindh/Punjab),1 Kg,110.0,154.63,200.0,154.57,154.22,0.04,0.27,155.74,159.01,-3.269999999999982,-2.056474435570081
2026-07-30,4,Bread plain (Small Size),Each,100.0,119.38,130.0,119.38,108.83,0.0,9.69,112.09,109.13,2.960000000000008,2.7123614038303145
2026-07-30,5,Beef with Bone (Average Quality),1 Kg,1000.0,1262.87,1600.0,1257.6,1113.24,0.42,13.44,1170.7,1034.77,135.93000000000006,13.136252500555685
2026-07-30,6,Mutton (Average Quality),1 Kg,1800.0,2377.79,3000.0,2373.74,2048.77,0.17,16.06,2157.14,1965.06,192.07999999999993,9.774765147120192
2026-07-30,7,Chicken Farm Broiler (Live),1 Kg,280.0,324.37,400.0,365.27,403.25,-11.2,-19.56,385.92,420.4,-34.47999999999996,-8.201712654614653
2026-07-30,8,Milk fresh (Un-boiled),1 Ltr,170.0,218.19,280.0,217.48,201.5,0.33,8.28,204.78,197.12,7.659999999999997,3.8859577922077904
2026-07-30,9,Curd (Dahi) Loose,1 Kg,190.0,253.71,400.0,253.38,236.45,0.13,7.3,240.43,230.31,10.120000000000005,4.394077547653168
2026-07-30,10,Powdered Milk NIDO 390 gm Polybag,Each,1100.0,1155.74,1200.0,1155.74,1088.75,0.0,6.15,1123.76,1034.91,88.84999999999991,8.585287609550576
2026-07-30,11,Eggs Hen (Farm),1 Dozen,240.0,265.46,300.0,257.33,289.75,3.16,-8.38,285.7,290.19,-4.490000000000009,-1.5472621385988532
2026-07-30,12,Mustard Oil (Average Quality),1 Kg,460.0,551.93,720.0,551.88,526.51,0.01,4.83,543.98,534.48,9.5,1.7774285286633784
2026-07-30,13,"Cooking Oil DALDA or Other Similar Brand (SN), 5 Litre Tin",Each,3020.0,3075.2,3110.0,3068.28,2872.88,0.23,7.04,2960.42,2800.37,160.05000000000018,5.715316190360568
2026-07-30,14,Vegetable Ghee DALDA/HABIB 2.5 kg Tin,Each,1500.0,1560.9,1580.0,1549.86,1461.7,0.71,6.79,1502.18,1408.25,93.93000000000006,6.66998047221729
2026-07-30,15,Vegetable Ghee DALDA/HABIB or Other superior Quality 1 kg Pouch,Each,590.0,609.27,615.0,607.35,568.47,0.32,7.18,584.15,550.39,33.75999999999999,6.133832373407941
2026-07-30,16,Bananas (Kela) Local,1 Dozen,120.0,186.55,300.0,187.86,162.66,-0.7,14.69,161.48,149.78,11.699999999999989,7.811456803311529
2026-07-30,17,Pulse Masoor (Washed),1 Kg,220.0,257.95,320.0,256.32,295.8,0.64,-12.8,277.24,303.7,-26.45999999999998,-8.712545274942372
2026-07-30,18,Pulse Moong (Washed),1 Kg,280.0,362.73,480.0,363.28,391.62,-0.15,-7.38,386.71,377.95,8.759999999999991,2.31776690038366
2026-07-30,19,Pulse Mash (Washed),1 Kg,360.0,453.42,540.0,450.33,453.16,0.69,0.06,452.55,507.5,-54.94999999999999,-10.827586206896541
2026-07-30,20,Pulse Gram,1 Kg,200.0,249.18,330.0,245.64,311.05,1.44,-19.89,271.91,348.88,-76.96999999999997,-22.06202705801421
2026-07-30,21,Potatoes,1 Kg,30.0,57.69,140.0,56.6,83.48,1.93,-30.89,54.58,85.66,-31.08,-36.28297922017277
2026-07-30,22,Onions,1 Kg,80.0,109.42,160.0,101.67,56.01,7.62,95.36,81.61,96.52,-14.909999999999997,-15.447575631993374
2026-07-30,23,Tomatoes,1 Kg,150.0,270.0,420.0,350.46,82.14,-22.96,228.71,102.1,100.95,1.1499999999999915,1.1391778107974204
2026-07-30,24,Sugar Refined,1 Kg,140.0,147.99,160.0,148.23,179.33,-0.16,-17.48,165.93,151.12,14.810000000000002,9.800158814187412
2026-07-30,25,Gur (Average Quality),1 Kg,160.0,229.11,290.0,228.19,239.31,0.4,-4.26,233.9,213.8,20.099999999999994,9.40130963517305
2026-07-30,26,Salt Powdered (NATIONAL/SHAN) 800 gm Packet,Each,60.0,62.37,80.0,62.37,72.6,0.0,-14.09,67.32,71.51,-4.190000000000012,-5.8593203747727785
2026-07-30,27,Chilies Powder NATIONAL 200 gm Packet,Each,320.0,368.65,380.0,368.65,320.0,0.0,15.2,344.03,321.81,22.21999999999997,6.904695317112569
2026-07-30,28,Garlic (Lehsun),1 Kg,250.0,371.63,600.0,370.35,378.17,0.35,-1.73,423.98,538.57,-114.59000000000003,-21.276714261841548
2026-07-30,29,Tea Lipton Yellow Label 190 gm Packet,Each,447.0,458.23,469.42,456.7,447.07,0.34,2.5,447.06,509.02,-61.95999999999998,-12.172409728497897
2026-07-30,30,Cooked Beef at Average Hotel,Per Plate,200.0,322.44,450.0,322.33,310.95,0.03,3.7,315.62,297.24,18.379999999999995,6.183555376127032
2026-07-30,31,Cooked Daal at Average Hotel,Per Plate,130.0,175.48,260.0,175.48,167.17,0.0,4.97,168.69,160.91,7.780000000000001,4.8350009321981275
2026-07-30,32,Tea Prepared Ordinary,Per Cup,50.0,65.34,80.0,65.34,61.38,0.0,6.45,62.9,60.95,1.9499999999999957,3.1993437243642404
2026-07-30,33,Cigarettes Capstan 20'S Packet,Each,240.0,252.06,270.0,252.06,242.73,0.0,3.84,245.1,234.79,10.310000000000002,4.391158056135282
2026-07-30,34,"Long Cloth 57"" Gul Ahmed/Al Karam",1 mtr,400.0,688.69,850.0,688.69,656.91,0.0,4.84,665.65,625.57,40.07999999999993,6.406956855347914
2026-07-30,35,Shirting (Average Quality),1 mtr,230.0,544.67,900.0,544.67,499.58,0.0,9.03,516.79,480.39,36.39999999999998,7.577176877120678
2026-07-30,36,Lawn Printed Gul Ahmed/Al Karam,1 mtr,400.0,680.92,900.0,680.92,656.59,0.0,3.71,665.62,622.49,43.129999999999995,6.928625359443515
2026-07-30,37,Georgette (Average Quality),1 mtr,200.0,318.06,490.0,318.06,301.9,0.0,5.35,308.19,292.81,15.379999999999995,5.252552849970968
2026-07-30,38,Gents Sandal Bata,Pair,2499.0,2499.0,2499.0,2499.0,2499.0,0.0,0.0,2499.0,2499.0,0.0,0.0
2026-07-30,39,Gents Sponge Chappal Bata,Pair,699.0,699.0,699.0,699.0,599.0,0.0,16.69,611.98,599.0,12.980000000000018,2.166944908180298
2026-07-30,40,Ladies Sandal Bata,Pair,1499.0,1499.0,1499.0,1499.0,1399.0,0.0,7.15,1412.48,1185.21,227.26999999999998,19.175504762869025
2026-07-30,41,Electricity Charges for Q1*,Per Unit,6.32,6.32,6.32,6.95,5.66,-9.06,11.66,6.01,5.99,0.019999999999999574,0.3338898163605961
2026-07-30,42,Gas Charges for Q1,MMBTU,2566.5,2566.5,2566.5,2566.5,2566.5,0.0,0.0,2535.14,1976.5,558.6399999999999,28.264103212749802
2026-07-30,43,Firewood Whole,40 Kg,900.0,1496.41,2350.0,1494.16,1338.82,0.15,11.77,1426.49,1273.03,153.46000000000004,12.054704131088826
2026-07-30,44,Energy Saver Philips 14 Watt,Each,240.0,402.11,580.0,402.11,386.6,0.0,4.01,395.67,380.66,15.009999999999991,3.9431513686754442
2026-07-30,45,Sufi Washing Soap 250 gm Cake,Each,130.0,141.98,160.0,141.91,132.0,0.05,7.56,133.98,130.71,3.269999999999982,2.5017213679136887
2026-07-30,46,Match Box,Each,5.0,6.31,7.0,6.31,6.24,0.0,1.12,6.24,6.22,0.020000000000000462,0.32154340836012807
2026-07-30,47,Petrol Super,Per Litre,335.06,336.98,339.3,328.89,273.34,2.46,23.28,294.18,256.66,37.51999999999998,14.618561521078448
2026-07-30,48,Hi-Speed Diesel,Per Litre,390.62,392.36,394.8,376.64,285.51,4.17,37.42,306.35,261.39,44.960000000000036,17.200351964497514
2026-07-30,49,LPG 11.67 kg Cylinder,Each,4200.0,4580.57,5200.0,4495.31,3018.29,1.9,51.76,3683.9,3235.35,448.5500000000002,13.86403325760736
2026-07-30,50,Telephone Call Charges,Per Minute,1.79,1.79,1.79,1.79,1.79,0.0,0.0,1.79,1.79,0.0,0.0
2026-07-30,51,Toilet Soap LIFEBUOY 115 gm,Each,110.0,120.42,136.02,116.34,110.48,3.51,9.0,114.99,108.15,6.839999999999989,6.3245492371705865
2026-08-13,1,Wheat Flour Bag,20 Kg,2200.0,2646.94,3133.33,2647.82,1491.99,-0.03,77.41,2109.18,1742.07,367.1099999999999,21.07320601353561
2026-08-13,2,Rice Basmati Broken (Average Quality),1 Kg,140.0,217.61,300.0,217.53,206.95,0.04,5.15,214.54,205.37,9.169999999999987,4.465111749525235
2026-08-13,3,Rice IRRI-6/9 (Sindh/Punjab),1 Kg,110.0,154.63,200.0,154.63,154.16,0.0,0.3,155.74,159.01,-3.269999999999982,-2.056474435570081
2026-08-13,4,Bread plain (Small Size),Each,100.0,119.03,130.0,119.03,108.83,0.0,9.37,112.09,109.13,2.960000000000008,2.7123614038303145
2026-08-13,5,Beef with Bone (Average Quality),1 Kg,1000.0,1266.97,1600.0,1266.97,1117.07,0.0,13.42,1170.7,1034.77,135.93000000000006,13.136252500555685
2026-08-13,6,Mutton (Average Quality),1 Kg,1800.0,2383.87,3000.0,2379.07,2055.45,0.2,15.98,2157.14,1965.06,192.07999999999993,9.774765147120192
2026-08-13,7,Chicken Farm Broiler (Live),1 Kg,325.0,362.84,430.0,354.17,439.54,2.45,-17.45,385.92,420.4,-34.47999999999996,-8.201712654614653
2026-08-13,8,Milk fresh (Un-boiled),1 Ltr,170.0,218.19,280.0,218.19,201.61,0.0,8.22,204.78,197.12,7.659999999999997,3.8859577922077904
2026-08-13,9,Curd (Dahi) Loose,1 Kg,190.0,254.57,400.0,253.71,236.55,0.34,7.62,240.43,230.31,10.120000000000005,4.394077547653168
2026-08-13,10,Powdered Milk NIDO 390 gm Polybag,Each,1100.0,1155.93,1200.0,1155.93,1092.97,0.0,5.76,1123.76,1034.91,88.84999999999991,8.585287609550576
2026-08-13,11,Eggs Hen (Farm),1 Dozen,240.0,264.71,300.0,265.21,299.77,-0.19,-11.7,285.7,290.19,-4.490000000000009,-1.5472621385988532
2026-08-13,12,Mustard Oil (Average Quality),1 Kg,460.0,559.89,720.0,557.4,527.65,0.45,6.11,543.98,534.48,9.5,1.7774285286633784
2026-08-13,13,"Cooking Oil DALDA or Other Similar Brand (SN), 5 Litre Tin",Each,3020.0,3076.78,3110.0,3076.71,2872.88,0.0,7.1,2960.42,2800.37,160.05000000000018,5.715316190360568
2026-08-13,14,Vegetable Ghee DALDA/HABIB 2.5 kg Tin,Each,1500.0,1565.23,1580.0,1562.87,1461.7,0.15,7.08,1502.18,1408.25,93.93000000000006,6.66998047221729
2026-08-13,15,Vegetable Ghee DALDA/HABIB or Other superior Quality 1 kg Pouch,Each,590.0,611.89,615.0,611.54,567.89,0.06,7.75,584.15,550.39,33.75999999999999,6.133832373407941
2026-08-13,16,Bananas (Kela) Local,1 Dozen,120.0,183.65,300.0,184.32,156.1,-0.36,17.65,161.48,149.78,11.699999999999989,7.811456803311529
2026-08-13,17,Pulse Masoor (Washed),1 Kg,220.0,258.81,310.0,258.18,295.97,0.24,-12.56,277.24,303.7,-26.45999999999998,-8.712545274942372
2026-08-13,18,Pulse Moong (Washed),1 Kg,280.0,361.86,440.0,363.14,384.5,-0.35,-5.89,386.71,377.95,8.759999999999991,2.31776690038366
2026-08-13,19,Pulse Mash (Washed),1 Kg,360.0,452.38,540.0,453.6,450.63,-0.27,0.39,452.55,507.5,-54.94999999999999,-10.827586206896541
2026-08-13,20,Pulse Gram,1 Kg,200.0,263.8,330.0,255.24,308.14,3.35,-14.39,271.91,348.88,-76.96999999999997,-22.06202705801421
2026-08-13,21,Potatoes,1 Kg,30.0,57.22,140.0,57.64,81.74,-0.73,-30.0,54.58,85.66,-31.08,-36.28297922017277
2026-08-13,22,Onions,1 Kg,110.0,150.26,220.0,120.52,66.56,24.68,125.75,81.61,96.52,-14.909999999999997,-15.447575631993374
2026-08-13,23,Tomatoes,1 Kg,150.0,248.43,350.0,251.59,101.91,-1.26,143.77,102.1,100.95,1.1499999999999915,1.1391778107974204
2026-08-13,24,Sugar Refined,1 Kg,140.0,147.07,160.0,147.23,179.19,-0.11,-17.93,165.93,151.12,14.810000000000002,9.800158814187412
2026-08-13,25,Gur (Average Quality),1 Kg,160.0,228.87,290.0,229.11,241.74,-0.1,-5.32,233.9,213.8,20.099999999999994,9.40130963517305
2026-08-13,26,Salt Powdered (NATIONAL/SHAN) 800 gm Packet,Each,60.0,62.43,80.0,62.37,72.56,0.1,-13.96,67.32,71.51,-4.190000000000012,-5.8593203747727785
2026-08-13,27,Chilies Powder NATIONAL 200 gm Packet,Each,320.0,372.39,380.0,372.39,320.0,0.0,16.37,344.03,321.81,22.21999999999997,6.904695317112569
2026-08-13,28,Garlic (Lehsun),1 Kg,200.0,372.79,600.0,371.96,382.82,0.22,-2.62,423.98,538.57,-114.59000000000003,-21.276714261841548
2026-08-13,29,Tea Lipton Yellow Label 190 gm Packet,Each,447.0,463.74,469.42,460.84,447.07,0.63,3.73,447.06,509.02,-61.95999999999998,-12.172409728497897
2026-08-13,30,Cooked Beef at Average Hotel,Per Plate,200.0,322.44,450.0,322.44,310.95,0.0,3.7,315.62,297.24,18.379999999999995,6.183555376127032
2026-08-13,31,Cooked Daal at Average Hotel,Per Plate,130.0,175.48,260.0,175.48,167.44,0.0,4.8,168.69,160.91,7.780000000000001,4.8350009321981275
2026-08-13,32,Tea Prepared Ordinary,Per Cup,50.0,65.34,80.0,65.34,61.71,0.0,5.88,62.9,60.95,1.9499999999999957,3.1993437243642404
2026-08-13,33,Cigarettes Capstan 20'S Packet,Each,240.0,252.06,270.0,252.06,243.02,0.0,3.72,245.1,234.79,10.310000000000002,4.391158056135282
2026-08-13,34,"Long Cloth 57"" Gul Ahmed/Al Karam",1 mtr,400.0,688.69,850.0,688.69,656.91,0.0,4.84,665.65,625.57,40.07999999999993,6.406956855347914
2026-08-13,35,Shirting (Average Quality),1 mtr,230.0,544.67,900.0,544.67,499.58,0.0,9.03,516.79,480.39,36.39999999999998,7.577176877120678
2026-08-13,36,Lawn Printed Gul Ahmed/Al Karam,1 mtr,400.0,680.92,900.0,680.92,656.59,0.0,3.71,665.62,622.49,43.129999999999995,6.928625359443515
2026-08-13,37,Georgette (Average Quality),1 mtr,200.0,318.06,490.0,318.06,301.9,0.0,5.35,308.19,292.81,15.379999999999995,5.252552849970968
2026-08-13,38,Gents Sandal Bata,Pair,2499.0,2499.0,2499.0,2499.0,2499.0,0.0,0.0,2499.0,2499.0,0.0,0.0
2026-08-13,39,Gents Sponge Chappal Bata,Pair,699.0,699.0,699.0,699.0,599.0,0.0,16.69,611.98,599.0,12.980000000000018,2.166944908180298
2026-08-13,40,Ladies Sandal Bata,Pair,1499.0,1499.0,1499.0,1499.0,1399.0,0.0,7.15,1412.48,1185.21,227.26999999999998,19.175504762869025
2026-08-13,41,Electricity Charges for Q1*,Per Unit,6.32,6.32,6.32,6.32,5.66,0.0,11.66,6.01,5.99,0.019999999999999574,0.3338898163605961
2026-08-13,42,Gas Charges for Q1,MMBTU,2566.5,2566.5,2566.5,2566.5,2566.5,0.0,0.0,2535.14,1976.5,558.6399999999999,28.264103212749802
2026-08-13,43,Firewood Whole,40 Kg,900.0,1501.14,2350.0,1501.14,1342.23,0.0,11.84,1426.49,1273.03,153.46000000000004,12.054704131088826
2026-08-13,44,Energy Saver Philips 14 Watt,Each,240.0,402.11,580.0,402.11,386.6,0.0,4.01,395.67,380.66,15.009999999999991,3.9431513686754442
2026-08-13,45,Sufi Washing Soap 250 gm Cake,Each,130.0,142.24,160.0,142.09,132.0,0.11,7.76,133.98,130.71,3.269999999999982,2.5017213679136887
2026-08-13,46,Match Box,Each,5.0,6.31,7.0,6.31,6.24,0.0,1.12,6.24,6.22,0.020000000000000462,0.32154340836012807
2026-08-13,47,Petrol Super,Per Litre,324.98,327.0,329.44,334.86,265.82,-2.35,23.02,294.18,256.66,37.51999999999998,14.618561521078448
2026-08-13,48,Hi-Speed Diesel,Per Litre,382.79,384.72,387.2,385.83,286.99,-0.29,34.05,306.35,261.39,44.960000000000036,17.200351964497514
2026-08-13,49,LPG 11.67 kg Cylinder,Each,4085.0,4523.81,5200.0,4493.72,2910.9,0.67,55.41,3683.9,3235.35,448.5500000000002,13.86403325760736
2026-08-13,50,Telephone Call Charges,Per Minute,1.79,1.79,1.79,1.79,1.79,0.0,0.0,1.79,1.79,0.0,0.0
2026-08-13,51,Toilet Soap LIFEBUOY 115 gm,Each,116.17,127.6,136.02,124.85,112.96,2.2,12.96,114.99,108.15,6.839999999999989,6.3245492371705865
2026-08-20,1,Wheat Flour Bag,20 Kg,2200.0,2647.95,3133.33,2646.94,1631.98,0.04,62.25,2109.18,1742.07,367.1099999999999,21.07320601353561
2026-08-20,2,Rice Basmati Broken (Average Quality),1 Kg,140.0,217.92,300.0,217.61,208.01,0.14,4.76,214.54,205.37,9.169999999999987,4.465111749525235
2026-08-20,3,Rice IRRI-6/9 (Sindh/Punjab),1 Kg,110.0,154.63,200.0,154.63,154.16,0.0,0.3,155.74,159.01,-3.269999999999982,-2.056474435570081
2026-08-20,4,Bread plain (Small Size),Each,100.0,119.03,130.0,119.03,108.83,0.0,9.37,112.09,109.13,2.960000000000008,2.7123614038303145
2026-08-20,5,Beef with Bone (Average Quality),1 Kg,1000.0,1268.53,1600.0,1266.97,1117.23,0.12,13.54,1170.7,1034.77,135.93000000000006,13.136252500555685
2026-08-20,6,Mutton (Average Quality),1 Kg,1800.0,2383.87,3000.0,2383.87,2055.45,0.0,15.98,2157.14,1965.06,192.07999999999993,9.774765147120192
2026-08-20,7,Chicken Farm Broiler (Live),1 Kg,330.0,374.98,420.0,362.84,455.51,3.35,-17.68,385.92,420.4,-34.47999999999996,-8.201712654614653
2026-08-20,8,Milk fresh (Un-boiled),1 Ltr,170.0,218.56,280.0,218.19,201.75,0.17,8.33,204.78,197.12,7.659999999999997,3.8859577922077904
2026-08-20,9,Curd (Dahi) Loose,1 Kg,190.0,254.87,400.0,254.57,236.78,0.12,7.64,240.43,230.31,10.120000000000005,4.394077547653168
2026-08-20,10,Powdered Milk NIDO 390 gm Polybag,Each,1100.0,1156.84,1200.0,1155.93,1092.97,0.08,5.84,1123.76,1034.91,88.84999999999991,8.585287609550576
2026-08-20,11,Eggs Hen (Farm),1 Dozen,230.0,249.4,280.0,264.71,301.96,-5.78,-17.41,285.7,290.19,-4.490000000000009,-1.5472621385988532
2026-08-20,12,Mustard Oil (Average Quality),1 Kg,460.0,559.94,720.0,559.89,530.52,0.01,5.55,543.98,534.48,9.5,1.7774285286633784
2026-08-20,13,"Cooking Oil DALDA or Other Similar Brand (SN), 5 Litre Tin",Each,3020.0,3078.4,3110.0,3076.78,2872.88,0.05,7.15,2960.42,2800.37,160.05000000000018,5.715316190360568
2026-08-20,14,Vegetable Ghee DALDA/HABIB 2.5 kg Tin,Each,1500.0,1566.11,1580.0,1565.23,1461.7,0.06,7.14,1502.18,1408.25,93.93000000000006,6.66998047221729
2026-08-20,15,Vegetable Ghee DALDA/HABIB or Other superior Quality 1 kg Pouch,Each,590.0,612.71,615.0,611.89,567.89,0.13,7.89,584.15,550.39,33.75999999999999,6.133832373407941
2026-08-20,16,Bananas (Kela) Local,1 Dozen,120.0,181.97,300.0,183.65,154.66,-0.91,17.66,161.48,149.78,11.699999999999989,7.811456803311529
2026-08-20,17,Pulse Masoor (Washed),1 Kg,220.0,258.44,310.0,258.81,294.64,-0.14,-12.29,277.24,303.7,-26.45999999999998,-8.712545274942372
2026-08-20,18,Pulse Moong (Washed),1 Kg,270.0,359.84,450.0,361.86,377.93,-0.56,-4.79,386.71,377.95,8.759999999999991,2.31776690038366
2026-08-20,19,Pulse Mash (Washed),1 Kg,360.0,451.76,540.0,452.38,446.67,-0.14,1.14,452.55,507.5,-54.94999999999999,-10.827586206896541
2026-08-20,20,Pulse Gram,1 Kg,200.0,266.26,330.0,263.8,306.12,0.93,-13.02,271.91,348.88,-76.96999999999997,-22.06202705801421
2026-08-20,21,Potatoes,1 Kg,30.0,56.55,150.0,57.22,80.8,-1.17,-30.01,54.58,85.66,-31.08,-36.28297922017277
2026-08-20,22,Onions,1 Kg,120.0,171.55,240.0,150.26,73.78,14.17,132.52,81.61,96.52,-14.909999999999997,-15.447575631993374
2026-08-20,23,Tomatoes,1 Kg,140.0,236.03,330.0,248.43,122.16,-4.99,93.21,102.1,100.95,1.1499999999999915,1.1391778107974204
2026-08-20,24,Sugar Refined,1 Kg,138.0,146.71,160.0,147.07,181.34,-0.24,-19.1,165.93,151.12,14.810000000000002,9.800158814187412
2026-08-20,25,Gur (Average Quality),1 Kg,160.0,229.07,290.0,228.87,243.72,0.09,-6.01,233.9,213.8,20.099999999999994,9.40130963517305
2026-08-20,26,Salt Powdered (NATIONAL/SHAN) 800 gm Packet,Each,60.0,62.43,80.0,62.43,72.56,0.0,-13.96,67.32,71.51,-4.190000000000012,-5.8593203747727785
2026-08-20,27,Chilies Powder NATIONAL 200 gm Packet,Each,320.0,372.39,380.0,372.39,320.0,0.0,16.37,344.03,321.81,22.21999999999997,6.904695317112569
2026-08-20,28,Garlic (Lehsun),1 Kg,200.0,380.23,600.0,372.79,391.53,2.0,-2.89,423.98,538.57,-114.59000000000003,-21.276714261841548
2026-08-20,29,Tea Lipton Yellow Label 190 gm Packet,Each,447.0,465.31,469.42,463.74,447.07,0.34,4.08,447.06,509.02,-61.95999999999998,-12.172409728497897
2026-08-20,30,Cooked Beef at Average Hotel,Per Plate,200.0,322.44,450.0,322.44,310.95,0.0,3.7,315.62,297.24,18.379999999999995,6.183555376127032
2026-08-20,31,Cooked Daal at Average Hotel,Per Plate,130.0,175.74,260.0,175.48,167.44,0.15,4.96,168.69,160.91,7.780000000000001,4.8350009321981275
2026-08-20,32,Tea Prepared Ordinary,Per Cup,50.0,65.8,90.0,65.34,61.71,0.7,6.63,62.9,60.95,1.9499999999999957,3.1993437243642404
2026-08-20,33,Cigarettes Capstan 20'S Packet,Each,240.0,252.22,270.0,252.06,243.02,0.06,3.79,245.1,234.79,10.310000000000002,4.391158056135282
2026-08-20,34,"Long Cloth 57"" Gul Ahmed/Al Karam",1 mtr,400.0,688.69,850.0,688.69,657.5,0.0,4.74,665.65,625.57,40.07999999999993,6.406956855347914
2026-08-20,35,Shirting (Average Quality),1 mtr,230.0,544.75,900.0,544.67,500.21,0.01,8.9,516.79,480.39,36.39999999999998,7.577176877120678
2026-08-20,36,Lawn Printed Gul Ahmed/Al Karam,1 mtr,400.0,680.92,900.0,680.92,657.1,0.0,3.63,665.62,622.49,43.129999999999995,6.928625359443515
2026-08-20,37,Georgette (Average Quality),1 mtr,200.0,318.06,490.0,318.06,301.9,0.0,5.35,308.19,292.81,15.379999999999995,5.252552849970968
2026-08-20,38,Gents Sandal Bata,Pair,2499.0,2499.0,2499.0,2499.0,2499.0,0.0,0.0,2499.0,2499.0,0.0,0.0
2026-08-20,39,Gents Sponge Chappal Bata,Pair,699.0,699.0,699.0,699.0,599.0,0.0,16.69,611.98,599.0,12.980000000000018,2.166944908180298
2026-08-20,40,Ladies Sandal Bata,Pair,1499.0,1499.0,1499.0,1499.0,1399.0,0.0,7.15,1412.48,1185.21,227.26999999999998,19.175504762869025
2026-08-20,41,Electricity Charges for Q1*,Per Unit,6.32,6.32,6.32,6.32,5.15,0.0,22.72,6.01,5.99,0.019999999999999574,0.3338898163605961
2026-08-20,42,Gas Charges for Q1,MMBTU,2566.5,2566.5,2566.5,2566.5,2566.5,0.0,0.0,2535.14,1976.5,558.6399999999999,28.264103212749802
2026-08-20,43,Firewood Whole,40 Kg,900.0,1501.14,2350.0,1501.14,1342.23,0.0,11.84,1426.49,1273.03,153.46000000000004,12.054704131088826
2026-08-20,44,Energy Saver Philips 14 Watt,Each,240.0,402.11,580.0,402.11,386.6,0.0,4.01,395.67,380.66,15.009999999999991,3.9431513686754442
2026-08-20,45,Sufi Washing Soap 250 gm Cake,Each,130.0,142.41,160.0,142.24,132.0,0.12,7.89,133.98,130.71,3.269999999999982,2.5017213679136887
2026-08-20,46,Match Box,Each,5.0,6.31,7.0,6.31,6.24,0.0,1.12,6.24,6.22,0.020000000000000462,0.32154340836012807
2026-08-20,47,Petrol Super,Per Litre,337.51,339.33,341.96,327.0,265.82,3.77,27.65,294.18,256.66,37.51999999999998,14.618561521078448
2026-08-20,48,Hi-Speed Diesel,Per Litre,363.06,364.9,367.5,384.72,274.19,-5.15,33.08,306.35,261.39,44.960000000000036,17.200351964497514
2026-08-20,49,LPG 11.67 kg Cylinder,Each,4084.0,4476.7,5200.0,4523.81,2951.25,-1.04,51.69,3683.9,3235.35,448.5500000000002,13.86403325760736
2026-08-20,50,Telephone Call Charges,Per Minute,1.79,1.79,1.79,1.79,1.79,0.0,0.0,1.79,1.79,0.0,0.0
2026-08-20,51,Toilet Soap LIFEBUOY 115 gm,Each,116.17,128.47,136.02,127.6,113.36,0.68,13.33,114.99,108.15,6.839999999999989,6.3245492371705865
2026-08-27,1,Wheat Flour Bag,20 Kg,2200.0,2658.24,3200.0,2647.95,1829.68,0.39,45.28,2109.18,1742.07,367.1099999999999,21.07320601353561
2026-08-27,2,Rice Basmati Broken (Average Quality),1 Kg,140.0,217.02,300.0,217.92,208.22,-0.41,4.23,214.54,205.37,9.169999999999987,4.465111749525235
2026-08-27,3,Rice IRRI-6/9 (Sindh/Punjab),1 Kg,110.0,153.98,200.0,154.63,154.54,-0.42,-0.36,155.74,159.01,-3.269999999999982,-2.056474435570081
2026-08-27,4,Bread plain (Small Size),Each,100.0,119.03,130.0,119.03,108.83,0.0,9.37,112.09,109.13,2.960000000000008,2.7123614038303145
2026-08-27,5,Beef with Bone (Average Quality),1 Kg,1000.0,1269.26,1600.0,1268.53,1117.23,0.06,13.61,1170.7,1034.77,135.93000000000006,13.136252500555685
2026-08-27,6,Mutton (Average Quality),1 Kg,1800.0,2384.47,3000.0,2383.87,2055.45,0.03,16.01,2157.14,1965.06,192.07999999999993,9.774765147120192
2026-08-27,7,Chicken Farm Broiler (Live),1 Kg,320.0,358.44,420.0,374.98,470.81,-4.41,-23.87,385.92,420.4,-34.47999999999996,-8.201712654614653
2026-08-27,8,Milk fresh (Un-boiled),1 Ltr,170.0,218.56,280.0,218.56,201.97,0.0,8.21,204.78,197.12,7.659999999999997,3.8859577922077904
2026-08-27,9,Curd (Dahi) Loose,1 Kg,190.0,254.87,400.0,254.87,236.78,0.0,7.64,240.43,230.31,10.120000000000005,4.394077547653168
2026-08-27,10,Powdered Milk NIDO 390 gm Polybag,Each,1100.0,1157.23,1200.0,1156.84,1092.97,0.03,5.88,1123.76,1034.91,88.84999999999991,8.585287609550576
2026-08-27,11,Eggs Hen (Farm),1 Dozen,230.0,250.26,300.0,249.4,305.08,0.34,-17.97,285.7,290.19,-4.490000000000009,-1.5472621385988532
2026-08-27,12,Mustard Oil (Average Quality),1 Kg,460.0,561.61,720.0,559.94,537.8,0.3,4.43,543.98,534.48,9.5,1.7774285286633784
2026-08-27,13,"Cooking Oil DALDA or Other Similar Brand (SN), 5 Litre Tin",Each,3020.0,3079.87,3110.0,3078.4,2872.88,0.05,7.2,2960.42,2800.37,160.05000000000018,5.715316190360568
2026-08-27,14,Vegetable Ghee DALDA/HABIB 2.5 kg Tin,Each,1500.0,1566.98,1580.0,1566.11,1460.24,0.06,7.31,1502.18,1408.25,93.93000000000006,6.66998047221729
2026-08-27,15,Vegetable Ghee DALDA/HABIB or Other superior Quality 1 kg Pouch,Each,590.0,612.71,615.0,612.71,567.89,0.0,7.89,584.15,550.39,33.75999999999999,6.133832373407941
2026-08-27,16,Bananas (Kela) Local,1 Dozen,110.0,176.88,300.0,181.97,154.48,-2.8,14.5,161.48,149.78,11.699999999999989,7.811456803311529
2026-08-27,17,Pulse Masoor (Washed),1 Kg,220.0,259.22,320.0,258.44,293.81,0.3,-11.77,277.24,303.7,-26.45999999999998,-8.712545274942372
2026-08-27,18,Pulse Moong (Washed),1 Kg,270.0,358.63,450.0,359.84,378.84,-0.34,-5.33,386.71,377.95,8.759999999999991,2.31776690038366
2026-08-27,19,Pulse Mash (Washed),1 Kg,360.0,452.53,540.0,451.76,444.74,0.17,1.75,452.55,507.5,-54.94999999999999,-10.827586206896541
2026-08-27,20,Pulse Gram,1 Kg,210.0,268.6,330.0,266.26,305.25,0.88,-12.01,271.91,348.88,-76.96999999999997,-22.06202705801421
2026-08-27,21,Potatoes,1 Kg,30.0,56.33,150.0,56.55,82.03,-0.39,-31.33,54.58,85.66,-31.08,-36.28297922017277
2026-08-27,22,Onions,1 Kg,100.0,166.62,250.0,171.55,73.77,-2.87,125.86,81.61,96.52,-14.909999999999997,-15.447575631993374
2026-08-27,23,Tomatoes,1 Kg,130.0,192.0,320.0,236.03,140.46,-18.65,36.69,102.1,100.95,1.1499999999999915,1.1391778107974204
2026-08-27,24,Sugar Refined,1 Kg,136.0,146.48,160.0,146.71,181.59,-0.16,-19.33,165.93,151.12,14.810000000000002,9.800158814187412
2026-08-27,25,Gur (Average Quality),1 Kg,160.0,228.99,290.0,229.07,244.14,-0.03,-6.21,233.9,213.8,20.099999999999994,9.40130963517305
2026-08-27,26,Salt Powdered (NATIONAL/SHAN) 800 gm Packet,Each,60.0,62.43,80.0,62.43,72.56,0.0,-13.96,67.32,71.51,-4.190000000000012,-5.8593203747727785
2026-08-27,27,Chilies Powder NATIONAL 200 gm Packet,Each,320.0,372.39,380.0,372.39,320.0,0.0,16.37,344.03,321.81,22.21999999999997,6.904695317112569
2026-08-27,28,Garlic (Lehsun),1 Kg,200.0,376.34,600.0,380.23,394.58,-1.02,-4.62,423.98,538.57,-114.59000000000003,-21.276714261841548
2026-08-27,29,Tea Lipton Yellow Label 190 gm Packet,Each,447.0,465.31,469.42,465.31,447.07,0.0,4.08,447.06,509.02,-61.95999999999998,-12.172409728497897
2026-08-27,30,Cooked Beef at Average Hotel,Per Plate,200.0,322.44,450.0,322.44,313.46,0.0,2.86,315.62,297.24,18.379999999999995,6.183555376127032
2026-08-27,31,Cooked Daal at Average Hotel,Per Plate,130.0,175.74,260.0,175.74,167.44,0.0,4.96,168.69,160.91,7.780000000000001,4.8350009321981275
2026-08-27,32,Tea Prepared Ordinary,Per Cup,50.0,65.93,90.0,65.8,61.71,0.2,6.84,62.9,60.95,1.9499999999999957,3.1993437243642404
2026-08-27,33,Cigarettes Capstan 20'S Packet,Each,240.0,252.63,270.0,252.22,243.02,0.16,3.95,245.1,234.79,10.310000000000002,4.391158056135282
2026-08-27,34,"Long Cloth 57"" Gul Ahmed/Al Karam",1 mtr,400.0,688.69,850.0,688.69,658.22,0.0,4.63,665.65,625.57,40.07999999999993,6.406956855347914
2026-08-27,35,Shirting (Average Quality),1 mtr,230.0,544.75,900.0,544.75,500.21,0.0,8.9,516.79,480.39,36.39999999999998,7.577176877120678
2026-08-27,36,Lawn Printed Gul Ahmed/Al Karam,1 mtr,400.0,681.5,900.0,680.92,658.58,0.09,3.48,665.62,622.49,43.129999999999995,6.928625359443515
2026-08-27,37,Georgette (Average Quality),1 mtr,200.0,318.25,490.0,318.06,301.9,0.06,5.42,308.19,292.81,15.379999999999995,5.252552849970968
2026-08-27,38,Gents Sandal Bata,Pair,2499.0,2499.0,2499.0,2499.0,2499.0,0.0,0.0,2499.0,2499.0,0.0,0.0
2026-08-27,39,Gents Sponge Chappal Bata,Pair,699.0,699.0,699.0,699.0,599.0,0.0,16.69,611.98,599.0,12.980000000000018,2.166944908180298
2026-08-27,40,Ladies Sandal Bata,Pair,1499.0,1499.0,1499.0,1499.0,1399.0,0.0,7.15,1412.48,1185.21,227.26999999999998,19.175504762869025
2026-08-27,41,Electricity Charges for Q1*,Per Unit,6.45,6.45,6.45,6.32,5.15,2.06,25.24,6.01,5.99,0.019999999999999574,0.3338898163605961
2026-08-27,42,Gas Charges for Q1,MMBTU,2566.5,2566.5,2566.5,2566.5,2566.5,0.0,0.0,2535.14,1976.5,558.6399999999999,28.264103212749802
2026-08-27,43,Firewood Whole,40 Kg,900.0,1501.14,2350.0,1501.14,1344.52,0.0,11.65,1426.49,1273.03,153.46000000000004,12.054704131088826
2026-08-27,44,Energy Saver Philips 14 Watt,Each,240.0,402.11,580.0,402.11,386.6,0.0,4.01,395.67,380.66,15.009999999999991,3.9431513686754442
2026-08-27,45,Sufi Washing Soap 250 gm Cake,Each,130.0,142.41,160.0,142.41,132.0,0.0,7.89,133.98,130.71,3.269999999999982,2.5017213679136887
2026-08-27,46,Match Box,Each,5.0,6.31,7.0,6.31,6.24,0.0,1.12,6.24,6.22,0.020000000000000462,0.32154340836012807
2026-08-27,47,Petrol Super,Per Litre,343.1,345.14,347.66,339.33,265.82,1.71,29.84,294.18,256.66,37.51999999999998,14.618561521078448
2026-08-27,48,Hi-Speed Diesel,Per Litre,371.8,373.81,376.3,364.9,274.19,2.44,36.33,306.35,261.39,44.960000000000036,17.200351964497514
2026-08-27,49,LPG 11.67 kg Cylinder,Each,4200.0,4631.66,5252.7,4476.7,2975.49,3.46,55.66,3683.9,3235.35,448.5500000000002,13.86403325760736
2026-08-27,50,Telephone Call Charges,Per Minute,1.79,1.79,1.79,1.79,1.79,0.0,0.0,1.79,1.79,0.0,0.0
2026-08-27,51,Toilet Soap LIFEBUOY 115 gm,Each,116.17,129.66,136.02,128.47,113.36,0.93,14.38,114.99,108.15,6.839999999999989,6.3245492371705865
2026-09-24,1,Wheat Flour Bag,20 Kg,2200.0,2689.61,3200.0,2686.59,2031.24,0.11,32.41,2109.18,1742.07,367.1099999999999,21.07320601353561
2026-09-24,2,Rice Basmati Broken (Average Quality),1 Kg,140.0,216.94,300.0,216.94,217.66,0.0,-0.33,214.54,205.37,9.169999999999987,4.465111749525235
2026-09-24,3,Rice IRRI-6/9 (Sindh/Punjab),1 Kg,110.0,154.04,200.0,154.04,159.26,0.0,-3.28,155.74,159.01,-3.269999999999982,-2.056474435570081
2026-09-24,4,Bread plain (Small Size),Each,100.0,119.99,140.0,119.91,110.12,0.07,8.96,112.09,109.13,2.960000000000008,2.7123614038303145
2026-09-24,5,Beef with Bone (Average Quality),1 Kg,1000.0,1274.0,1600.0,1270.24,1125.26,0.3,13.22,1170.7,1034.77,135.93000000000006,13.136252500555685
2026-09-24,6,Mutton (Average Quality),1 Kg,1800.0,2399.22,3000.0,2391.85,2072.78,0.31,15.75,2157.14,1965.06,192.07999999999993,9.774765147120192
2026-09-24,7,Chicken Farm Broiler (Live),1 Kg,300.0,340.63,390.0,338.18,349.39,0.72,-2.51,385.92,420.4,-34.47999999999996,-8.201712654614653
2026-09-24,8,Milk fresh (Un-boiled),1 Ltr,170.0,218.89,280.0,218.59,202.48,0.14,8.1,204.78,197.12,7.659999999999997,3.8859577922077904
2026-09-24,9,Curd (Dahi) Loose,1 Kg,190.0,255.85,400.0,255.17,237.09,0.27,7.91,240.43,230.31,10.120000000000005,4.394077547653168
2026-09-24,10,Powdered Milk NIDO 390 gm Polybag,Each,1100.0,1153.22,1200.0,1152.7,1099.31,0.05,4.9,1123.76,1034.91,88.84999999999991,8.585287609550576
2026-09-24,11,Eggs Hen (Farm),1 Dozen,230.0,257.66,280.0,252.56,315.75,2.02,-18.4,285.7,290.19,-4.490000000000009,-1.5472621385988532
2026-09-24,12,Mustard Oil (Average Quality),1 Kg,480.0,566.6,720.0,566.82,537.6,-0.04,5.39,543.98,534.48,9.5,1.7774285286633784
2026-09-24,13,"Cooking Oil DALDA or Other Similar Brand (SN), 5 Litre Tin",Each,3065.0,3089.92,3110.0,3089.92,2879.05,0.0,7.32,2960.42,2800.37,160.05000000000018,5.715316190360568
2026-09-24,14,Vegetable Ghee DALDA/HABIB 2.5 kg Tin,Each,1500.0,1571.29,1580.0,1571.29,1462.58,0.0,7.43,1502.18,1408.25,93.93000000000006,6.66998047221729
2026-09-24,15,Vegetable Ghee DALDA/HABIB or Other superior Quality 1 kg Pouch,Each,590.0,612.71,615.0,612.71,569.29,0.0,7.63,584.15,550.39,33.75999999999999,6.133832373407941
2026-09-24,16,Bananas (Kela) Local,1 Dozen,80.0,140.79,280.0,149.24,130.86,-5.66,7.59,161.48,149.78,11.699999999999989,7.811456803311529
2026-09-24,17,Pulse Masoor (Washed),1 Kg,230.0,263.72,330.0,261.75,294.55,0.75,-10.47,277.24,303.7,-26.45999999999998,-8.712545274942372
2026-09-24,18,Pulse Moong (Washed),1 Kg,270.0,356.38,480.0,356.19,386.91,0.05,-7.89,386.71,377.95,8.759999999999991,2.31776690038366
2026-09-24,19,Pulse Mash (Washed),1 Kg,360.0,459.87,540.0,459.77,447.76,0.02,2.7,452.55,507.5,-54.94999999999999,-10.827586206896541
2026-09-24,20,Pulse Gram,1 Kg,220.0,271.56,340.0,270.63,307.37,0.34,-11.65,271.91,348.88,-76.96999999999997,-22.06202705801421
2026-09-24,21,Potatoes,1 Kg,30.0,51.09,90.0,55.73,84.05,-8.33,-39.21,54.58,85.66,-31.08,-36.28297922017277
2026-09-24,22,Onions,1 Kg,150.0,188.68,280.0,193.36,87.36,-2.42,115.98,81.61,96.52,-14.909999999999997,-15.447575631993374
2026-09-24,23,Tomatoes,1 Kg,90.0,152.34,260.0,176.02,189.97,-13.45,-19.81,102.1,100.95,1.1499999999999915,1.1391778107974204
2026-09-24,24,Sugar Refined,1 Kg,135.0,145.05,160.0,145.38,183.94,-0.23,-21.14,165.93,151.12,14.810000000000002,9.800158814187412
2026-09-24,25,Gur (Average Quality),1 Kg,160.0,229.15,290.0,229.18,247.2,-0.01,-7.3,233.9,213.8,20.099999999999994,9.40130963517305
2026-09-24,26,Salt Powdered (NATIONAL/SHAN) 800 gm Packet,Each,60.0,61.87,80.0,62.43,72.56,-0.9,-14.73,67.32,71.51,-4.190000000000012,-5.8593203747727785
2026-09-24,27,Chilies Powder NATIONAL 200 gm Packet,Each,320.0,372.39,380.0,372.39,320.0,0.0,16.37,344.03,321.81,22.21999999999997,6.904695317112569
2026-09-24,28,Garlic (Lehsun),1 Kg,200.0,388.61,600.0,382.62,400.74,1.57,-3.03,423.98,538.57,-114.59000000000003,-21.276714261841548
2026-09-24,29,Tea Lipton Yellow Label 190 gm Packet,Each,447.0,465.31,469.42,465.31,447.06,0.0,4.08,447.06,509.02,-61.95999999999998,-12.172409728497897
2026-09-24,30,Cooked Beef at Average Hotel,Per Plate,200.0,322.61,450.0,322.44,314.99,0.05,2.42,315.62,297.24,18.379999999999995,6.183555376127032
2026-09-24,31,Cooked Daal at Average Hotel,Per Plate,130.0,175.77,260.0,175.77,167.47,0.0,4.96,168.69,160.91,7.780000000000001,4.8350009321981275
2026-09-24,32,Tea Prepared Ordinary,Per Cup,50.0,65.97,90.0,65.93,61.71,0.06,6.9,62.9,60.95,1.9499999999999957,3.1993437243642404
2026-09-24,33,Cigarettes Capstan 20'S Packet,Each,240.0,252.63,270.0,252.63,243.02,0.0,3.95,245.1,234.79,10.310000000000002,4.391158056135282
2026-09-24,34,"Long Cloth 57"" Gul Ahmed/Al Karam",1 mtr,400.0,688.69,850.0,688.69,660.47,0.0,4.27,665.65,625.57,40.07999999999993,6.406956855347914
2026-09-24,35,Shirting (Average Quality),1 mtr,230.0,544.75,900.0,544.75,502.61,0.0,8.38,516.79,480.39,36.39999999999998,7.577176877120678
2026-09-24,36,Lawn Printed Gul Ahmed/Al Karam,1 mtr,400.0,681.5,900.0,681.5,661.41,0.0,3.04,665.62,622.49,43.129999999999995,6.928625359443515
2026-09-24,37,Georgette (Average Quality),1 mtr,200.0,318.25,490.0,318.25,304.4,0.0,4.55,308.19,292.81,15.379999999999995,5.252552849970968
2026-09-24,38,Gents Sandal Bata,Pair,2499.0,2499.0,2499.0,2499.0,2499.0,0.0,0.0,2499.0,2499.0,0.0,0.0
2026-09-24,39,Gents Sponge Chappal Bata,Pair,699.0,699.0,699.0,699.0,599.0,0.0,16.69,611.98,599.0,12.980000000000018,2.166944908180298
2026-09-24,40,Ladies Sandal Bata,Pair,1499.0,1499.0,1499.0,1499.0,1399.0,0.0,7.15,1412.48,1185.21,227.26999999999998,19.175504762869025
2026-09-24,41,Electricity Charges for Q1*,Per Unit,7.66,7.66,7.66,6.45,4.83,18.76,58.59,6.01,5.99,0.019999999999999574,0.3338898163605961
2026-09-24,42,Gas Charges upto 3.3719 MMBTU,MMBTU,2566.5,2566.5,2566.5,2566.5,2566.5,0.0,0.0,2535.14,1976.5,558.6399999999999,28.264103212749802
2026-09-24,43,Firewood Whole,40 Kg,900.0,1502.21,2350.0,1502.21,1356.74,0.0,10.72,1426.49,1273.03,153.46000000000004,12.054704131088826
2026-09-24,44,Energy Saver Philips 14 Watt,Each,240.0,402.11,580.0,402.11,387.5,0.0,3.77,395.67,380.66,15.009999999999991,3.9431513686754442
2026-09-24,45,Sufi Washing Soap 250 gm Cake,Each,130.0,143.95,160.0,143.11,132.84,0.59,8.36,133.98,130.71,3.269999999999982,2.5017213679136887
2026-09-24,46,Match Box,Each,5.0,6.31,7.0,6.31,6.24,0.0,1.12,6.24,6.22,0.020000000000000462,0.32154340836012807
2026-09-24,47,Petrol Super,Per Litre,390.12,392.07,394.71,393.41,265.82,-0.34,47.49,294.18,256.66,37.51999999999998,14.618561521078448
2026-09-24,48,Hi-Speed Diesel,Per Litre,414.75,416.84,420.96,423.47,274.6,-1.57,51.8,306.35,261.39,44.960000000000036,17.200351964497514
2026-09-24,49,LPG 11.67 kg Cylinder,Each,4668.0,5044.23,5750.0,4967.05,3076.23,1.55,63.97,3683.9,3235.35,448.5500000000002,13.86403325760736
2026-09-24,50,Telephone Call Charges,Per Minute,1.79,1.79,1.79,1.79,1.79,0.0,0.0,1.79,1.79,0.0,0.0
2026-09-24,51,Toilet Soap LIFEBUOY 115 gm,Each,116.17,130.82,136.02,129.66,115.06,0.89,13.7,114.99,108.15,6.839999999999989,6.3245492371705865
